Username,average_bet,max_bet,bet_volatility,total_sessions,win_rate,total_profit,loss_chase_rate
----------------,0.00775,0.009000000000000001,0.0015612494995996,1,0.6666666666666666,-0.005475,0.0
--dilib--,0.1580625,0.56775,0.1951123646041649,3,0.25,-0.6507225,0.2
-31337-,0.024375,0.04125,0.01948557158514987,1,0.75,-0.025125,0.0
-Nothing-,0.2421576923076923,2.25,0.4673860814772449,22,0.6461538461538462,-2.3405175000000003,0.43478260869565216
-Tachyon,0.7686,1.593,0.6703276624159262,1,0.8,-1.12074,0.0
-Y-,0.012,0.015000000000000001,0.004242640687119285,1,0.0,-0.024,0.0
-ZYBERPH-,0.75,0.75,0.0,1,1.0,0.165,0.0
-_-TUYUL-_-,0.0228,0.0855,0.03518851019864297,1,0.2,-0.0687225,0.25
-__---,16.331781250000002,70.33500000000001,20.26176013888259,15,0.7916666666666666,50.45718749999999,0.6
-i_,0.0022500000000000003,0.0037500000000000003,0.002121320343559643,1,1.0,0.0007199999999999999,0.0
-mdK,3.75,3.75,0.0,1,1.0,1.4901224999999998,0.0
-t-,0.15888888888888889,0.83325,0.27027555679817605,10,0.4074074074074074,3.0190874999999995,0.4666666666666667
-tuyul-,0.017249999999999998,0.1365,0.03090344199717448,5,0.30434782608695654,-0.23627250000000002,0.3125
-xAx-,0.009857142857142858,0.0375,0.013489082887389236,7,0.5714285714285714,0.0010725000000000036,0.0
0-----_-----0,1.6875,3.75,1.7325919888998678,3,0.5,1.230855,1.0
010101,15.115250000000001,44.52075,25.46814635849064,1,0.6666666666666666,-43.752,0.0
01010100b,0.006767045454545455,0.015000000000000001,0.0030795639826876847,9,0.7045454545454546,0.017219999999999996,0.23076923076923078
015ka,0.19999999999999998,0.375,0.1272771582020906,2,0.3333333333333333,-0.548745,0.5
01Nov,0.165,0.165,0.0,1,0.0,-0.165,0.0
03K75,0.875,1.5,0.57282196186948,2,1.0,1.05888,0.0
0on97,3.6666666666666665,7.5,1.7365554986812255,7,0.4444444444444444,-13.59858,0.0
0x0,0.07556249999999999,0.3,0.149625,4,0.25,-0.3012225,0.0
0x22B,0.1875,0.1875,0.0,1,0.0,-0.1875,0.0
1000yen,0.0021000000000000003,0.006,0.0016881943016134136,4,0.7,-0.0043575,0.0
1017738,2.258,3.75,1.9707085020367674,2,1.0,0.7654500000000001,0.0
1017FickSquad,0.09749999999999999,0.22499999999999998,0.11048189896992176,2,0.6666666666666666,-0.17090999999999998,0.0
10__________10,0.44999999999999996,0.44999999999999996,0.0,1,0.0,-0.44999999999999996,0.0
11-1,0.008625,0.015000000000000001,0.009015611460128482,2,1.0,0.01026,0.0
1213141516171819,0.004125,0.006,0.0026516504294495534,1,0.0,-0.00825,1.0
1225,0.7980164233576642,22.4025,2.7237830069141014,30,0.6131386861313869,-3.3197850000000018,0.6037735849056604
12T,0.35925,0.42,0.08591347391416548,2,0.0,-0.7185,1.0
12alexei12,0.005464285714285715,0.007500000000000001,0.0029626799569768803,3,0.7857142857142857,-0.014085000000000002,0.3333333333333333
136,0.15,0.15,0.0,1,1.0,0.056182499999999996,0.0
1981hyunjun,0.125,0.15,0.04330127018922193,1,0.3333333333333333,-0.0262275,1.0
19Sebastian,0.0225,0.0225,0.0,1,1.0,0.0027225,0.0
1Chance,7.625,18.75,9.781200079744817,3,1.0,6.902205,0.0
1basicperson,2.0625,2.25,0.2651650429449553,1,1.0,3.87348,0.0
1mbitdream,24.377249999999997,24.377249999999997,0.0,1,1.0,7.313175,0.0
1ozweed,1.0875000000000001,3.0,1.028074656822159,5,0.3333333333333333,-0.5114775000000007,1.0
207Clark,0.018625,0.07575,0.026685350935400014,6,0.9166666666666666,0.016589999999999997,0.0
20bn,1.875,1.875,0.0,1,1.0,2.8900875,0.0
224455,0.05512499999999999,0.09749999999999999,0.03869835267811796,3,0.5,0.16932750000000002,0.0
2273,0.0037500000000000003,0.0037500000000000003,0.0,1,1.0,0.0002925,0.0
2340,0.15,0.15,0.0,1,0.0,-0.15,0.0
25redswin,0.0025,0.006,0.003031088913245535,2,0.3333333333333333,-0.0063375,1.0
27smouc27,0.075,0.075,0.0,1,0.0,-0.075,0.0
28Anton,0.0015000000000000002,0.0015,0.0,2,0.6666666666666666,0.0015,0.0
28UG,11.625,22.5,15.379572490807409,1,1.0,1.5257399999999999,0.0
2n6n8n8,41.63025,83.19,58.77436209883523,1,0.5,32.746545,0.0
300Goal,1.23825,4.5,1.944572253736024,3,0.0,-6.19125,0.75
3777,0.0135,0.0255,0.01697056274847714,2,1.0,0.04506,0.0
41945897,1.044675,7.5,2.2934346091070483,7,0.8,-6.975075,0.5
44jew,0.5625,0.5625,0.0,1,1.0,0.331605,0.0
4_2_0,0.326125,1.875,0.7589453661166922,3,0.3333333333333333,1.86411,0.6666666666666666
4eldobrek,0.003,0.012,0.0050311529493745274,1,0.6,-0.0121725,0.0
4fIGHty,5.446129518072289,157.5,21.235741519467798,27,0.3373493975903614,46.98852749999999,0.5
4head,2.025,3.75,2.439518395093589,2,0.5,0.22500000000000003,0.0
4loko,0.975,0.975,0.0,1,1.0,0.0800025,0.0
4uvak_Eto_Rep4ik,4.5,4.5,0.0,1,0.0,-4.5,0.0
5tupid8ot,0.06375,0.06375,0.0,1,0.0,-0.06375,0.0
7013145,0.00725,0.01575,0.007697402159170326,1,0.6666666666666666,0.041805,1.0
741741,0.003,0.003,0.0,1,1.0,8.999999999999999e-05,0.0
7773,3.1875,5.25,2.9168154723945086,1,0.5,-4.5559575,0.0
777DiM4Ik777,0.194625,0.75,0.3702532072784786,4,0.5,0.16822499999999999,1.0
7LsW41klO,0.0022500000000000003,0.0037500000000000003,0.002121320343559643,2,1.0,0.0015,0.0
7bhnk,0.759375,1.5,1.0474019196325735,1,1.0,0.7910400000000002,0.0
7lava,0.0193125,0.075,0.03358082600234842,4,1.0,0.0232575,0.0
7yffar,0.15375,0.3,0.20682873349706513,1,0.5,0.3195,0.0
8illy8unny,18.993000000000002,24.0,7.080967306802088,1,1.0,32.786204999999995,0.0
917,0.0975,0.105,0.010606601717798217,2,0.0,-0.195,0.0
945k,0.00825,0.00825,0.0,1,1.0,0.0004125,0.0
96dacker,2.25,3.75,2.1213203435596424,1,1.0,0.4639275,0.0
999DRAGON999,0.028032178217821786,0.672,0.09852207660828065,31,0.297029702970297,-0.39682500000000026,0.4857142857142857
999_,0.22999999999999998,0.2565,0.037178622890042604,2,1.0,0.1822425,0.0
9Gramm,2.0625,3.75,2.386485386504598,2,0.5,0.0,0.0
ADM,0.683203125,3.75,1.219214894986216,12,0.6875,-2.1266175,0.0
AEVCOM,0.003,0.003,0.0,1,0.0,-0.003,0.0
AKKI,2.87775,19.16625,5.618721426726356,10,0.35714285714285715,-35.970555,0.5555555555555556
AL3X,1.125,1.125,0.0,1,1.0,0.045,0.0
ALFREDNATION,1.25,3.0,0.9968701018688443,3,0.8333333333333334,0.37479749999999995,1.0
ALIEN_SULACO,0.02679807692307692,0.22499999999999998,0.059088028365768354,11,0.038461538461538464,-0.40425,0.2916666666666667
ALT-delete,0.195,0.315,0.16970562748477142,2,1.0,0.02325,0.0
AMG360,0.0255,0.045,0.027577164466275353,2,0.0,-0.051,1.0
AMG81,0.0047,0.03375,0.008646944134036189,6,0.8666666666666667,0.09646499999999998,0.5
ANK_oco,0.9375,1.5,0.795495128834866,2,0.5,-1.48125,0.0
ARCNET,1.10925,1.10925,0.0,1,1.0,0.1663875,0.0
ARMAGEDON2020,0.03333333333333333,0.19575,0.044044830745328285,11,0.5185185185185185,-0.08288250000000001,0.5833333333333334
ARTEMMMMMMM,0.17882142857142855,0.375,0.15153456112150032,4,0.8571428571428571,0.21768,1.0
ASHYR,0.75,0.75,0.0,1,1.0,0.26582999999999996,0.0
Abaseen,3.0,3.75,1.0606601717798212,2,1.0,0.40856249999999994,0.0
Abdi90,0.83325,0.83325,0.0,1,1.0,0.3398325,0.0
Abegail,0.0195,0.0375,0.02545584412271571,2,1.0,0.023264999999999997,0.0
Aberam08,0.011250000000000001,0.015000000000000001,0.0037500000000000003,2,0.6666666666666666,0.008040000000000002,1.0
AbortedEmbryo,0.5360937499999999,15.0,2.3640285022903087,9,0.8958333333333334,2.5265625,0.0
AceManagement,1.4000000000000001,3.0,1.4817641512737445,2,0.3333333333333333,-2.445,0.5
Aces,7.5,7.5,0.0,1,0.0,-7.5,0.0
AcidMath,0.10687500000000001,0.2025,0.1352341719019272,1,1.0,0.0267375,0.0
Ackaron,0.0325188679245283,0.7725000000000001,0.1104274567073226,9,0.05660377358490566,-1.61064,0.5102040816326531
Ackaron76,0.016598684210526318,0.18975000000000003,0.030522534815754537,12,0.19736842105263158,-0.6754275,0.47540983606557374
Adam_Smitt,0.0103125,0.02475,0.010198805077066627,4,1.0,0.00684,0.0
Adaptation,0.0828,0.255,0.08126742253521545,7,0.9666666666666667,0.2928075,0.0
Addict3d,0.9687672413793103,1.6845,0.1443015959197104,16,0.20689655172413793,116.4463275,0.45454545454545453
Adinoza,1.3125,2.25,1.3258252147247767,2,1.0,0.25875,0.0
AdmiralNelson18,0.0043125,0.006,0.001125,1,1.0,0.0047475,0.0
Aelear,0.11249999999999999,0.11249999999999999,0.0,1,0.0,-0.11249999999999999,0.0
Aerotos,0.0225,0.0225,0.0,1,1.0,0.0116175,0.0
Aerozzz,0.075,0.075,0.0,1,0.0,-0.075,0.0
Aeschylus,0.4875,0.975,0.46987365323031255,2,1.0,0.382005,0.0
AfterHours,13.8375,22.5,12.250624984056937,2,1.0,13.5132075,0.0
Agent_Pupus,0.00375,0.00825,0.003968626966596886,3,0.6666666666666666,0.006719999999999999,0.0
Aikas,0.13558928571428572,1.54575,0.406170975830552,4,0.9285714285714286,0.0780825,0.0
Ainur999,0.0395625,0.075,0.025744234791502348,3,0.5,0.18514499999999998,0.5
Ajay,0.003,0.003,0.0,1,1.0,0.00045,0.0
Ajjaj,22.5,22.5,0.0,1,0.0,-22.5,0.0
Ajzfern,0.02175,0.02175,0.0,1,0.0,-0.02175,0.0
Akeno,0.4135714285714286,3.75,1.0364809519408755,6,0.6428571428571429,0.3637875,0.2
AksDe97,0.12000000000000001,0.12000000000000001,0.0,1,1.0,0.13404,0.0
AlPo,0.0099375,0.11249999999999999,0.024456846393726143,9,0.85,0.04601999999999999,0.3333333333333333
Alalay_ng_Panday,2.625,2.625,0.0,1,0.0,-2.625,0.0
Albert1985,0.013487704918032787,0.192,0.035978246501344055,15,0.4262295081967213,-0.32479500000000006,0.3235294117647059
AlbiAlbo,0.015000000000000001,0.015000000000000001,0.0,1,1.0,0.00075,0.0
Aleks-rdx,0.44037499999999996,2.3325,0.9302899648765433,3,0.0,-2.6422499999999998,0.6
Aleks1976,0.011625,0.0225,0.015379572490807408,1,0.5,0.010499999999999999,0.0
Aleks8,0.04425,0.04425,0.0,1,1.0,0.0054525,0.0
Alekss1,0.00834375,0.03525,0.00813268866980656,6,0.0625,-0.017534999999999995,0.5714285714285714
Alekss11,0.010666666666666666,0.084,0.01920343872392467,5,0.0,-0.192,0.47058823529411764
Alerithe,0.00525,0.00675,0.002121320343559642,1,1.0,0.0018,0.0
Alex2016,5.199794117647058,75.0,18.03941326288152,6,0.5294117647058824,-9.633262499999999,0.42857142857142855
Alex8690,0.3,0.3,0.0,1,0.0,-0.3,0.0
AlexBred,0.007500000000000001,0.007500000000000001,0.0,1,1.0,0.017235,0.0
AlexK08,0.001,0.0015,0.0004330127018922194,3,0.0,-0.003,0.0
AlexLor2016,0.0015,0.0015,0.0,1,0.0,-0.0015,0.0
AlexanderL2552,1.268804347826087,15.0,3.254631382699578,5,0.391304347826087,21.0515775,0.5
Alexy,194.9446914893617,750.0,275.3827440298666,12,0.46808510638297873,-1098.9206325,0.52
AliasDk,0.00075,0.00075,0.0,1,0.0,-0.00075,0.0
Alice68,0.878625,14.460749999999999,3.390875449004543,8,0.2222222222222222,-14.9397375,0.38461538461538464
AlienTvPL,0.001,0.003,0.0007500000000000001,4,1.0,0.002085,0.0
Alight,3.75,3.75,0.0,1,0.0,-3.75,0.0
Alisher,0.03225,0.08325,0.044173662967881666,3,0.6666666666666666,0.007627500000000001,1.0
Allex_Fast,0.00475,0.006,0.0011456439237389601,2,0.6666666666666666,-0.0025575000000000003,1.0
Almero92,0.49875,0.8250000000000001,0.4613871747242223,2,1.0,0.083625,0.0
Alvein,0.7575,1.5,0.7387785527477094,3,0.6666666666666666,0.68175,1.0
Alyschu,0.6,0.6,0.0,1,0.6666666666666666,-0.03078000000000003,0.0
AmericanNinja,0.1658181818181818,2.4,0.5035949642192752,9,0.36363636363636365,-0.12439500000000009,0.5
Amiri220,0.009983333333333334,0.13725,0.018040209458411807,16,0.4222222222222222,-0.07072500000000001,0.39215686274509803
AnAcHiE99,0.23249999999999998,0.44999999999999996,0.3075914498161481,1,1.0,0.260985,0.0
AndKs,0.038625,0.075,0.03163364506344471,3,0.25,-0.1379775,0.5
And_Smi,0.02725,0.036000000000000004,0.008627716963368701,2,0.3333333333333333,-0.06206250000000001,1.0
AndreaEbbasta,0.5625,0.75,0.2651650429449553,2,0.5,-0.126795,0.0
Andrew12064,0.6000000000000001,0.8250000000000001,0.3181980515339465,1,0.5,-0.30061499999999997,1.0
Androcles,0.6910714285714287,3.75,1.3503918082224453,2,0.8571428571428571,1.3319249999999998,0.0
Androidtlt,0.011699999999999999,0.0375,0.01388434370072997,6,0.9,-0.0006225000000000002,1.0
Andromeda,0.4161923076923077,1.575,0.5848433653716444,9,0.8461538461538461,-0.08052000000000001,1.0
Andycarr,0.4046052631578948,3.3000000000000003,0.7451232015756295,4,0.9473684210526315,-2.6793750000000003,0.0
Ang3l0000,0.09375,0.19349999999999998,0.06734148053020515,2,0.6,1.0744725,0.5
Angel777fire,0.004685064935064935,0.363,0.030356982878291437,26,0.43506493506493504,-0.333435,0.20689655172413793
AngelicDevil,0.075,0.075,0.0,1,0.0,-0.075,0.0
Aniketdas,0.045,0.045,0.0,1,1.0,0.005985,0.0
Annakent,0.0323235294117647,0.6495,0.10207466990049059,10,0.1568627450980392,-0.9273299999999998,0.5
Annnna,1.93125,3.75,2.5721009165660664,2,1.0,0.5426325,0.0
Annonymous,0.01025,0.01575,0.004763139720814413,2,1.0,0.0010725,0.0
Anon12312,0.050499999999999996,0.11249999999999999,0.04865567798315012,3,0.8333333333333334,0.06292500000000001,0.0
Anonypaeng,0.0015,0.0015,0.0,1,1.0,0.00017250000000000002,0.0
Aochoa127,1.35045,5.09175,2.1401232324331234,2,0.8,0.2573850000000001,1.0
ApithBot,30.006,30.006,0.0,1,0.0,-30.006,0.0
Appeltaart,1.0119999999999998,1.42125,0.3590349042920479,1,1.0,3.8412450000000002,0.0
Appiddlx19,0.00075,0.00075,0.0,1,0.5,-0.0005025,0.0
AppleSawce,0.056249999999999994,0.056249999999999994,0.0,1,0.0,-0.056249999999999994,0.0
Archie2015,0.16875,0.1875,0.026516504294495525,1,0.5,-0.1473075,0.0
ArhtuBan,31.005000000000003,31.005000000000003,0.0,1,0.0,-31.005000000000003,0.0
ArinaAra,8.60475,25.439999999999998,14.580514246332328,1,0.6666666666666666,8.42751,0.0
Arkantos,0.00534375,0.030000000000000002,0.010113584834977443,3,1.0,0.002145,0.0
ArminiusII,0.375,0.375,0.0,1,1.0,0.05509499999999999,0.0
Arrakis,0.004875000000000001,0.00525,0.0005303300858899108,1,1.0,0.0048375,0.0
Arrogance,1.02075,1.02075,0.0,1,1.0,1.045185,0.0
Arszilla,0.017166666666666667,0.0825,0.021373086429652872,7,0.3888888888888889,0.295005,0.7
Aryugex,0.8918333333333334,3.75,1.2712482546694017,4,0.4444444444444444,-5.925187500000001,0.25
Ashburnc55,2.25,2.25,0.0,1,1.0,2.25,0.0
Ashikune,0.24965094339622643,1.08,0.21063643451969513,9,0.8490566037735849,-0.5811525000000001,0.25
AsianCanadians,1.2692307692307692,7.5,2.7715284938653784,2,1.0,1.9316175,0.0
AsmodeY,0.0015,0.0015,0.0,1,0.0,-0.0015,0.0
Atherial,0.0825,0.0825,0.0,1,1.0,0.07784250000000001,0.0
Aurelion,0.17250000000000001,0.17250000000000001,0.0,1,1.0,0.0069,0.0
AutoRobot,0.38437499999999997,0.7507499999999999,0.5181324939144426,1,1.0,0.07805999999999999,0.0
AwkTurtle,0.010923913043478261,0.1485,0.030019447747801818,6,0.34782608695652173,-0.20682,0.21428571428571427
Axelarr,0.0053750000000000004,0.015000000000000001,0.005759231719595939,3,0.8333333333333334,-0.00426,1.0
Axman,2.994,5.25,3.1904657967137022,2,0.5,1.1520000000000001,1.0
Axolotl,0.19499999999999998,0.19499999999999998,0.0,1,0.0,-0.19499999999999998,0.0
Ayaanu,0.075,0.075,0.0,1,0.0,-0.075,0.0
Aysuh,1.5,1.5,0.0,1,1.0,0.2201625,0.0
AyyVinny,1.7550000000000001,3.75,1.8283701758670206,4,0.4,-2.7607875,0.3333333333333333
Azorot,0.2605,0.375,0.19831981746663643,1,0.6666666666666666,0.2875725,0.0
Azymis,4.875,4.875,0.0,1,1.0,3.2175000000000002,0.0
B0N6K4R,2.25,2.25,0.0,1,1.0,3.0181199999999997,0.0
B3asT,0.75,0.75,0.0,1,0.0,-0.75,0.0
BANTSOT07,0.22499999999999998,0.22499999999999998,0.0,1,1.0,0.228015,0.0
BAUNTY,1.20075,2.4,1.695995614675934,1,0.0,-2.4015,1.0
BBaGGu,0.0615,0.0615,0.0,1,0.0,-0.0615,0.0
BELTHAZAR,0.5599999999999999,1.5,0.8162720134857008,3,0.0,-1.68,0.5
BOCbMOu,0.04363636363636365,0.25275000000000003,0.0743164991469226,8,0.6363636363636364,0.07776,1.0
BOOJA,32.296875,112.5,31.680990455634433,10,0.125,-346.4895375,0.5384615384615384
BRO33,0.10302,2.25,0.44783546504268723,13,0.72,2.2984275000000003,0.5
BRO90,0.028499999999999998,0.075,0.032363173515587124,3,0.25,-0.11277,0.3333333333333333
Baalzebul,1.5493750000000002,7.5,2.9361656277788555,3,0.8333333333333334,2.859555,0.0
Babah,0.5207142857142857,3.75,0.9980685812393569,8,0.7142857142857143,1.22064,0.75
Babuan12345,0.026776654411764706,0.75,0.06525753676215412,40,0.48161764705882354,-0.8566874999999999,0.30714285714285716
BabyBackBitch,3.5439642857142855,4.5,1.751097515539489,3,0.8571428571428571,-0.4002525000000001,0.0
BabyBudz,0.1815625,1.37175,0.3755730337673111,3,0.6666666666666666,-1.497165,0.75
Baca,0.004125,0.007500000000000001,0.004772970773009196,2,1.0,0.000825,0.0
BadaysCrib,0.22087499999999996,0.8999999999999999,0.3407786580025222,2,0.3333333333333333,0.7917674999999998,0.3333333333333333
Badgamer,2.7906,11.625,4.9830805532321065,3,0.6,-11.223885,1.0
Bahong,0.034,0.10875,0.039506328606946,5,0.5,-0.04723500000000001,0.0
BaitableHF,0.44999999999999996,0.44999999999999996,0.0,1,0.0,-0.44999999999999996,0.0
BallinForARari,0.75375,1.5,1.0553568709209222,2,1.0,0.2953125,0.0
BamMargera,1.1387500000000002,3.0,1.6167196533412957,2,0.3333333333333333,-2.9952975,1.0
Bambr,0.36074999999999996,3.0,0.8816915914876358,6,0.36363636363636365,2.1742649999999997,0.5714285714285714
Bananonymous2,0.16996875,1.242,0.4339331630048079,3,0.375,0.00046499999999999667,0.75
BangBros,0.32967857142857143,0.375,0.04587453775555362,2,0.8571428571428571,0.21666000000000002,1.0
Bangs,1.4353965517241378,7.5,2.2214048528276553,9,0.3793103448275862,-12.387405000000001,0.5882352941176471
BaoBa,15.0,15.0,0.0,1,1.0,15.394214999999999,0.0
BapeOverSupreme,0.0186,0.07425,0.02030024630392449,5,0.7,-0.002542500000000003,1.0
Barilla,1.89375,3.75,2.6251339251550574,1,1.0,0.25353749999999997,0.0
Barmalei68,0.0015,0.0015,0.0,1,0.0,-0.0015,0.0
Barni,1.18471875,7.5,2.6002896316615933,5,0.375,0.4573725,0.6
BarvazT,0.021,0.021,0.0,1,0.0,-0.021,0.0
Basotik,0.18789,3.0,0.5915098974235342,9,0.8,-3.321405,0.4
Bator,0.0025499999999999997,0.024,0.004208673310496166,16,0.9,0.01119,0.0
Bator2,0.0012900000000000001,0.012,0.0017345234009869769,20,0.92,0.007957500000000001,0.0
BatsBanaantje123,0.007500000000000001,0.007500000000000001,0.0,1,1.0,0.000675,0.0
Bazarok,0.01125,0.01125,0.0,1,1.0,0.0011250000000000001,0.0
BeansDaddy12,0.001875,0.003,0.0012323757543866239,2,0.8333333333333334,-0.001095,0.0
BearFawker,0.007500000000000001,0.007500000000000001,0.0,1,1.0,0.003465,0.0
BeatsByNav,0.378625,1.1744999999999999,0.4419027537252964,3,0.6666666666666666,-0.44752499999999995,0.0
Beggar_King,20.625,37.5,23.86485386504598,2,0.0,-41.25,1.0
Begin,0.14100000000000001,0.24000000000000002,0.09267888108949093,3,0.8,0.338535,1.0
Bekka,0.056999999999999995,0.09749999999999999,0.036031236448392935,2,1.0,0.217695,0.0
BelieveInMe,0.75,0.75,0.0,1,1.0,0.0212475,0.0
Benm2191,0.0030000000000000005,0.00525,0.0022500000000000003,1,0.3333333333333333,0.006090000000000001,1.0
Berlusconi,0.09,0.09,0.0,1,0.0,-0.09,0.0
BernieBro,0.22499999999999998,0.22499999999999998,0.0,1,0.0,-0.22499999999999998,0.0
Beshlyaga,0.00255,0.00525,0.0016431676725154984,2,0.8,0.05679750000000001,0.0
Best777,0.015000000000000001,0.015000000000000001,0.0,1,1.0,0.003,0.0
BetsLLC,3.75,3.75,0.0,1,0.0,-3.75,0.0
Bhumitsolanki,1.475,7.5,2.296090427226245,5,0.4444444444444444,1.775055,0.4
BiGaLPaL,0.0493125,0.24375,0.08166693027168341,11,0.3125,-0.35742,0.36363636363636365
Biapong,1.18725,1.18725,0.0,1,0.0,-1.18725,0.0
Bicarp,0.36107142857142854,1.125,0.36128490933650376,3,0.7142857142857143,-0.785775,0.0
BigMama,0.064125,0.375,0.1264507244514072,5,0.125,0.6557850000000001,0.3333333333333333
Bigbar,0.0425,0.08325,0.03820094894109307,3,0.6666666666666666,0.02096250000000001,0.0
BiggestMom,0.048,0.057,0.012727922061357857,1,1.0,0.08252999999999999,0.0
Bigmen,0.075,0.075,0.0,1,1.0,0.076635,0.0
BildungIstSuper,0.0025,0.00525,0.002410912690248239,2,0.6666666666666666,-0.0002925,1.0
BillGatesBTC,4.5,4.5,0.0,1,0.0,-4.5,0.0
Bill_K,0.24449999999999997,2.025,0.5227743640561248,5,0.6,-2.0104425,0.16666666666666666
Billionaire,9.11915625,41.4,13.39148413367448,7,0.25,138.89061750000002,0.6
BitBoyBroker,0.0072352941176470585,0.056249999999999994,0.013993433333910165,7,0.17647058823529413,0.36481500000000006,0.46153846153846156
BitBusterz,1.5,1.5,0.0,1,0.0,-1.5,0.0
BitCoinGoals,0.40537500000000004,0.4185,0.01856155300614681,2,0.0,-0.8107500000000001,1.0
BitTac,0.005750000000000001,0.012,0.005528336096873995,2,0.3333333333333333,-0.014212500000000001,0.0
BitTester,0.00975,0.01875,0.012727922061357855,2,0.5,-0.00018749999999999995,0.0
BitWizards134x,0.09721153846153846,0.15,0.05512333199988214,4,0.6153846153846154,-0.36309749999999996,0.2
BitWizards5x,0.023659090909090907,0.12075000000000001,0.03931225520230185,6,0.09090909090909091,-0.20743500000000004,0.5
Bitbank1424,0.375,0.375,0.0,1,0.0,-0.375,0.0
BitcoBumer,0.0034850000000000003,0.02475,0.0041455513068328915,27,0.21333333333333335,-0.22753500000000002,0.15254237288135594
BitcoinBlu,15.0,15.0,0.0,1,1.0,2.1397125,0.0
BitcoinWizards,0.38242187499999997,0.975,0.3254352901501817,17,0.625,-2.8330124999999997,0.17647058823529413
Bitcowner,0.029249999999999998,0.04275,0.012070107704573313,1,0.3333333333333333,0.04056000000000001,0.5
BlackCoupon,0.202171875,1.2225,0.35147488908348773,8,0.4375,-0.11428499999999997,0.5555555555555556
BlackShadow,1.429485294117647,7.5,1.7187256423086879,20,0.8431372549019608,6.1091775,0.625
Blackshadow007,0.20625,0.84,0.2850578230815636,2,0.9090909090909091,-0.36419999999999997,0.0
Blackwheel,1.117725,2.41725,0.7391785178493758,9,0.2,-4.3223025,0.5714285714285714
Blarg,0.05227941176470589,0.81,0.19531286764671285,3,0.8823529411764706,0.164235,0.0
BlizzardOBahs,8.625,15.0,9.015611460128481,1,1.0,3.2024999999999997,0.0
Block4o,0.026285714285714287,0.14400000000000002,0.030247860018756467,6,0.9523809523809523,-0.12301500000000003,0.0
Bloodaggie,0.045,0.045,0.0,1,1.0,0.009982500000000002,0.0
Bloodpawn3,0.1940625,0.49124999999999996,0.2263694781214994,3,0.75,0.8051550000000001,1.0
BluGz,0.625,0.75,0.21650635094610965,3,0.6666666666666666,-0.2894625,0.0
BluePixel33,0.033625,0.09375,0.03012505186717527,4,0.5,-0.1151775,0.5
BlueSalmon,0.01425,0.01425,0.0,1,1.0,0.0018525,0.0
BobbyD,0.54,1.5,0.8330403651684594,2,0.6666666666666666,0.073125,1.0
Bocah_Liar,0.7118333333333333,14.76825,2.8435927344510983,12,0.2962962962962963,4.8832125,0.3888888888888889
Bodster96,0.02225735294117647,0.18,0.04062930561305387,16,0.4117647058823529,-0.218805,0.5263157894736842
Bond027,0.2926875,0.75,0.31190826475904737,2,0.75,0.01868249999999999,0.0
BoolinAtTheBondo,0.0375,0.0375,0.0,1,1.0,0.004875,0.0
Boom228,0.07575,0.15,0.10500535700620231,2,0.0,-0.1515,0.0
Boooom,0.75,0.75,0.0,1,1.0,0.24000000000000002,0.0
Borsergey,0.011929687500000001,0.01725,0.004801811811533966,14,0.875,-0.010785,0.5
Borysik99,0.7999999999999999,1.5,0.6763874629234342,2,0.6666666666666666,0.43063500000000005,1.0
BostaBit,0.075,0.075,0.0,1,1.0,0.0084525,0.0
Br1an,0.0375,0.0375,0.0,1,0.0,-0.0375,0.0
BrOkEnSiL,0.00625,0.0105,0.003290611645272046,4,0.8888888888888888,0.0069525,1.0
Brabus111,0.00075,0.00075,0.0,1,1.0,0.0007575,0.0
Brak,0.75,0.75,0.0,1,1.0,0.79647,0.0
Bram2,0.075,0.075,0.0,1,0.0,-0.075,0.0
Brat1,0.0855,0.0855,0.0,1,1.0,0.096705,0.0
Bratuha,0.004125,0.00675,0.0018874586088176875,1,0.25,-0.0134175,0.0
Bratushka,0.028874999999999998,0.0375,0.017249999999999998,1,0.5,-0.018,0.5
Breadstick,1.5,1.5,0.0,1,0.0,-1.5,0.0
BreakfastBowls,0.18830357142857143,0.375,0.14451364649999415,10,0.6428571428571429,0.45306750000000007,0.6
BreakingBenjamin,0.12525,0.1755,0.07106423150924802,1,0.5,-0.02586,0.0
BreakingTheHabit,0.00075,0.00075,0.0,1,1.0,0.0002625,0.0
Breh,0.0030000000000000005,0.006,0.002704163456597992,2,0.0,-0.009000000000000001,0.5
Brennan,1.25,1.5,0.3872983346207417,2,1.0,0.8055599999999999,0.0
BroWatchaDoin,94.5,255.00000000000003,108.01388799594245,3,0.25,-322.4820075,0.5
BruskG,0.11699999999999999,0.21,0.13152186130069785,1,0.5,-0.20736,0.0
Bryan27,0.007500000000000001,0.007500000000000001,0.0,1,0.0,-0.007500000000000001,0.0
BuSteRbitZ,0.00525,0.01425,0.0032691742076555053,3,0.45454545454545453,0.02531249999999999,0.3333333333333333
Bubba,0.0166875,0.027,0.008935033375906965,5,1.0,0.0094875,0.0
BubbaKush,0.15,0.22499999999999998,0.06123724356957944,2,0.75,-0.0152775,0.0
Buckla,0.002,0.0045000000000000005,0.0013133925536563697,3,0.6666666666666666,0.004545,0.5
Budderman,0.075,0.075,0.0,1,0.0,-0.075,0.0
Buder,0.030000000000000002,0.030000000000000002,0.0,1,1.0,0.06435,0.0
Bue,0.39375,0.75,0.5038135815954151,1,0.0,-0.7875,1.0
Bulldogka,0.011750000000000002,0.030000000000000002,0.015844951877490826,2,0.3333333333333333,-0.030712500000000004,0.5
BullyZ,0.8647499999999999,0.8647499999999999,0.0,1,1.0,0.10377000000000002,0.0
BumbleBeeTC,3.75,3.75,0.0,1,1.0,7.016032499999999,0.0
Buntygarg55,0.00075,0.00075,0.0,1,0.0,-0.00075,0.0
Burnzy,0.007500000000000001,0.007500000000000001,0.0,1,0.0,-0.007500000000000001,0.0
BustDeezNuts991,0.060750000000000005,0.060750000000000005,0.0,1,0.0,-0.060750000000000005,0.0
BustTheBank,1.3318571428571429,4.9995,1.2379440480374824,6,0.9523809523809523,1.7286975,0.0
BustaClick,0.36587142857142857,0.9165,0.25128598199640817,12,0.8571428571428571,-1.166955,0.4
BustaFaux,0.75,0.75,0.0,1,1.0,0.0375,0.0
BustaNut007,14.464285714285714,33.75,8.504200642707612,7,0.7142857142857143,-12.2769525,0.0
BustaYoFace,8.359211538461539,75.0,17.41121964410283,17,0.717948717948718,-17.7019275,0.4
Bustacash,0.008183333333333334,0.31275,0.04644410741564922,12,0.4222222222222222,-0.326115,0.36
Bustachatte,8.7726,37.5,16.20110616362352,3,0.4,8.487,0.5
Bustachattezer,4.828125,16.5,7.8367747870217634,3,0.5,7.361152500000001,0.0
Bustmen,0.8999999999999999,2.4,1.299038105676658,2,0.6666666666666666,2.5227375000000003,0.0
Bustyy,0.075,0.075,0.0,2,0.5,-0.0365025,0.0
Bvoronchikhin,0.01,0.015000000000000001,0.004330127018922194,2,1.0,0.0057150000000000005,0.0
CADEKO,0.07135714285714286,0.33749999999999997,0.11984398339984721,5,0.42857142857142855,0.0530925,0.5
CCCAM,0.004,0.00525,0.00131339255365637,3,0.3333333333333333,0.0018074999999999966,0.0
CIP1,0.3507455357142857,37.5,3.543932137538103,17,0.10714285714285714,3.5746724999999997,0.41414141414141414
CKkio23,0.75,0.75,0.0,1,1.0,0.7629975000000001,0.0
COTHUK,0.042236842105263156,0.22499999999999998,0.05051055126875655,6,0.10526315789473684,3.845805,0.1875
CREAM36CH,0.00075,0.00075,0.0,2,1.0,0.00015000000000000001,0.0
CRuiz78,4.65,26.250000000000004,9.65093907347881,4,0.5714285714285714,2.6738925,0.3333333333333333
CaNteR,0.0022500000000000003,0.0022500000000000003,0.0,1,0.0,-0.0022500000000000003,0.0
Callmedaddy0,0.15,0.15,0.0,1,1.0,0.109455,0.0
CallumKek,0.118125,0.22499999999999998,0.15114407447862452,2,1.0,0.0587925,0.0
CallumShadow,0.44999999999999996,0.44999999999999996,0.0,1,0.0,-0.44999999999999996,0.0
Camille,2.334,2.334,0.0,1,1.0,1.0731225,0.0
Camthebitman,0.45592499999999997,3.0,0.9690782637382802,7,0.3,-4.50591,0.2857142857142857
Candy,0.151,0.7627499999999999,0.3024595427491088,3,0.3333333333333333,-0.89577,0.6666666666666666
CaptainBaconz,0.4008333333333333,1.5,0.5394933966231654,4,0.4444444444444444,-0.19916249999999985,0.6
CaptainJackpot,0.7069038461538462,4.06425,1.1240387816673887,4,0.07692307692307693,-7.228095000000001,0.6363636363636364
Carterack,0.0525,0.075,0.03181980515339463,2,0.0,-0.105,0.0
Caruso,0.003642857142857143,0.00825,0.0023029484207362154,4,0.9523809523809523,0.00135,0.0
Cashguru,0.046125,0.0825,0.05144201833132134,2,1.0,0.10362,0.0
Celena,0.875,2.25,1.1960873713905686,2,1.0,0.49499999999999994,0.0
Chak_Noris,0.0225,0.0225,0.0,1,0.0,-0.0225,0.0
Champagne,6.0,6.0,0.0,1,1.0,3.36,0.0
ChaoticForce,1.4486413043478261,32.48475,6.766436011679134,7,0.391304347826087,7.417627499999999,0.46153846153846156
ChaoticForceta,0.003,0.003,0.0,2,0.5,-0.0022500000000000003,0.0
ChapelleSNL,0.1875,0.1875,0.0,1,1.0,0.03075,0.0
Charles151,0.01565625,0.17925000000000002,0.04062740377503834,12,1.0,0.027255,0.0
Charm2526,0.375,0.375,0.0,1,0.0,-0.375,0.0
Chashoff,0.021964285714285714,0.075,0.02641985860241172,3,0.42857142857142855,-0.0499425,0.3333333333333333
ChasingNyan,4.438833333333333,18.75,7.287251817171889,6,0.3333333333333333,21.727365,0.8333333333333334
ChatSpammer,0.6,0.6,0.0,1,0.0,-0.6,0.0
Cheedaa,0.765,0.765,0.0,1,0.0,-0.765,0.0
Cheepot10,0.017820652173913043,0.114,0.024202884529849273,20,0.8478260869565217,0.035655000000000006,0.3333333333333333
Chelashin,99.21075,480.76800000000003,141.17691098680686,13,0.4666666666666667,111.59191499999997,0.42857142857142855
Cherry168,0.3731875,2.30325,0.6767024333033216,3,0.16666666666666666,-3.839955,0.5555555555555556
Chessj17,0.387,0.522,0.19091883092036785,2,1.0,0.127785,0.0
ChickenFawker,0.0375,0.0375,0.0,1,1.0,0.0159075,0.0
Chieralph15,0.016409090909090908,0.375,0.06455523368420817,7,0.8787878787878788,0.013027499999999997,0.5
Choi-SoonSil,5.308,7.5,1.9052275454653704,2,1.0,4.7033925000000005,0.0
ChokingChicken,0.277277027027027,8.625,1.4175859637168489,11,0.6756756756756757,2.8941975,0.5
Chrisgktian,0.0045000000000000005,0.0045000000000000005,0.0,1,0.0,-0.0045000000000000005,0.0
Chromastone,0.04275,0.04275,0.0,1,0.0,-0.04275,0.0
ChromeProducts_,0.0975,0.6,0.22221906421367182,2,0.7142857142857143,-0.5794125,0.0
Chryses,0.07545,0.72,0.12486649233918164,20,0.5111111111111111,0.35559,0.5909090909090909
Chryses2,0.20514705882352943,1.104,0.28718367188449073,5,0.29411764705882354,-2.6725875,0.36363636363636365
Chryses3,0.11075,0.21525,0.09199150776022752,1,1.0,0.05999999999999999,0.0
Chubydonutz,0.075,0.075,0.0,1,0.0,-0.075,0.0
Chud_leye,7.5,7.5,0.0,1,1.0,0.975,0.0
Chulo,0.22499999999999998,0.22499999999999998,0.0,1,1.0,0.045,0.0
Cjtdelacruz,0.01125,0.01125,0.0,1,1.0,0.006300000000000001,0.0
Claire,14.25,21.0,9.545941546018392,2,1.0,6.2689725,0.0
ClemaX,0.0037500000000000003,0.0037500000000000003,0.0,1,1.0,0.00369,0.0
Clenbank,0.23809615384615385,0.6,0.18996692525886627,5,0.7692307692307693,-0.007994999999999988,0.6666666666666666
ClientUser,0.34959375000000004,2.1375,0.7330560047000404,7,0.75,1.4123625,0.0
ClydeDrexler,0.062625,0.0675,0.0068942911165688365,2,0.0,-0.12525,0.0
Cnaacer,0.44999999999999996,0.44999999999999996,0.0,1,1.0,0.045,0.0
Cnacer,0.22499999999999998,0.22499999999999998,0.0,1,1.0,0.0225,0.0
CoSmIcScreaMz,0.1171875,0.1875,0.05085760056977016,2,1.0,0.05724,0.0
Cocainomane,0.22499999999999998,0.22499999999999998,0.0,1,1.0,0.15921,0.0
Cocco,0.08625000000000001,0.08625000000000001,0.0,1,0.0,-0.08625000000000001,0.0
CoinHunter,0.15,0.15,0.0,1,0.0,-0.15,0.0
CoinMaker,0.026578125,0.12000000000000001,0.032185364006796634,4,0.5625,-0.04870500000000002,0.0
Cola,0.009000000000000001,0.009000000000000001,0.0,1,1.0,0.00117,0.0
Coloflower,0.75,0.75,0.0,1,0.0,-0.75,0.0
Colombian,206.25,375.0,238.64853865045978,2,0.5,42.053520000000006,0.0
CominUp,0.07828125,0.15,0.046641382127738384,2,0.75,0.2679,0.0
Con,0.6449999999999999,0.75,0.12549900398011135,3,0.4,5.3788350000000005,1.0
Concretepete,0.285,2.4,0.5900060532377128,4,0.8666666666666667,1.4874600000000002,0.5
CoolDad,3.075,3.075,0.0,1,0.0,-3.075,0.0
CoolDadTimes19,3.827625,7.621499999999999,5.365349478948225,2,0.0,-7.65525,1.0
Cool_Man_Chris,0.075,0.075,0.0,1,1.0,0.0548325,0.0
CoolestMom,0.04078125,0.21,0.05171040151652276,5,0.3125,1.483785,0.5454545454545454
CooolWolf,0.006,0.006,0.0,1,0.0,-0.006,0.0
CopetownKid,0.0015,0.0015,0.0,1,1.0,0.000105,0.0
Corley,7.5,7.5,0.0,1,1.0,0.3,0.0
Corpse,0.75,0.75,0.0,1,1.0,0.39036000000000004,0.0
CotataFish,2.25,2.25,0.0,1,0.5,-0.49706249999999996,0.0
CottonPker,0.11304545454545455,0.59325,0.19412691783282587,5,0.2727272727272727,-0.26054249999999995,0.5714285714285714
CowFawker,0.075,0.075,0.0,1,1.0,0.015000000000000001,0.0
Cpete1210,0.057249999999999995,0.075,0.015594470173750697,3,0.3333333333333333,-0.07425,1.0
Cpnservative,0.01625,0.04125,0.021702534414210706,2,0.3333333333333333,-0.0372,0.0
CptObvious1,0.36495,0.975,0.366885557769722,4,0.6,-0.38658000000000003,0.5
CrYus,3.583125,6.0825,2.4292774774611483,4,0.25,-7.64175,0.6666666666666666
CraftMoneyMF,15.534,15.534,0.0,1,1.0,0.7755899999999999,0.0
Crawleymatt,0.00075,0.00075,0.0,2,0.5,2.999999999999997e-05,0.0
CrazyLips,0.06700961538461539,0.9495,0.18169922235344363,13,0.07692307692307693,-1.5659475,0.43478260869565216
Cre3p3rman2,0.015000000000000001,0.015000000000000001,0.0,1,0.0,-0.015000000000000001,0.0
CreateMoney,1.1110384615384616,3.75,0.8226688393459238,4,0.6153846153846154,-4.2477599999999995,0.0
Creck80,0.08147368421052632,0.48000000000000004,0.1471001381980817,14,0.8421052631578947,0.33144749999999995,0.3333333333333333
Critplank,0.8647499999999999,0.8647499999999999,0.0,1,1.0,0.10377000000000002,0.0
CrunchyNapkin,0.0375,0.075,0.03247595264191645,1,0.3333333333333333,-0.08706749999999999,0.0
CryptOnXtaC,12.0,20.25,11.667261889578034,2,0.5,0.2999999999999998,0.0
CrypticOne,0.00075,0.00075,0.0,1,0.0,-0.00075,0.0
Cryptomaniac,0.2334166666666667,0.2625,0.08725,2,1.0,0.08919,0.0
Crystal_Meth,0.1992375,0.51675,0.1576704481831112,8,0.0,-3.98475,0.7368421052631579
CuckedCanuck,0.17775,0.17775,0.0,1,0.0,-0.17775,0.0
Cuddle123,0.075,0.075,0.0,1,1.0,0.0176775,0.0
Culebro,0.23850000000000002,3.0,0.5942542275461923,8,0.7916666666666666,-2.6630175,0.25
Cumdumpster,9.375,15.0,7.95495128834866,2,1.0,31.704539999999998,0.0
Cured,1.5,1.5,0.0,1,1.0,0.35528249999999995,0.0
CurlyFungus,0.003,0.012,0.0050311529493745274,3,0.8,-0.0112125,0.0
CurtisVL,0.007389705882352942,0.1005,0.016713629800943736,11,0.5,-0.03679500000000001,0.25
Cwalts,11.25,18.75,10.606601717798213,2,0.0,-22.5,1.0
CyberBex,6.3477500000000004,37.5,15.262028621713434,2,0.6666666666666666,-37.584075,0.0
Czarnuhhho,0.75,0.75,0.0,1,1.0,1.573185,0.0
D4c4l0,0.02625,0.0375,0.015909902576697315,2,0.5,0.023317499999999998,0.0
D4nie3,0.9403125,3.75,1.873125,3,0.5,1.24788,0.0
DBL9D2P9CyH,0.375,0.375,0.0,1,0.0,-0.375,0.0
DCJU7,0.9375,1.5,0.795495128834866,2,0.5,-0.18000000000000002,0.0
DCtool,0.0015,0.0015,0.0,1,1.0,7.500000000000001e-05,0.0
DDramario,0.23925,0.375,0.19197949109214765,2,1.0,0.26431499999999997,0.0
DELIK_33,0.004593750000000001,0.007500000000000001,0.0026115728019720226,6,0.0,-0.036750000000000005,0.5714285714285714
DONT_RAGE_BET,0.94275,1.02075,0.11030865786510151,1,1.0,1.1167725,0.0
DPPD,0.22499999999999998,0.22499999999999998,0.0,1,1.0,0.056249999999999994,0.0
DPSKing,0.075,0.075,0.0,1,1.0,0.02475,0.0
DUMbl4,0.00343348623853211,0.07875,0.008258388146039288,37,0.46788990825688076,-0.12493500000000002,0.3620689655172414
Dacota,2.352125,12.825000000000001,4.34815394801999,5,0.9166666666666666,1.0393575,0.0
DaddiesStrats,0.05175000000000001,0.1305,0.06825,1,0.0,-0.15525000000000003,0.5
DadulxD,0.037000000000000005,0.096,0.05109549882328188,2,0.3333333333333333,0.08099999999999999,0.5
Dafuentesman,0.0917142857142857,0.6,0.14499328186407218,6,0.9523809523809523,0.17523750000000002,0.0
Daherro,1.125,1.125,0.0,1,0.0,-1.125,0.0
Dalles,0.004429455445544555,0.048,0.007930766100810576,39,0.8465346534653465,-0.05158500000000001,0.06666666666666667
Damnit,0.375,0.375,0.0,1,0.0,-0.375,0.0
Dampyr,2.1035625,7.5,3.616389016080128,3,0.5,-7.454445,0.0
DanBit74,0.084375,0.15,0.04718646522044218,3,0.75,0.19622250000000002,0.0
DanKar,0.012,0.0225,0.014849242404917497,2,0.5,-0.0194625,0.0
Danil008,0.004171875,0.015000000000000001,0.004015302759444174,9,0.4375,-0.022485,0.25
DankButterfly01,0.005625000000000001,0.007500000000000001,0.0026516504294495534,2,1.0,0.002385,0.0
Dapk26,0.0225,0.0225,0.0,1,1.0,0.005527499999999999,0.0
DarkSouls3,0.1875,0.1875,0.0,1,0.0,-0.1875,0.0
Darkrai2206,19.742625,37.5,25.11272055714494,1,1.0,1.246095,0.0
Darkwin,0.49349999999999994,0.49349999999999994,0.0,1,0.0,-0.49349999999999994,0.0
Darlingardo,0.07921153846153846,0.75,0.20363697903565853,5,0.3076923076923077,0.19674,0.5
Daus74,0.10875000000000001,0.14250000000000002,0.04772970773009196,1,0.5,-0.0037499999999999895,0.0
Daus82,0.8149772727272727,4.68825,1.5988263603912147,4,0.6363636363636364,-0.7611825000000001,0.0
DavyJones,0.021750000000000002,0.036000000000000004,0.020152543263816606,1,0.0,-0.043500000000000004,1.0
DawnOfTheDead,0.0069375,0.015000000000000001,0.007306888872837741,2,0.5,-0.009585,0.0
Day21,0.0375,0.0375,0.0,1,1.0,0.009375,0.0
DeadNark,0.029025000000000002,0.17024999999999998,0.05292925703238238,4,0.7,0.037387500000000004,0.0
DeathGun,0.075,0.075,0.0,1,1.0,0.232875,0.0
Debian192,0.06490384615384616,0.72,0.13801536285723912,5,0.6923076923076923,1.2038175,0.5
Decahedran,0.2505,0.75,0.4325796891903271,1,0.6666666666666666,-0.7498275,0.0
DedSec_Wrench,0.033375,0.0375,0.0058336309447890155,2,1.0,0.0264375,0.0
Deepin,0.0015,0.0015,0.0,1,0.0,-0.0015,0.0
Deepurple,0.6223125,1.5,0.6233555491250559,3,0.0,-2.48925,0.6666666666666666
Defence,8.625,15.0,9.015611460128481,1,0.5,-14.5725,0.0
Deimoos,0.1026,0.6,0.1301150932828317,7,0.64,0.8727525,0.4444444444444444
DekjU,0.0883125,0.20775000000000002,0.09577977670155638,2,0.0,-0.35325,0.6666666666666666
Delorian,72.375,236.25,68.83063453143521,7,1.0,33.6550575,0.0
Den4ik666,0.00075,0.00075,0.0,1,1.0,6e-05,0.0
DentedHarvey,0.015000000000000001,0.015000000000000001,0.0,1,0.0,-0.030000000000000002,0.0
Dependable,0.0015,0.0015,0.0,1,1.0,0.0003975,0.0
Deraj,2.65,3.75,1.9052558883257653,2,1.0,0.877575,0.0
Derik,0.0915,0.15,0.04313641153364522,5,0.7142857142857143,0.2031375,0.5
Devcon,0.326,0.9359999999999999,0.19869857825359497,7,0.16666666666666666,-3.3765975,0.2
Devi19,0.0031250000000000006,0.015000000000000001,0.005817538139110049,2,0.8333333333333334,-0.014685000000000002,0.0
Devil_S,0.471,1.5,0.707884524481218,1,0.5,0.07094999999999996,1.0
Devil_killer,3.27525,3.27525,0.0,1,0.0,-3.27525,0.0
Devkits,0.0015,0.0015,0.0,1,0.0,-0.0015,0.0
Devonne,0.677,1.95,1.102650329887041,2,0.3333333333333333,0.9314550000000001,0.0
Dex,1.0103333333333333,8.33325,1.8323042239843166,9,0.7037037037037037,2.8835399999999995,0.625
Dheerajrawat,0.6135,1.6725,0.7863298449124261,3,0.75,-0.34623000000000004,0.0
Dhie,0.01875,0.01875,0.0,1,0.0,-0.01875,0.0
DiabloII,0.22499999999999998,0.22499999999999998,0.0,1,1.0,0.018000000000000002,0.0
DiceMaster74,0.00075,0.00075,0.0,7,0.19230769230769232,-0.0012975,0.0
DickFaggot,11.25,11.25,0.0,1,0.0,-11.25,0.0
Different,5.70075,19.59,7.830278982098913,2,0.4,9.627952499999997,0.3333333333333333
Digity,0.375,0.375,0.0,1,0.0,-0.375,0.0
Dikatbi,0.030000000000000002,0.030000000000000002,0.0,1,1.0,0.009899999999999999,0.0
Dilip,37.49925,37.49925,0.0,1,1.0,15.042645,0.0
Dim-Dim,3.75,3.75,0.0,1,1.0,1.5,0.0
Diskz,0.75,0.75,0.0,1,1.0,0.16851,0.0
Dissee,0.00525,0.01425,0.007794228634059948,2,0.6666666666666666,0.0013275,0.0
Dixxen1337,1.9785000000000001,1.9785000000000001,0.0,1,1.0,6.50649,0.0
DjEsco,0.0335625,0.0795,0.03083448759100757,2,0.25,-0.0030749999999999944,0.6666666666666666
Dlam,0.0671875,0.3105,0.09711398673957601,7,0.6666666666666666,1.1508825,0.25
Dmitriu,0.015,0.0225,0.010606601717798213,2,0.5,-0.021225,0.0
Do6ro,0.12525,0.24975,0.17606958851545035,2,0.0,-0.2505,1.0
Dolby,0.018075,0.084,0.02568426074466618,2,0.1,-0.10155750000000001,0.375
DonVito,0.31875,0.5625,0.3447145558284419,2,0.5,-0.5567775,0.0
Don_McNorth,3.165,6.0,2.805441141781449,4,0.6,-1.26825,0.0
DonkeyHotty,0.006,0.006,0.0,1,0.0,-0.006,0.0
Donny14,1.2598928571428571,7.5,2.7651700025237407,5,0.5714285714285714,0.4732575,0.6666666666666666
DontBeSoStupid,0.0015,0.0015,0.0,1,1.0,0.00153,0.0
DontQQSoMuch,0.030000000000000002,0.030000000000000002,0.0,1,0.0,-0.030000000000000002,0.0
DoppiaeSSe,0.00075,0.00075,0.0,1,1.0,9.75e-05,0.0
Doppuri,0.99525,1.14825,0.21637467504308347,1,1.0,1.0634325,0.0
DoubleDutch,0.44999999999999996,0.44999999999999996,0.0,1,1.0,0.216,0.0
DoubleIfLoss,37.5,37.5,0.0,1,1.0,8.25,0.0
Douglazzz,0.3875,0.75,0.3564144357345813,3,0.0,-1.1625,0.5
Dougpuocl,0.013413461538461539,0.11699999999999999,0.022545281358600556,5,0.38461538461538464,-0.057637499999999994,0.4666666666666667
DoxM3,1.1535,1.1535,0.0,1,1.0,0.13842000000000002,0.0
DrClanRips,0.00775,0.00975,0.0017320508075688774,1,0.0,-0.02325,0.5
DrClanScript,9.96332142857143,24.999750000000002,10.467090058163937,7,0.2857142857142857,-44.157157500000004,0.75
Dramacydal,63.67055357142857,375.0,133.5284739372158,11,0.42857142857142855,-26.474565000000002,0.42857142857142855
Drayz,22.5,22.5,0.0,1,1.0,23.790112500000003,0.0
Dreamsinreality,4.312193181818182,37.5,8.74000152927544,15,0.5909090909090909,-1.072395000000003,0.3333333333333333
Drkin,0.144375,0.22575,0.11508162863811061,1,0.0,-0.28875,1.0
Dron334,0.00075,0.00075,0.0,4,0.75,0.00042749999999999993,0.0
Dropshot,7.5,7.5,0.0,1,1.0,0.75,0.0
Drspice,22.5375,45.0,31.766772144805646,2,1.0,13.576987499999998,0.0
Drugtank,0.045,0.045,0.0,1,0.0,-0.045,0.0
Dug,0.16974999999999998,0.44325000000000003,0.23728621957458887,2,0.0,-0.50925,0.5
Dungen,0.015375000000000002,0.030000000000000002,0.020682873349706515,2,0.5,0.00525,0.0
DustinWpG,0.221625,0.75,0.3374969166525822,2,0.3333333333333333,-1.31325,0.0
EGG,0.11549999999999999,0.22499999999999998,0.1548563850798539,1,0.5,0.0165,1.0
EasyToWin,1.251625,7.5,3.0610661531156103,2,0.8333333333333334,7.777762500000001,0.0
Ebenezer,0.045838235294117645,0.228,0.049488551483562106,3,0.9411764705882353,-0.1941525,0.0
Ebony,0.07575,0.15,0.10500535700620231,2,1.0,0.016755,0.0
Ecz0tic,9.441315789473684,79.25999999999999,18.55370355939042,10,0.7368421052631579,118.36475250000001,0.8
Eddywan223,0.2624673913043479,1.1460000000000001,0.2543037431393875,4,0.782608695652174,-0.6991950000000001,0.6
Eevee,0.8647499999999999,0.8647499999999999,0.0,1,1.0,0.10377000000000002,0.0
Eggzies,1.75,2.25,0.8660254037844386,1,0.6666666666666666,-0.454785,0.0
Egorichek,0.007500000000000001,0.007500000000000001,0.0,1,1.0,0.00015000000000000001,0.0
EightySix,17.25,17.25,0.0,1,0.0,-17.25,0.0
Ekor4ik,0.0045000000000000005,0.0045000000000000005,0.0,1,0.0,-0.0045000000000000005,0.0
ElToredo,0.003,0.0045000000000000005,0.002121320343559643,1,0.5,-0.004320000000000001,0.0
ElToredoo,0.005625,0.006,0.0005303300858899102,2,0.5,-0.005475,0.0
ElToredooo,0.0015,0.0015,0.0,1,0.5,-0.001305,0.0
ElectricBox,0.003,0.003,0.0,1,1.0,0.006,0.0
Electrik,0.12115909090909092,0.75,0.21746336682092207,7,0.5454545454545454,0.11694749999999998,0.5
ElenaV,0.00971551724137931,0.23325,0.031073505605281222,14,0.11494252873563218,-0.16830000000000006,0.5
Elfonzo1,0.007500000000000001,0.007500000000000001,0.0,1,0.0,-0.007500000000000001,0.0
Elia155,0.45,0.525,0.10606601717798214,2,0.0,-0.9,1.0
Ell1,0.005357142857142858,0.0165,0.004421010028300057,5,0.07142857142857142,0.09971249999999998,0.38461538461538464
Elnir,0.015000000000000001,0.015000000000000001,0.0,2,1.0,0.0126075,0.0
Elrond2,0.0039375,0.009000000000000001,0.0033750000000000004,3,0.25,-0.01305,0.5
Emin,6.967499999999999,6.967499999999999,0.0,1,1.0,1.6025249999999998,0.0
Enjoint,0.025500000000000002,0.0525,0.01555233101499579,4,0.6,0.070185,0.0
EnotBX,0.15,0.15,0.0,1,1.0,0.30611249999999995,0.0
Entisburg,0.056249999999999994,0.075,0.026516504294495535,1,0.0,-0.11249999999999999,1.0
Eryca,6.6375,9.675,4.2956736957082775,2,0.0,-13.275,0.0
Escalade,0.07455882352941177,0.83325,0.171433623189237,25,0.4852941176470588,2.83983,0.45714285714285713
Esorylee,0.15,0.15,0.0,1,0.0,-0.15,0.0
Estdely,0.473875,2.565,1.02481515101505,1,0.8333333333333334,0.6642975,0.0
Etcshaman,2.8336125,18.0,4.078643267612502,13,0.35,40.31860499999999,0.5384615384615384
Etki,0.21975,0.75,0.35423191555815525,2,0.5,0.7735124999999999,1.0
Euge,0.36825,0.36825,0.0,1,0.0,-0.36825,0.0
EvgenVin,0.00675,0.01125,0.006363961030678928,2,1.0,0.0005025,0.0
Evgeny_26,7.0066875,17.25,7.27744444435167,2,0.75,-2.7781275,0.0
Evil_Carrot,0.034295454545454546,0.24000000000000002,0.07354138445305969,2,0.8181818181818182,0.08853,0.5
Ewgen,0.530375,2.475,0.9619805838737079,4,0.5,-2.5416600000000003,0.5
Eye_For_Eye,0.68175,0.68175,0.0,1,0.0,-0.68175,0.0
Ezvy,0.57675,0.57675,0.0,1,0.0,-0.57675,0.0
FC_Barcelona,0.1660855263157895,5.25,0.8496526541418298,18,0.42105263157894735,-5.2789575,0.38095238095238093
FDimarin,0.00075,0.00075,0.0,1,0.0,-0.00075,0.0
FFdm_64,0.02076063829787234,0.09,0.021594896579501626,15,0.0425531914893617,-0.66783,0.45454545454545453
FFsSponge,0.5919807692307693,3.1732500000000003,0.8749689664826361,6,0.6923076923076923,3.9715424999999995,0.5
FGH,0.0045000000000000005,0.007500000000000001,0.004242640687119285,2,0.5,0.0022500000000000003,1.0
FLOYDMONEY,0.06465,0.55425,0.1722609938436441,6,0.4,-0.547215,0.6666666666666666
FOREX33,0.010875000000000001,0.02025,0.013258252147247768,2,0.5,-0.0186825,0.0
FORTUNERED,1.05,1.05,0.0,1,0.0,-1.05,0.0
FRIENDSTOCKFISH,31.99,38.304,6.929790473022977,1,0.6666666666666666,40.433017500000005,1.0
FU_LUCK,3.0,3.0,0.0,1,1.0,1.3138874999999999,0.0
Fabio93,0.8578749999999999,3.75,1.4236207864982864,4,0.3333333333333333,-0.370425,0.75
Faintechos,0.0069500000000000004,0.015000000000000001,0.00681201669320998,3,0.6666666666666666,0.021727499999999997,0.25
Fair,0.26782500000000004,0.38625000000000004,0.1795562063811775,4,0.7,-0.12871500000000002,0.0
Fair2,0.0035,0.007500000000000001,0.003464101615137755,1,1.0,0.0021750000000000003,0.0
Fairy,0.11249999999999999,0.11249999999999999,0.0,1,1.0,0.039375,0.0
Fakeedge,10.125,16.875,9.545941546018392,1,0.0,-20.25,1.0
Faker68,0.75,0.75,0.0,1,0.0,-0.75,0.0
Farelyce,0.97575,3.0,1.387642695365057,3,0.25,8.4830925,0.6666666666666666
Fargal,0.0015,0.0015,0.0,4,0.5,0.0004124999999999999,0.0
Farimets,1.5657175324675323,37.5,4.768190756742222,24,0.7532467532467533,22.5760875,0.5
Farxod,0.128,0.3,0.15360419916135104,3,0.0,-0.384,0.5
Fat_Shady,45.0,75.0,25.98076211353316,3,0.0,-135.0,0.0
Fed76,0.04875,0.060000000000000005,0.015909902576697325,1,1.0,0.09792000000000001,0.0
FeelTheBurn,0.4665,0.4665,0.0,1,1.0,0.6009375,0.0
Felix,1.5136363636363634,7.275,2.1392277706091645,5,0.7272727272727273,-8.205405,0.3333333333333333
Felix678german,0.10800000000000001,0.24000000000000002,0.07379024325749307,5,0.6,0.18290249999999997,0.0
Ferreck,0.013783613445378151,0.15,0.02015301435715803,21,0.8151260504201681,-0.058544999999999986,0.3181818181818182
Filbert,0.196875,0.375,0.25190679079770756,1,0.0,-0.39375,0.0
Fille,0.0375,0.0375,0.0,1,1.0,0.0098025,0.0
Filli,0.035812500000000004,0.069,0.03627176070995176,3,0.75,0.0129075,0.0
FinlayDaG33k,0.0054,0.012,0.006032723265657062,2,0.2,-0.0254775,0.6666666666666666
FirstAidKit,0.8647499999999999,0.8647499999999999,0.0,1,1.0,0.1238925,0.0
Fistsworn2,0.9375,0.9375,0.0,1,1.0,0.15,0.0
Fitzy,0.75,0.75,0.0,1,1.0,0.6726975,0.0
FknJw,0.0015,0.0015,0.0,1,1.0,0.0037350000000000005,0.0
Flamrow,0.0050625,0.01125,0.005209666496043677,2,1.0,0.010275000000000001,0.0
FlatbushZ213,0.002,0.003,0.0008660254037844387,1,0.0,-0.006,0.0
Fliker,0.013546875,0.06825,0.017081719944139116,5,0.5,-0.0007200000000000123,0.42857142857142855
Floris27102002,0.003,0.003,0.0,1,1.0,0.00033,0.0
Flouns1,0.22650000000000003,0.39225000000000004,0.23440589796334052,1,0.0,-0.45300000000000007,0.0
FlowerPup,2.8195,7.5,4.066781989485053,3,0.3333333333333333,-0.8085,0.5
Floyd,2.77275,5.475,3.821558598922696,2,1.0,0.239325,0.0
Flying_Zipper,0.031625,0.15,0.058652525521071974,4,0.3333333333333333,-0.008999999999999998,0.75
Foe,0.15,0.15,0.0,1,1.0,0.009000000000000001,0.0
FokJulleNaaiers,3.0,3.0,0.0,1,1.0,0.6,0.0
ForMyGirlfriend,5.1,5.1,0.0,1,1.0,0.332715,0.0
Forcefulchaos,0.003515625,0.006,0.0012465577603945996,3,0.625,-0.0117525,0.0
ForestGump,0.3,0.3,0.0,1,0.0,-0.3,0.0
Fossil1554,0.062625,0.216,0.08058325331162619,2,0.625,0.4459424999999999,0.5
Fossil1555,0.017625,0.0255,0.011136931803688122,1,1.0,0.0040425,0.0
Fournier,0.009000000000000001,0.009000000000000001,0.0,1,0.0,-0.009000000000000001,0.0
FratStar89,0.068925,0.5775,0.17926148847423978,2,0.9,0.0592125,1.0
Fratstar,0.134625,0.711,0.24861534402710198,4,0.75,0.2229975,1.0
FreakFruit,0.03609545454545454,0.504,0.08905184053701701,17,0.12727272727272726,0.29542500000000005,0.3617021276595745
FreakfruitPrime,0.058499999999999996,0.058499999999999996,0.0,1,1.0,0.013455,0.0
FreakinRollins,0.0015,0.0015,0.0,1,1.0,0.00017999999999999998,0.0
FreeFaucet,0.048749999999999995,0.048749999999999995,0.0,1,0.0,-0.048749999999999995,0.0
FreeX,0.075,0.075,0.0,1,1.0,0.0106275,0.0
Freenope,0.13475,0.21300000000000002,0.10532182822188381,1,0.3333333333333333,1.3814550000000003,0.5
Freres,0.22499999999999998,0.22499999999999998,0.0,1,1.0,0.0765,0.0
FreshStart,0.12508333333333332,0.43275,0.16562683961242514,5,0.4444444444444444,0.31155750000000004,0.5
FreshWin,1.6665,1.6665,0.0,1,1.0,0.083325,0.0
Fucklo,3.75,6.0,3.181980515339464,1,0.0,-7.5,1.0
Funtela,0.6,0.6,0.0,1,0.0,-0.6,0.0
GB_SHIFT,0.75,0.75,0.0,1,1.0,0.25655249999999996,0.0
GEORGEGEORGIA,0.0776029411764706,0.75,0.19833673738634208,8,0.4117647058823529,0.39087000000000005,0.5555555555555556
GHGF,0.00834375,0.036000000000000004,0.012359161942808722,2,0.125,-0.037477500000000004,0.3333333333333333
GIMME_THAT_MONEY,0.015625000000000003,0.036000000000000004,0.0105472152722887,3,0.3333333333333333,-0.04113750000000001,0.5
GK86,0.014416666666666668,0.08474999999999999,0.02158362669192716,8,0.16666666666666666,-0.184095,0.5
GOLOJO,0.226875,1.5,0.39563748157489204,9,0.35714285714285715,-1.114665,0.625
GPL89,365.625,375.0,13.258252147247767,2,1.0,1406.6695574999999,0.0
GPL_V2,220.52149999999997,283.16925,73.23235547343468,1,0.6666666666666666,379.40647499999994,1.0
GUDUNIK,0.040125,0.075,0.04932069798776169,2,0.5,-0.0738525,0.0
GaFN,0.75,0.75,0.0,1,0.0,-0.75,0.0
GabbarSingh,0.02475,0.048,0.03288046532517446,2,1.0,0.016987500000000003,0.0
Gabryciarm,0.19014795918367347,7.5,0.757831254572392,28,0.24489795918367346,-1.1232675000000003,0.4636363636363636
Gachi,0.02675,0.123,0.0356019662378358,5,0.4166666666666667,0.358635,0.5
GalaxyBoom7,0.7322368421052632,0.75,0.10949945926326475,6,0.7368421052631579,0.4915425000000001,0.1
Gametheplay,0.021374999999999998,0.0255,0.005833630944789016,1,1.0,0.0373275,0.0
Gangsters,37.5,37.5,0.0,1,1.0,98.142435,0.0
GanjaMan,11.290125000000002,26.250000000000004,11.718705775916556,4,0.25,-37.2699975,0.5
Gannicus,0.06859821428571429,0.768,0.14113889172000885,10,0.8571428571428571,0.2314875,0.6666666666666666
Gargus,0.007090909090909091,0.0315,0.008183848653774016,17,0.2,0.13379999999999997,0.4186046511627907
Gashi007,0.06962499999999999,0.3,0.11658524241944174,3,0.6666666666666666,0.0918525,0.0
GeForce,105.03,178.176,103.4440652333424,2,0.0,-210.06,1.0
GekkeSmurf,2.18175,2.18175,0.0,1,0.0,-2.18175,0.0
Gender,1.125,1.125,0.0,1,0.0,-1.125,0.0
GenericUsername,0.007500000000000001,0.007500000000000001,0.0,1,1.0,0.0015,0.0
Genesiss,0.041805555555555554,0.24000000000000002,0.04848638455463026,5,1.0,0.2254275,0.0
Georgie1,0.24693,5.25,1.0461469097956557,8,0.84,1.2471450000000002,0.75
Gerald_23,0.0037500000000000003,0.0037500000000000003,0.0,1,1.0,0.008025,0.0
GetRichQuick,0.235125,0.792,0.37125,1,0.5,-0.74409,0.0
GettinBands,0.31875000000000003,0.5730000000000001,0.35956379823335943,1,0.0,-0.6375000000000001,1.0
GhengisTron,0.625,0.75,0.21650635094610965,1,0.3333333333333333,-0.975,0.0
Ghetto,1.5,2.25,1.0606601717798212,2,1.0,1.3268550000000001,0.0
Ghettoweed,2.25,2.25,0.0,1,1.0,2.4255075,0.0
Ghii,0.01125,0.01125,0.0,1,0.0,-0.01125,0.0
Ghostbuster,0.075,0.075,0.0,1,1.0,0.0181725,0.0
Ghostbystive,0.006525,0.0285,0.008023792744083063,3,0.3,0.010207500000000001,0.5
Gianghi79,0.2507109375,2.0677499999999998,0.428802651753351,9,0.25,0.8771550000000004,0.4583333333333333
Gigantokok,0.0022500000000000003,0.0037500000000000003,0.002121320343559643,1,1.0,0.0059625,0.0
Gillyp16,0.6749999999999999,0.6749999999999999,0.0,1,1.0,0.8401575,0.0
GioMilan,5.25115909090909,7.57275,1.6629715469331068,9,0.7272727272727273,50.7828825,0.5
Giovanni912,0.07874999999999999,0.72,0.13268854509715597,4,0.2857142857142857,0.05553749999999998,0.47368421052631576
Gitarugas,0.0015517241379310346,0.018000000000000002,0.003281019080544421,6,0.6896551724137931,-0.01725,0.0
Glory,3.0,3.0,0.0,1,1.0,0.030000000000000002,0.0
Gloryallowed,4.1285,7.5,3.1146624897410633,5,1.0,5.942895000000001,0.0
Gmoney,0.36900000000000005,0.36900000000000005,0.0,1,0.0,-0.36900000000000005,0.0
Gnarllysheen,0.12545833333333334,0.24975,0.08006271668474144,16,0.5555555555555556,-0.3680925,0.375
GoHard-,8.374875,14.25,8.30868145563723,2,0.5,40.281,1.0
Gocarlo,0.2925,1.05,0.32241277890307013,4,0.75,0.09771750000000001,1.0
Godisone,0.121625,0.7035,0.20744858344353012,6,0.25,-0.85644,0.5555555555555556
GoinBrokeNow,0.03975,0.03975,0.0,1,1.0,0.0011925,0.0
Gol_Lura,0.002736111111111111,0.0105,0.0027456726959816454,11,0.8518518518518519,-0.007635,0.25
GoldenJE,0.75,0.75,0.0,2,1.0,1.0067700000000002,0.0
GoldenWrapper,0.15307500000000002,0.375,0.16347188213879474,3,0.4,-0.2947425,0.8
Goldiedog123,0.06724999999999999,0.11925,0.056276660348673846,1,1.0,0.0874875,0.0
Good21,0.75,0.75,0.0,1,0.0,-0.75,0.0
GoodDay30,0.0375,0.0375,0.0,1,0.0,-0.0375,0.0
GordanFreman,0.01756578947368421,0.16725,0.03997299664181203,11,0.42105263157894735,-0.12237000000000003,0.46875
Gorox,0.00075,0.00075,0.0,1,0.0,-0.00075,0.0
Govard777,0.069,0.15,0.0557212650161498,7,0.5555555555555556,0.27716999999999997,0.5
Gr33n,0.5254655172413794,5.565,1.1779901006969038,14,0.5862068965517241,1.5404174999999998,0.36363636363636365
GrannyWasher,6.721141304347826,75.0,21.54984736866246,7,0.8260869565217391,15.7184175,0.0
GrantAWish,1.0337045454545453,11.7,2.3172194312674708,13,0.9090909090909091,0.5498925000000001,0.7142857142857143
GravityB,0.01725,0.01725,0.0,1,1.0,0.013372499999999997,0.0
Great88,0.06318750000000001,0.336,0.09198444316345515,4,0.3333333333333333,-0.14577000000000004,0.42857142857142855
Greedyman,0.163940625,1.251,0.2960910211248285,14,0.3625,-2.1799125,0.45098039215686275
GreenSniper,0.2555769230769231,0.8250000000000001,0.2668837798051371,3,0.6923076923076923,3.07281,0.5
Gregor1y,0.08,0.15,0.060621778264910706,1,0.0,-0.24,0.5
Grek_7,0.048,0.1875,0.08054560043850938,3,0.6,-0.027735,0.0
Greyssb,0.03121875,0.27825,0.06897764583544438,4,0.375,0.14892750000000002,0.1111111111111111
Grimby,0.15,0.15,0.0,1,0.0,-0.15,0.0
Grinding,0.02446153846153846,0.15,0.038215618031617146,11,0.6153846153846154,-0.12177750000000001,0.2222222222222222
Grischka2016,0.034178571428571426,0.08025,0.032711400371823185,3,0.42857142857142855,-0.2071725,0.6666666666666666
GromHay988,0.0285,0.0285,0.0,1,1.0,0.000285,0.0
Guardian,0.018187500000000002,0.054,0.023940355573800486,1,0.75,0.031335,0.0
GucciGang,112.5,112.5,0.0,1,0.0,-112.5,0.0
Guiton64,0.0015,0.0015,0.0,2,0.5,3.749999999999977e-05,0.0
Gun,0.75,0.75,0.0,1,0.0,-0.75,0.0
Gurbie123,0.0015,0.0022500000000000003,0.0010606601717798214,1,1.0,0.0008324999999999999,0.0
Gusenkov,0.0015,0.0015,0.0,1,1.0,0.000495,0.0
H3ndr2,4.954166666666667,22.5,4.944252928323021,16,0.7777777777777778,-12.6289575,0.3333333333333333
HARIWON,0.029500000000000002,0.053250000000000006,0.022925149944984003,2,0.3333333333333333,0.05118749999999999,1.0
HD2020,0.0192,0.28800000000000003,0.04886430654931527,12,0.8444444444444444,-0.16110750000000004,0.2857142857142857
HD2021,0.003409090909090909,0.01575,0.004234195211714865,3,0.8181818181818182,0.0074775,1.0
HHEex-Oa-ZYR,2.6591666666666662,14.856,4.7451959324668564,6,0.7777777777777778,-13.7637,0.0
HMLol,0.22499999999999998,0.22499999999999998,0.0,1,0.0,-0.22499999999999998,0.0
HONGPHUONG,0.56775,0.56775,0.0,1,0.0,-0.56775,0.0
HP9,0.056249999999999994,0.056249999999999994,0.0,1,0.0,-0.056249999999999994,0.0
Haddexx,0.0375,0.0375,0.0,1,0.0,-0.0375,0.0
Hakimov,0.06852272727272728,0.375,0.1081375544471863,7,0.6363636363636364,2.197515,0.0
HakonuTeJIb,0.003875,0.01425,0.0037249161064378347,9,0.6666666666666666,-0.014055000000000002,0.14285714285714285
HalfMoon,0.3444,1.6500000000000001,0.5105602070275357,6,0.7,-0.1771425000000002,0.6666666666666666
Halloween,0.034050000000000004,0.075,0.03773029286925825,3,1.0,0.0070125000000000005,0.0
HammerThyme,0.075,0.075,0.0,1,0.0,-0.22499999999999998,0.0
Hamtaro,0.2355,0.2355,0.0,1,0.0,-0.2355,0.0
Hamza1234,1.0492720588235294,4.275,1.1420345404339212,24,0.5882352941176471,15.9043875,0.5384615384615384
HandiApp,0.02,0.0375,0.015155444566227676,2,0.0,-0.06,0.0
Hansbald,0.00075,0.00075,0.0,1,0.0,-0.00075,0.0
Hansbi,30.0,30.0,0.0,1,0.0,-30.0,0.0
Happy_Sunday_All,0.02175,0.02175,0.0,1,0.0,-0.02175,0.0
HarambeisBae,0.00075,0.00075,0.0,1,1.0,7.5e-06,0.0
HardMetall,0.075375,0.15,0.10553568709209221,2,0.0,-0.15075,0.0
Hardah,0.05333333333333333,0.1575,0.046300647943630334,3,0.6666666666666666,-0.08963249999999999,0.3333333333333333
Hardah1,0.0945,0.0945,0.0,1,0.5,-0.0657075,0.0
Haverchuk,0.0130125,0.075,0.015569976802538243,3,0.05,0.11528249999999994,0.4444444444444444
Heinekens,0.22975,0.549,0.28486806156535,3,0.3333333333333333,-0.18880500000000006,1.0
Heldermatias,0.0022500000000000003,0.0037500000000000003,0.0021213203435596424,1,0.5,0.003,0.0
Hemm99,0.44999999999999996,0.44999999999999996,0.0,1,1.0,0.05073,0.0
Hera,2.25,2.25,0.0,1,0.0,-2.25,0.0
Hermes,1.50435,7.5,3.3516734048084103,3,0.4,0.8666099999999999,0.0
Hermes14,0.00315,0.012,0.003234578797927174,4,0.5333333333333333,-0.0156,0.2857142857142857
Herurg,0.0155625,0.08775,0.02987316939998165,6,0.875,-0.055589999999999994,0.0
HexyeBo,0.0011250000000000001,0.0015,0.0004330127018922193,1,0.75,0.0030299999999999997,1.0
HiCameron,0.075,0.075,0.0,1,0.0,-0.22499999999999998,0.0
HielkePrins14,0.30975,1.5,0.5366971911609003,6,0.42857142857142855,-1.5593325,0.3333333333333333
HielkePrins3,0.00075,0.00075,0.0,1,1.0,7.500000000000001e-05,0.0
Higens,0.00075,0.00075,0.0,1,1.0,0.0001875,0.0
High,0.078,0.078,0.0,1,0.0,-0.078,0.0
Hina,0.15,0.15,0.0,1,0.0,-0.15,0.0
Hitagi,0.006,0.006,0.0,1,0.0,-0.006,0.0
Hoang6789,3.75,3.75,0.0,1,1.0,5.6686725,0.0
Hoangthien68,0.73575,28.5075,3.072043019216347,18,0.19444444444444445,-54.038865,0.5057471264367817
Hodgy,0.07275,0.71925,0.1951242207888645,3,0.6428571428571429,-0.10741499999999998,0.75
Hook80,0.357195,7.5075,1.1218257546067392,8,0.72,3.0874349999999997,0.2857142857142857
HopeisLost,3.0,3.0,0.0,1,1.0,3.0,0.0
Hornissenlord,0.26015625,0.75,0.269214762168873,5,0.625,-0.00464999999999996,0.5
Host,0.3092596153846153,1.6665,0.4902109888927642,17,0.2692307692307692,-6.8138775,0.4594594594594595
Hostile,0.26875,1.875,0.5198202267917421,4,0.6666666666666666,1.104975,0.25
Hotbit,3.225,3.225,0.0,1,1.0,0.3225,0.0
How,0.28375,0.75,0.40676167776721545,3,0.3333333333333333,-0.73953,0.0
Htaz9fncaMF,0.96438,7.5495,1.6064266101350537,6,0.44,-6.6828825,0.6153846153846154
Hudeny,0.012428571428571428,0.03825,0.014961557882978439,5,0.0,-0.087,0.5
Hummba,0.00925,0.039,0.009094363463624633,8,0.6458333333333334,0.04130249999999999,0.1875
Humo,0.297,0.297,0.0,1,0.0,-0.297,0.0
HundredBlunts,0.75,0.75,0.0,1,0.0,-0.75,0.0
Hurricane,0.009174999999999999,0.15,0.027027057802289096,8,0.8333333333333334,-0.0024450000000000014,0.2
Hurryup87,1.89375,3.0,1.0977960876228334,2,1.0,0.24842999999999998,0.0
Huynhhuy9x,0.1284375,0.3,0.08750446417183526,4,0.375,0.9028274999999999,0.2
Hyy,0.0015,0.0015,0.0,1,1.0,0.0015374999999999998,0.0
HyzerBomb,0.017079545454545455,0.07875,0.014509723005223487,11,0.9545454545454546,0.006495,0.0
I1oose,0.049125,0.09,0.05780597936200026,1,0.0,-0.09825,1.0
IDFC21,0.007500000000000001,0.007500000000000001,0.0,1,0.0,-0.007500000000000001,0.0
IFUCKEDYOURNYAN,41.08125,81.0,56.453637642980986,1,0.5,15.0375,0.0
III_kamlesh_III,3.332916666666667,75.0,14.3781591222657,6,0.037037037037037035,-11.238750000000001,0.4
IIIalun,0.375,0.375,0.0,1,1.0,0.19776,0.0
ILL_RIDE_UR_DAD,4.03875,7.5,4.894946692763876,2,0.5,10.2486825,1.0
IMAFAGG2,0.41318181818181815,3.75,1.1129932001752587,5,0.9090909090909091,0.35763,1.0
INFIEHENSDKI,0.35624999999999996,0.6749999999999999,0.45078057300642405,2,1.0,0.19546499999999997,0.0
INOTHZ,2.25,3.75,1.403121520040228,2,0.2,-6.5858775000000005,0.0
ITSteady,2.7375,7.5,3.2711809794017817,3,0.5,-7.2578475000000005,0.0
IWS,1.89765,2.49975,1.050248327777769,3,0.6,3.7991849999999996,0.0
I_AM_COOL,0.375,0.375,0.0,1,0.0,-0.375,0.0
I_One2901,0.00825,0.015000000000000001,0.0066238206497458854,3,0.4,0.024352499999999996,1.0
I_am_HAPPY,0.28125,0.75,0.34647166354027226,7,0.25,1.5912675,0.2222222222222222
I_love_trump,0.0037500000000000003,0.0037500000000000003,0.0,1,1.0,0.00342,0.0
Iboneh,0.19134,1.40175,0.4335178045651643,5,0.28,-1.0685025,0.5555555555555556
IceAge,0.02,0.13125,0.03107379735971999,5,0.9444444444444444,-0.12372750000000002,0.0
Iddu,10.938,42.75,13.768578648048607,5,0.36363636363636365,-22.898025,0.5
Igoryan7676,0.1285,0.384,0.22126949066692408,2,0.0,-0.3855,0.5
Ikbenjou123,0.075,0.075,0.0,1,1.0,0.029355000000000003,0.0
Ikka11,0.006,0.0105,0.006363961030678929,2,1.0,0.006839999999999999,0.0
IlDrago,0.05428125,0.069,0.01580824688707945,2,1.0,0.01818,0.0
Illadelph,1.49925,1.49925,0.0,1,1.0,0.208335,0.0
Illidan,0.024208333333333335,0.063,0.009575545489870088,7,0.8611111111111112,-0.11600250000000001,0.0
Ilovedice,0.375,0.375,0.0,1,1.0,0.01875,0.0
ImSoBad,5.05125,5.05125,0.0,1,1.0,6.58545,0.0
Im_is_Luck,0.9375,1.5,0.795495128834866,2,0.5,-1.125,0.0
Immortae,0.00075,0.00075,0.0,2,1.0,0.00024,0.0
Imperia34,3.2875,7.5,2.7983812284962175,4,0.8333333333333334,8.5038675,1.0
ImperiaZ,0.0007500000000000001,0.00075,0.0,1,0.3333333333333333,-0.00147,0.0
Imphish,18.949875000000002,38.1,15.11540803596615,5,0.6666666666666666,-34.10745,1.0
Imuna,0.007500000000000001,0.007500000000000001,0.0,1,0.0,-0.015000000000000001,0.0
Income_tax,57.0,57.0,0.0,1,1.0,9.623632500000001,0.0
Ind_pak,7.5,7.5,0.0,2,0.6666666666666666,-4.99053,0.0
India_pakistan,62.5,75.0,21.650635094610966,2,1.0,27.66498,0.0
Indonesien,99.4785,167.20875,95.78503813292033,1,0.0,-198.957,0.0
IneedThis,0.11775,0.954,0.27541562747444603,4,0.0,-1.7662499999999999,0.5
InfernalDead,6.179125,18.75,6.953989652979791,2,0.5,-13.283587500000001,0.3333333333333333
Infinityy,1.206075,12.0,3.7926198308359353,2,0.5,-11.9423925,0.4
Infosis_,51.125,75.0,41.352713030706944,1,0.6666666666666666,17.1754875,1.0
Intensity,0.0015576923076923077,0.0037500000000000003,0.0012794605233336551,3,0.5384615384615384,-0.0009750000000000002,0.5
InterruptingCow,0.052875,0.18525,0.06479211261521618,4,0.75,-0.14195249999999998,1.0
Investinbtccoin,0.0255,0.0255,0.0,1,0.0,-0.0255,0.0
Iraz,0.06899999999999999,0.10725,0.041575984654605595,1,0.6666666666666666,0.18693,1.0
Irfan,0.34630357142857143,3.75,0.8131861802984586,10,0.21428571428571427,-3.3759675,0.4375
IronMan23,8.7915,17.49975,12.315325254535505,2,0.0,-17.583,1.0
IsItPossible,1.875,1.875,0.0,1,1.0,0.31344,0.0
Isnotaustin,0.0045000000000000005,0.060000000000000005,0.00982997346783695,8,0.8421052631578947,-0.0703725,0.0
ItalianJob,0.31275000000000003,0.75,0.2243661070661075,5,0.3333333333333333,-1.1065725,0.6666666666666666
ItsArtist,0.9555,3.75,1.8631461295346643,3,0.5,0.6119924999999999,0.0
ItzVictory,1.5,1.5,0.0,1,1.0,0.7562475,0.0
Izamu,0.012355263157894735,0.10275,0.024734045894592126,5,0.3157894736842105,-0.09128249999999999,0.5
JBDGW,0.216875,0.75,0.2751600329808092,2,0.5,-0.135255,0.3333333333333333
JHDaeMo,1.875,1.875,0.0,1,1.0,0.1091775,0.0
JJAnA,0.75,0.75,0.0,1,1.0,0.02265,0.0
JJB,0.15,0.15,0.0,1,0.0,-0.15,0.0
JJDAHM,0.375,0.375,0.0,1,1.0,0.0375,0.0
JL1016,0.48749999999999993,0.8999999999999999,0.5833630944789017,2,1.0,2.8655475000000004,0.0
JPal713,3.75,3.75,0.0,1,1.0,0.3,0.0
JSGrappler,0.075,0.075,0.0,1,1.0,0.0795,0.0
JULIEN,0.375,0.375,0.0,1,1.0,0.0375,0.0
J_ROC,0.16725,0.273,0.1495530842209548,1,0.0,-0.3345,0.0
Jack1234,0.178125,0.20625000000000002,0.03977475644174331,2,1.0,0.064065,0.0
JackHoxton,0.1880625,0.75,0.374625,2,0.5,0.027885,0.5
JackInTheHate,0.26899999999999996,0.46875,0.183470195127165,2,1.0,0.22618499999999997,0.0
JackLawson,0.75,0.75,0.0,1,0.0,-0.75,0.0
JackTheRipper44,0.008464285714285714,0.02025,0.005657643376126545,4,0.8571428571428571,0.0100575,0.0
JacksonOG,2.4375,3.75,1.8561553006146871,1,1.0,0.28500000000000003,0.0
Jacksondubart,0.11772656249999999,0.699,0.14715094509598342,7,0.125,-2.9972475,0.37037037037037035
Jagvar,6.134480769230769,65.625,17.967117932971547,7,0.23076923076923078,176.99890499999998,0.6666666666666666
Jahin,0.015000000000000001,0.015000000000000001,0.0,1,1.0,0.00015000000000000001,0.0
Jakescott1,7.5375,15.0,10.553568709209221,2,1.0,1.9791150000000002,0.0
Jaklinka,0.4875,0.75,0.37123106012293744,2,0.5,-0.7005,0.0
Jaksh,1.875,1.875,0.0,1,0.0,-1.875,0.0
JamalK,1.35125,3.75,1.8603653874978432,4,0.5,-0.04089000000000009,0.6666666666666666
JamesFox,18.75,18.75,0.0,1,0.0,-18.75,0.0
JamesK,0.8647499999999999,0.8647499999999999,0.0,1,1.0,0.10377000000000002,0.0
JamesPond,0.0028928571428571428,0.01125,0.0036851536118399655,5,0.42857142857142855,-0.01092,0.3333333333333333
JamieMac,0.026785714285714284,0.075,0.03293662746201299,2,1.0,0.0207225,0.0
Jamie_007,0.0675,0.0675,0.0,1,0.0,-0.0675,0.0
Jamilkhan,0.3362934782608696,7.5,1.110464739177486,12,0.17391304347826086,-4.427595,0.39473684210526316
JanusToken,0.00721875,0.007500000000000001,0.0011250000000000003,4,0.875,-0.003885000000000001,0.5
Jarnisto,0.012750000000000003,0.033,0.015193748714520719,2,0.0,-0.07650000000000001,0.6
JarrodJS,0.9541875,2.727,1.2373321666492794,2,0.75,-0.18774000000000013,0.0
Jatin,0.165125,0.375,0.17088181222704774,4,0.0,-0.99075,0.4
Jayhat,15.0,15.0,0.0,1,1.0,5.7328425,0.0
JaymesC,16.61175,40.04325,16.723084273691864,4,0.0,-66.447,0.3333333333333333
Jayson,0.0225,0.0375,0.021213203435596427,2,0.5,-0.0057,1.0
Jbreese99,1.5,1.5,0.0,1,0.0,-1.5,0.0
Je_Veux,5.8012500000000005,11.58375,8.177689924422422,2,1.0,0.6959625,0.0
Jeffery,0.75,0.75,0.0,1,1.0,0.0375,0.0
JekaChe,0.013218750000000001,0.23475000000000001,0.02972397742329851,19,0.45,0.1930275,0.4090909090909091
Jello1030,0.88125,1.875,0.7203514767111955,3,1.0,1.7512949999999998,0.0
JesusDied,0.009250000000000001,0.01875,0.005263375817856825,2,0.3333333333333333,-0.0438,0.4
Jezzah87,0.058124999999999996,0.09,0.045078057300642405,1,0.5,-0.017249999999999998,1.0
Jgonda,1.659375,3.0,1.2096293337216983,4,0.5,3.1496999999999993,0.25
Jhae23,0.75,0.75,0.0,1,0.0,-0.75,0.0
Jiggles,0.0571875,0.11325,0.05722775222739401,2,0.75,-0.0834975,0.0
JimCarry,0.1426875,3.8400000000000003,0.63173159636069,16,0.5625,6.3115950000000005,0.5
Jinx209,16.879125,21.0,5.827797313844228,2,0.5,-11.5422675,0.0
Jio,6.375000000000001,6.375000000000001,0.0,1,1.0,0.67227,0.0
Jireh,0.832875,0.83325,0.0005303300858899308,2,1.0,0.3414825,0.0
Jjaxus,0.25125,0.4875,0.3341079541106437,2,1.0,0.033405,0.0
Jkvi1a,8.550299999999998,37.50075,16.247735231986947,3,0.8,3.1836675000000003,0.0
Jlau,201.041625,750.0,365.9863760176907,3,0.0,-804.1665,0.6666666666666666
Jm79ca,0.2818125,0.375,0.186375,3,0.0,-1.12725,0.3333333333333333
Jmgigliotti,0.075,0.075,0.0,1,1.0,0.009000000000000001,0.0
JoeGambles,0.29775,0.29775,0.0,1,1.0,0.014887500000000001,0.0
John42,0.775,1.5,0.7128288714691626,3,0.3333333333333333,-1.1889675,0.5
John90,1.143375,1.91175,1.086646345988427,2,1.0,0.41235000000000005,0.0
JohnL,0.02835576923076923,2.10675,0.1511326524129428,40,0.6239316239316239,-2.197635,0.3793103448275862
Johnny91,0.013153846153846155,0.15375,0.0422699088277665,5,0.6923076923076923,0.0770475,0.25
JohnnyMiha,2.6253,4.9995,2.085775795417619,3,0.6,-0.575587500000001,0.0
Jojer,1.582125,3.01425,2.0253305980135687,2,0.5,-2.390775,0.0
Jokitoki,0.0045000000000000005,0.007500000000000001,0.004242640687119285,2,1.0,0.0032325,0.0
Jonath198,0.375,0.375,0.0,1,1.0,0.5625,0.0
Jonhsmith,4.125,7.5,4.772970773009196,2,0.5,-7.2,0.0
Jonnydepp,0.019627659574468086,0.3015,0.053585665677888715,10,0.14893617021276595,-0.3731025,0.4358974358974359
Jonyc,0.009000000000000001,0.015000000000000001,0.003354101966249685,1,0.6,0.0029624999999999973,0.0
JordanStaires,0.0225,0.0225,0.0,1,0.0,-0.0225,0.0
JoshiePoshie,1.6199999999999999,6.0,2.924121727117392,4,0.5,-5.868105,0.5
Joysticker,0.3175,3.0,0.7586682116427068,6,1.0,1.5013725,0.0
Jr5uclezFwvDFV5,0.07833333333333334,0.20775000000000002,0.06520915867422306,3,0.4444444444444444,0.13511250000000002,0.5
Jshah,0.075,0.075,0.0,1,1.0,0.007500000000000001,0.0
Judas,0.375,0.5625,0.2651650429449553,1,0.5,1.1015175000000001,0.0
Juddz96,21.17458333333333,75.0,17.896387554475904,10,0.7222222222222222,-11.31308250000001,0.4
Junx,0.75,0.75,0.0,1,1.0,0.09,0.0
JustABadHairDay,0.0022500000000000003,0.0022500000000000003,0.0,1,1.0,0.000495,0.0
Justinechin,0.015000000000000001,0.015000000000000001,0.0,1,1.0,0.0031500000000000005,0.0
K4H1LL,0.6918461538461538,3.75,1.0596885912307519,13,0.5,-5.51637,0.3333333333333333
KA34,0.007607142857142858,0.00825,0.00028347335475691993,2,0.8571428571428571,0.009614999999999999,1.0
KATU66,0.0037500000000000003,0.012,0.003921096785339531,3,0.14285714285714285,-0.0247425,0.4
KDoge,5.7934090909090905,60.0,17.985326698545375,7,0.6363636363636364,4.8893325,0.3333333333333333
KELLEY,0.007500000000000001,0.007500000000000001,0.0,1,0.0,-0.007500000000000001,0.0
KHAL,0.00075,0.00075,0.0,1,0.0,-0.00075,0.0
KJHF,3.75,3.75,0.0,1,1.0,0.75,0.0
KMJ,0.12571875,0.9277500000000001,0.3039046982608199,3,0.1875,2.0939175000000008,0.4166666666666667
KOMA,0.035250000000000004,0.042,0.005857687256929994,2,1.0,0.006697499999999999,0.0
KTM,0.1866818181818182,0.9510000000000001,0.27891076285501004,3,0.45454545454545453,-1.1043375,0.2
KUCH,0.61455,1.7925000000000002,0.7620656221743637,5,0.4,0.39836250000000006,1.0
Kabuto1234,0.075,0.075,0.0,1,1.0,0.015000000000000001,0.0
KacperSP4,69.24,69.24,0.0,1,1.0,8.3088,0.0
Kainat,30.75,30.75,0.0,1,1.0,8.9175,0.0
Kakaland3000,0.020583333333333332,0.056249999999999994,0.01824486229051894,2,1.0,0.0848175,0.0
Kaleb,0.00075,0.00075,0.0,1,0.0,-0.00075,0.0
Kallistro,0.0057954545454545455,0.0225,0.006725713885731929,3,0.5454545454545454,-0.0001649999999999999,0.75
Kamatoz,0.01005,0.075,0.01960376899018884,13,0.4666666666666667,-0.0694425,0.4666666666666667
Kamilek,0.44999999999999996,0.44999999999999996,0.0,1,0.0,-0.44999999999999996,0.0
Kanan2015,15.0,15.0,0.0,1,1.0,10.765717500000001,0.0
KaneW1,0.64036875,12.9,2.1910067159748996,11,0.275,-8.9124225,0.5
Karam75,0.056249999999999994,0.09,0.047729707730091955,1,0.5,-0.0675,0.0
KarelPoborsky,0.075,0.075,0.0,1,0.5,-0.0400875,0.0
Kassucksdicks,0.0375,0.0375,0.0,2,1.0,0.043702500000000005,0.0
Katyboo,0.219,0.75,0.3083859189392408,4,1.0,0.15606,0.0
KavanaghSBG,1.5,2.25,1.0606601717798212,2,1.0,1.45689,0.0
KawaiiCat,37.5,37.5,0.0,1,0.0,-37.5,0.0
Kaxon,0.32549999999999996,0.32549999999999996,0.0,1,0.0,-0.32549999999999996,0.0
Kay,0.00075,0.00075,0.0,1,1.0,3e-05,0.0
Kayla47,0.07575,0.22275,0.07225968793179223,6,0.45454545454545453,-0.5622,0.3333333333333333
Kehne0,0.0014999999999999998,0.003,0.001299038105676658,2,0.6666666666666666,-0.001485,0.0
Kelly01,0.0375,0.0375,0.0,1,1.0,0.0033,0.0
Kelsjdndsnia,0.375,0.375,0.0,1,1.0,0.0225,0.0
Kennynguyen,8.75,15.0,5.7282196186948,2,0.3333333333333333,21.005804999999995,0.5
Kennynguyenvu,3.9375,7.5,2.7641680484369977,3,0.0,-15.75,0.6666666666666666
Kennyvunhu,6.749999999999999,6.749999999999999,0.0,1,0.0,-6.749999999999999,0.0
Kentot,3.75,3.75,0.0,1,0.0,-3.75,0.0
KetSuper1,0.10706249999999999,0.375,0.17968240210159703,1,1.0,0.11375249999999999,0.0
KevinSpacey4217,8.625,15.750000000000002,10.076271631908304,2,0.5,-0.39749999999999996,0.0
Kevins,2.0159999999999996,4.86525,2.5052477796617243,3,1.0,0.9262724999999999,0.0
Kevzer,4.125,7.5,1.3887301496588274,3,0.875,3.6198974999999995,0.0
Kgsin,0.007500000000000001,0.007500000000000001,0.0,1,0.0,-0.007500000000000001,0.0
Khansaab,0.26794999999999997,2.25,0.6681944100655566,10,0.6666666666666666,0.4806375,0.5
KickItDown,6.57725,19.5,11.192021910159932,2,0.6666666666666666,23.177204999999997,0.0
KillJoyHF,5.15625,11.25,4.224648654030297,3,0.5,-5.975842500000001,0.5
KillSomeBiches,0.007500000000000001,0.007500000000000001,0.0,1,0.0,-0.007500000000000001,0.0
Killajones89,0.1875,0.375,0.057791381277834154,6,0.7878787878787878,-0.20601750000000002,0.0
Killer_Prad,0.08950000000000001,0.162,0.07471571119918488,2,0.3333333333333333,-0.2481,0.0
Kimmmm,0.15,0.15,0.0,1,1.0,0.030000000000000002,0.0
KingFerviuz,0.03375,0.057,0.03288046532517446,1,0.0,-0.0675,0.0
Kipper,0.0630592105263158,0.6975,0.12766734426333062,7,0.868421052631579,0.036585000000000006,0.0
Kirr923,0.025156249999999998,1.2855,0.1072494709492562,34,0.375,-1.1134649999999997,0.3358208955223881
Kirtokon,0.15637500000000001,0.30825,0.21478368478541382,2,0.5,0.0448875,1.0
Kirtokos,0.6165,0.9915,0.5303300858899106,1,0.5,-0.8974350000000001,0.0
Kishore,0.489375,0.75,0.17483474340073257,2,0.25,-1.2075,0.5
KittyP,2.7045000000000003,21.50025,7.5946402388225644,3,0.25,-21.297390000000004,0.6
Kittymeow,0.375,0.375,0.0,1,0.0,-0.375,0.0
KiyoHF,4.314875,13.499999999999998,4.318748526509418,4,0.6666666666666666,-4.73958,0.3333333333333333
Kizen,0.0025,0.003,0.0004330127018922192,1,0.3333333333333333,0.0076124999999999995,1.0
Kjbeav,0.375,0.375,0.0,1,1.0,0.01875,0.0
Klaus,0.025249999999999998,0.0375,0.021217622392718745,2,0.6666666666666666,0.068715,1.0
Klaus01,0.01025,0.0225,0.011132722039106159,3,0.3333333333333333,-0.029947500000000002,0.5
KlausYP,2.25,3.75,2.1213203435596424,1,0.0,-4.5,0.0
Klaus_Kinski,0.68125,1.875,1.0348799749246287,1,1.0,0.46589249999999993,0.0
Klaypex,0.37499999999999994,0.6749999999999999,0.42426406871192845,1,0.0,-0.7499999999999999,0.0
Kler7,0.049374999999999995,0.22499999999999998,0.08829945498133042,2,0.6666666666666666,0.07831500000000001,1.0
Klyntx,0.0015,0.0015,0.0,1,0.0,-0.0015,0.0
Knights0630,0.21477272727272725,0.44999999999999996,0.12560082874654202,7,0.45454545454545453,0.2710125000000003,0.5
Knox,0.7290927419354839,60.0,4.4656214028186385,35,0.22043010752688172,68.019285,0.19444444444444445
KoBaTeJIb,0.00825,0.00825,0.0,1,0.0,-0.00825,0.0
Kofmeister1337,0.010750000000000001,0.0225,0.010980095627998874,2,0.0,-0.03225,0.5
Kofte,0.04125,0.04125,0.0,1,1.0,0.0119625,0.0
KoltonS,0.375,0.375,0.0,1,1.0,0.0375,0.0
Konde,1.0335,1.07325,0.056214989104330496,1,0.5,-0.7898325,1.0
KoopaWert,0.0375,0.0375,0.0,1,0.0,-0.0375,0.0
Korag,0.09,0.09,0.0,1,0.0,-0.09,0.0
Korean,0.18,0.18,0.0,1,0.0,-0.18,0.0
KoreanNinja,0.3,0.3,0.0,1,0.5,-0.1433175,0.0
Korefan,0.12500000000000003,0.24000000000000002,0.11258330249197704,3,0.3333333333333333,-0.13152000000000003,1.0
KorolevGeorg,0.058333333333333334,0.375,0.09790894629555505,7,0.4444444444444444,-0.286365,0.3333333333333333
Kostyaw,0.05,0.21375,0.06340834051651897,11,0.9444444444444444,0.12597,1.0
Kowalski005,0.30255,0.75,0.4084752287471053,4,0.4,-0.012750000000000001,0.5
Krayton,0.7424999999999999,2.25,0.8265326672310055,5,0.5714285714285714,-0.17861999999999995,0.6666666666666666
Krayton2,0.735,0.735,0.0,1,1.0,0.25441500000000006,0.0
Krislyn,0.007500000000000001,0.007500000000000001,0.0,1,1.0,0.0023625,0.0
KrivoiEnot,0.44999999999999996,0.44999999999999996,0.0,1,0.0,-0.44999999999999996,0.0
KrizzlyBear,1.5,1.5,0.0,1,1.0,0.32817749999999996,0.0
KrizzlyBear69,3.75,3.75,0.0,1,1.0,1.3491374999999999,0.0
Krolik13,0.007500000000000001,0.007500000000000001,0.0,1,1.0,0.0015524999999999998,0.0
Krug,0.0625530303030303,2.79825,0.2840087943107142,25,0.47474747474747475,-3.5294399999999997,0.45098039215686275
Ksabslaxin420,3.75,3.75,0.0,2,1.0,1.275,0.0
Kuehn4,0.21915,0.33749999999999997,0.12163811594233116,2,1.0,0.057225,0.0
Kuinox,0.006,0.007500000000000001,0.0021213203435596424,2,0.5,-0.007110000000000001,0.0
Kyfran,0.0014224137931034483,0.015000000000000001,0.002684365654212787,6,0.7931034482758621,-0.0006750000000000001,0.0
Kyfran2,0.0010673076923076923,0.003,0.0007699275690209187,5,0.6153846153846154,-0.0063675,0.1
Kylandomos,0.004125,0.007500000000000001,0.004772970773009196,1,0.5,-0.0073950000000000005,0.0
L00PY,0.09375,0.09375,0.0,1,1.0,0.092535,0.0
L0v3,4.125,7.5,4.772970773009196,1,1.0,1.7487974999999998,0.0
L0v3Bi1t,0.375,0.375,0.0,1,0.0,-0.375,0.0
LACHATTE_ATAMERE,2.625,3.75,1.590990257669732,1,0.5,2.967435,0.0
LLAMACOIN,0.0495,0.0495,0.0,1,1.0,0.026924999999999998,0.0
LOGIN8619,0.06824999999999999,0.06974999999999999,0.0021213203435596446,1,0.5,-0.06395999999999999,1.0
LSD,0.024,0.024,0.0,1,0.0,-0.024,0.0
LUKA,0.33645833333333336,1.3499999999999999,0.40293981073037266,13,0.1111111111111111,-5.08626,0.3125
Labuhengge,0.7194375,1.3094999999999999,0.5249276289404092,3,0.75,0.21588,0.0
Lakai,0.15,0.15,0.0,1,0.0,-0.15,0.0
Lakhya666,0.075,0.075,0.0,1,1.0,0.0391725,0.0
Laletin,0.0405,0.10725,0.0372309095376409,2,0.7777777777777778,0.0003675000000000028,0.5
Lana8791,0.015000000000000001,0.015000000000000001,0.0,1,1.0,0.0042675000000000005,0.0
LanceVance,0.006000000000000001,0.007500000000000001,0.0025980762113533163,2,0.6666666666666666,-0.006195000000000001,0.0
Lancer,0.0345,0.12000000000000001,0.048778837624527296,2,0.4,-0.13893,0.3333333333333333
Landrew,0.54165,1.10325,0.44219589126313696,2,0.8,0.5952074999999999,1.0
Lanky,7.5,7.5,0.0,1,1.0,4.125,0.0
Lars_1511,0.01875,0.01875,0.0,1,1.0,0.007500000000000001,0.0
LastLeft,0.15,0.15,0.0,2,1.0,0.0689775,0.0
Lastman1011,0.075,0.075,0.0,1,0.5,0.0035400000000000015,0.0
Lastmy20dollar,14.7,75.0,21.700230413523265,4,0.9,-50.03442,0.0
LazyStrafes,0.0425,0.075,0.03031088913245535,1,0.3333333333333333,-0.09726749999999999,0.5
Leaderboard,0.01875,0.045,0.01758905909933786,1,0.75,0.0033824999999999984,0.0
LeanSquad,0.12000000000000001,0.48000000000000004,0.18000000000000002,2,0.6666666666666666,0.19055999999999998,1.0
Leecs,0.03496875,0.129,0.04598028255598884,3,0.125,0.92196,0.3333333333333333
Leeps,0.014624999999999999,0.0255,0.008584142356694698,1,0.25,0.22671,0.5
Legend9876,0.2838,2.7435,0.8644087719360558,3,0.2,-2.8259475000000003,0.5714285714285714
Legion,0.019200000000000002,0.075,0.03135053827289094,2,0.6,-0.0789825,1.0
Lejoha,1.125,1.5,0.5303300858899106,2,0.5,-0.05999999999999994,1.0
Leshabump,0.017445652173913043,0.192,0.03942138008124375,11,0.6521739130434783,-0.20070749999999998,0.42857142857142855
LessThan3,0.045,0.045,0.0,1,0.0,-0.045,0.0
Levi,1.7443125,3.73275,1.5707088417733568,2,0.25,-3.8077499999999995,1.0
Levi123,12.0,22.5,6.161878771933119,3,0.8,-6.15,0.0
Lewik8,0.03536029411764706,0.49124999999999996,0.09325882830856622,14,0.29411764705882354,-0.4887225,0.4166666666666667
Lexyslasher,11.860500000000002,11.860500000000002,0.0,1,1.0,10.877849999999999,0.0
Liamyeomans12,0.00075,0.00075,0.0,1,1.0,0.00017250000000000002,0.0
Liekelikt,0.07775,0.22499999999999998,0.1275668942163287,2,0.3333333333333333,-0.22415249999999998,0.5
LiftedSpirit,153.08325,153.08325,0.0,1,1.0,56.515282500000005,0.0
LilaLopez47,0.37025,3.636,0.9213913925223558,6,0.6666666666666666,0.47637,0.4
LimitlessAP,0.05025,0.05025,0.0,1,1.0,0.007387499999999999,0.0
LiparevAnton,0.00225,0.006,0.0021866069605669877,2,0.8,0.025274999999999995,1.0
Lis5551,0.75,0.75,0.0,1,1.0,0.0996375,0.0
LittyasaTitty,7.5,7.5,0.0,1,1.0,2.175,0.0
LoanMANAGER,0.037875,0.075,0.052502678503101155,2,1.0,0.005655,0.0
Localmachine,0.01125,0.01125,0.0,1,1.0,0.0012675,0.0
LonelyRoad,1.125,1.5,0.5303300858899106,2,0.0,-2.25,1.0
Loon-,1.5899999999999999,1.5899999999999999,0.0,1,0.0,-1.5899999999999999,0.0
LordCoder,0.4999,2.4644999999999997,0.6055058821149981,9,0.6,3.4698,0.4166666666666667
LordCoder_HF,0.5976,2.5965,1.1178505825914302,2,0.8,2.80095,0.0
LordMafia09,10.86,30.0,13.21337958283194,3,0.5,8.370375000000001,0.0
Lorebenzo,0.08033333333333334,0.624,0.16185427919059692,7,0.6296296296296297,-1.0101375000000001,0.6
Lorismiller,11.25,11.25,0.0,1,1.0,17.8875,0.0
LouisV,0.473325,1.5,0.591987906337621,6,0.1,-4.43625,0.3333333333333333
LoveLosing,2.25,7.5,3.5044614422190468,3,0.25,-8.370000000000001,0.5
Low-life,22.5,22.5,0.0,1,0.0,-22.5,0.0
LowBuyIn,21.0,21.0,0.0,1,0.0,-21.0,0.0
LowInput,0.0177375,0.060750000000000005,0.017720318957269603,5,0.1,-0.24949500000000002,0.5882352941176471
LowOnBTC,1.5,1.5,0.0,1,0.0,-1.5,0.0
Loyal,0.186,0.3,0.11962558777285066,2,0.6,-0.2173875,0.5
Lucky09,1.125,1.125,0.0,1,1.0,0.3985275,0.0
Lucky13,0.14639062500000002,0.9195000000000001,0.28178452123253683,6,0.4375,1.4049974999999997,0.25
LuckyCard,0.006750000000000001,0.007500000000000001,0.0010606601717798219,2,0.0,-0.013500000000000002,1.0
LuckyDucky,0.003875,0.007500000000000001,0.003466806888189765,6,0.8333333333333334,-0.0019200000000000007,0.0
LuckySan,1.7539999999999998,3.0,1.5545250078400155,2,0.0,-5.262,1.0
Lucky_Man,0.010875000000000001,0.0225,0.006080426868986331,9,0.8333333333333334,-0.0021600000000000005,0.5
Luffy,0.202125,0.22499999999999998,0.03235013523928452,2,0.0,-0.40425,0.0
Luigimarquez,0.01275,0.01275,0.0,1,1.0,0.0021149999999999997,0.0
Luke4311,16.25,37.5,11.039701082909808,4,0.8333333333333334,27.190859999999997,0.0
Luxerion,0.16070454545454546,2.9505,0.5008271538186744,12,0.11363636363636363,9.026190000000001,0.5526315789473685
Luxo,0.017818421052631577,0.09674999999999999,0.015918444160836816,22,0.6105263157894737,-0.1856775,0.32432432432432434
M3NN0,41.66625,41.66625,0.0,1,0.0,-41.66625,0.0
M64GamingYT,0.018750000000000003,0.030000000000000002,0.015909902576697322,2,0.5,0.0015000000000000005,0.0
MARLBOROBLACK,0.43499999999999994,1.2,0.5179888994949602,5,0.2,-0.6479250000000001,0.3333333333333333
MARLBOROLIGHTS,0.325375,1.05,0.34954854813029906,9,0.4166666666666667,7.0250025,0.5
MARLBOROREDS,0.5131153846153846,1.7999999999999998,0.46054014608266886,10,0.38461538461538464,4.13565,0.6
MAXzarabotok,36.75,37.5,1.0606601717798212,2,0.0,-73.5,0.0
MAkSQWI,0.48000000000000004,0.48000000000000004,0.0,1,1.0,0.48650249999999995,0.0
MB1,0.008347826086956523,0.13725,0.02062802020047742,12,0.6739130434782609,-0.07105500000000002,0.3333333333333333
MCWarriorz,0.07864285714285714,0.28500000000000003,0.06418102189454895,6,1.0,0.09219000000000001,0.0
MEbit,0.15949999999999998,0.33749999999999997,0.15419812742053646,2,0.3333333333333333,-0.33498749999999994,1.0
MOFO,1.5,1.5,0.0,1,0.0,-1.5,0.0
MPretzel17,0.11249999999999999,0.11249999999999999,0.0,1,1.0,0.0225,0.0
MRS_smith,0.30374999999999996,0.30374999999999996,0.0,1,1.0,0.10863,0.0
MaMeMiMoMu,0.1524375,0.75,0.21663907196071536,11,0.1875,0.7397025000000002,0.25
MaShi,10.39155,30.0,12.938614186805324,3,0.8,-10.609380000000002,1.0
MacFag,0.00525,0.0135,0.006166441437328339,2,0.5,-0.01275,0.5
Mack_Illusionist,1.5,1.5,0.0,1,1.0,0.38931750000000004,0.0
Macy,0.375,0.375,0.0,1,1.0,0.01875,0.0
MadeToBurst_com,0.02625,0.02625,0.0,1,1.0,0.0056025,0.0
Mafioza,0.00645,0.007500000000000001,0.0023237900077244505,4,0.9,0.005175,0.0
Mafo5000,0.45375,0.45375,0.0,1,1.0,0.037724999999999995,0.0
Maharaja,0.549075,3.4080000000000004,1.1155314568626025,6,0.4,14.929815,0.4
Makaleli,0.0225,0.0375,0.017320508075688773,3,1.0,0.0052575,0.0
Makaveli,0.0022500000000000003,0.0037500000000000003,0.0015,2,0.0,-0.006750000000000001,0.5
MakeBank3,0.0011250000000000001,0.0015,0.0004330127018922193,3,0.25,-0.0029775,0.0
MakeKilling,0.75,0.75,0.0,1,0.0,-0.75,0.0
Makemoney4,5.25,5.25,0.0,1,0.0,-5.25,0.0
MakiArt,0.011022727272727273,0.12000000000000001,0.021218576364934228,13,0.18181818181818182,-0.0868875,0.37037037037037035
MakiGame,0.0325,0.0915,0.04347326764806161,5,0.3333333333333333,0.30210000000000004,0.3333333333333333
Makknyusz,0.05585393258426966,0.84,0.11310858625893706,19,0.9438202247191011,0.7839674999999999,0.4
Makskiled,0.00075,0.00075,0.0,10,0.5185185185185185,0.0017399999999999998,0.0
Malc,0.2766176470588235,1.125,0.3616794065282369,6,0.6470588235294118,0.22459499999999993,0.5
Malder78,0.89925,1.49925,0.33541019662496835,4,0.6,2.5264949999999997,1.0
Malfoy,0.0035625,0.00675,0.002741056886885578,7,0.875,0.0033599999999999997,0.0
Mammt,4.5,7.5,4.242640687119285,1,0.0,-9.0,1.0
Manarx1978,0.0055000000000000005,0.015000000000000001,0.008227241335952167,3,0.6666666666666666,-0.013237500000000001,0.0
ManisoBatu,0.06937499999999999,0.075,0.007954951288348663,2,0.5,-0.03135,1.0
Manja,5.779411764705882,30.0,8.187782606258727,6,0.5882352941176471,39.505185000000004,0.0
Mansur,0.0045487012987012986,0.060000000000000005,0.007954335023092979,16,0.38961038961038963,0.143205,0.40425531914893614
Marat7777,0.346875,0.7949999999999999,0.3654983755093858,3,0.5,1.1947875,1.0
MarcusTacus,0.375,0.375,0.0,1,1.0,0.1134375,0.0
Margoooooo,0.00075,0.00075,0.0,1,1.0,7.5e-06,0.0
Mariman22,0.00075,0.00075,0.0,1,1.0,0.000615,0.0
Mariy,0.0007500000000000001,0.00075,0.0,7,0.9166666666666666,-0.000285,0.0
MarkSukhinin,0.015000000000000001,0.015000000000000001,0.0,1,1.0,0.0020025,0.0
MarkT1me,0.045,0.045,0.0,1,1.0,0.0045000000000000005,0.0
MarkyWorld,0.613875,2.475,0.9081701554499575,6,1.0,0.69945,0.0
Marlboro,0.0675,0.0675,0.0,1,1.0,0.0135,0.0
Marphillips,0.10066666666666667,0.192,0.06125114794842624,3,0.5555555555555556,0.41293500000000005,0.75
Marselyaka,0.012,0.012,0.0,1,0.0,-0.012,0.0
Marsguy,0.16499999999999998,1.4625,0.32902716453204894,6,0.6842105263157895,-1.9832625,0.4
MartinBot,0.6507698019801981,2.1765,0.49138145274721196,24,0.8316831683168316,5.1981075,0.6470588235294118
MartinG,0.34732142857142856,4.6455,1.005240248469418,11,0.5714285714285714,2.09634,0.4444444444444444
Martu90,14.594999999999999,33.75,13.518903431861624,2,0.4,-40.49295,0.3333333333333333
MaseSpace,0.789,3.75,1.4259294994844591,6,0.42857142857142855,-1.307505,0.5
MaskedStash,0.075,0.075,0.0,1,1.0,0.0037500000000000003,0.0
Masonnnn7,0.28125,0.375,0.13258252147247765,1,0.5,-0.328125,0.0
Masterpipe6969,0.39570000000000005,1.5352500000000002,0.6476506436729605,2,0.4,-1.7389125000000003,0.3333333333333333
Matchuga,0.007500000000000001,0.007500000000000001,0.0,1,1.0,0.0014625,0.0
Matrix7,0.9375,1.5,0.795495128834866,2,1.0,0.4856475,0.0
Mattman,0.02251136363636364,0.5655,0.0718001423801109,18,0.6515151515151515,0.4815375,0.4782608695652174
MattyMagnificent,0.00075,0.00075,0.0,1,1.0,0.0011775,0.0
Max0nych,5.25,5.25,0.0,1,1.0,0.2625,0.0
Max333,0.41600000000000004,2.508,0.7071498186886769,8,0.5333333333333333,-3.7013024999999997,0.2857142857142857
MaxDegen,2.54925,8.24025,3.8029095933245634,4,0.75,4.826242499999999,0.0
Maxsorre,0.0022500000000000003,0.0022500000000000003,0.0,1,0.0,-0.0022500000000000003,0.0
Maxxx,0.012,0.012,0.0,1,1.0,0.0122925,0.0
Me16,0.0765,0.0765,0.0,1,0.0,-0.0765,0.0
Mechoj,0.15269230769230768,1.65375,0.3895138943435005,10,0.6153846153846154,1.24239,0.21428571428571427
MeddHF,8.25,15.0,9.545941546018392,1,0.0,-16.5,0.0
Mediana,80.83749999999999,300.0,108.37871533423895,3,0.5,-25.816229999999994,0.3333333333333333
Meeseeks,0.024,0.04425,0.013869931506680196,3,0.0,-0.12,0.25
MeesterPlusser,0.00309,0.01575,0.0036698944126500425,4,0.08,-0.02472,0.4090909090909091
Meggie1108,0.2544,0.6345,0.22900584053687364,4,0.6,0.5169675,1.0
MegureRain,0.02506578947368421,0.35325,0.08042011400664703,8,0.0,-0.47625,0.5555555555555556
Memet,0.37575,0.75,0.5292694257181308,2,0.5,0.036,0.0
MennoUpMyAss,6.661499999999999,6.661499999999999,0.0,1,1.0,2.065065,0.0
MeoworWoof,0.11841346153846154,2.25,0.4434721183023104,9,0.6538461538461539,-2.8365675,0.5
Meowth,0.012,0.012,0.0,1,1.0,0.003,0.0
Merc,0.6756275510204082,10.5,1.9454737574544352,18,0.7346938775510204,-1.6167749999999999,0.5384615384615384
MesterX,0.09409090909090909,0.72,0.1597999967491832,5,0.6818181818181818,0.7627650000000001,0.42857142857142855
Mexican,0.09,0.09,0.0,1,1.0,0.0468,0.0
Mezzah,31.875,75.0,32.185982973959334,3,1.0,108.07358249999999,0.0
MiDevil22,0.004050000000000001,0.009000000000000001,0.004518711099417621,1,1.0,0.0024225,0.0
MiamiDevil,0.4125,0.75,0.4772970773009196,2,0.0,-0.825,1.0
Mianmohsin,2.25,3.75,2.1213203435596424,2,0.5,0.0,0.0
MichaelDJ,0.007500000000000001,0.007500000000000001,0.0,1,1.0,0.007500000000000001,0.0
Michi,0.636,0.636,0.0,1,1.0,0.00636,0.0
MideMillions,6.375,18.75,8.5923294280422,8,0.3076923076923077,28.397302500000002,0.3333333333333333
MihajloJokic,0.0015,0.0015,0.0,1,0.0,-0.0015,0.0
Miheysan,0.004575000000000001,0.01125,0.003210334873498402,6,1.0,0.005385,0.0
Mihnikols,0.0050625,0.01125,0.0029116453375073984,8,0.875,-0.002340000000000001,0.0
Mike1998,4.5855,4.5855,0.0,1,1.0,0.09171,0.0
MikeAvramidis21,0.193875,0.375,0.25614943148482683,2,1.0,0.0474375,0.0
MikeT,0.9107013422818793,8.955,1.5505429856677921,28,0.44966442953020136,9.770309999999998,0.4691358024691358
Mikolkaparavoz,0.075,0.075,0.0,1,0.0,-0.075,0.0
Milan97,0.007500000000000001,0.007500000000000001,0.0,1,1.0,0.00075,0.0
Millioner,0.55275,3.039,1.0103102050985706,10,0.4,0.23145000000000038,0.5454545454545454
MindTaunt,0.15559090909090909,0.75,0.2295294989954252,5,0.36363636363636365,0.00030749999999997446,0.5
Mineplex,0.20508088235294117,1.5,0.3551238032127511,8,0.8529411764705882,0.16729499999999997,0.2
MinnieMouse,0.0037500000000000003,0.0037500000000000003,0.0,1,0.0,-0.0037500000000000003,0.0
Miraki,0.22597499999999998,0.83325,0.27244381301472054,6,0.6,1.1959425000000001,0.5
Mirata,0.0225,0.0225,0.0,1,0.0,-0.0225,0.0
Miroslav2002,0.15,0.15,0.0,1,1.0,0.1523625,0.0
Miserys,0.057374999999999995,0.17625,0.07126071348025001,3,0.375,-0.3560475,0.4
Misha7286,0.099,0.099,0.0,1,0.0,-0.099,0.0
MisterRaver,0.03916666666666666,0.09,0.023838398242525247,5,0.4074074074074074,-0.23362499999999997,0.4
Mistic85,4.942500000000001,18.75,7.878542060559175,4,0.6,13.750432500000002,0.0
Mizanbd,0.1171875,0.22499999999999998,0.08975879135215668,4,0.75,0.3230025,1.0
Mjpbaseball1,0.0375,0.0375,0.0,1,1.0,0.005625,0.0
MoJIog4uk,0.093,0.1485,0.07848885271170676,2,1.0,0.06525750000000001,0.0
MoMoneyMoProblem,19.823999999999998,27.36,10.657513406043643,2,0.5,11.157765000000001,1.0
Moist,0.075,0.075,0.0,1,1.0,0.0767925,0.0
Moleman420,0.0405,0.15975,0.03501167387732708,3,0.2857142857142857,0.059992500000000004,0.5
MommiesStrats,0.035124999999999997,0.10125,0.029292509902083097,3,0.08333333333333333,-0.17295000000000002,0.5
Monakzm99,0.24375,0.75,0.3375,3,1.0,0.0954525,0.0
MoneyLaundry,3.75,3.75,0.0,1,1.0,0.375,0.0
MoneyMaker,0.0033,0.033,0.0068211931852563915,7,0.9714285714285714,0.012217500000000001,0.0
Moneycame1,0.8560961538461538,1.7999999999999998,0.5621043287880887,10,0.5384615384615384,-2.7954675000000004,0.5
Moneyroller,0.19695454545454544,0.8647499999999999,0.3281149251700053,12,0.45454545454545453,-2.160615,0.3333333333333333
Monmon1233,0.00075,0.00075,0.0,1,0.0,-0.00075,0.0
Mooieman,0.0037500000000000003,0.0037500000000000003,0.0,2,1.0,0.0018750000000000001,0.0
MooseyMoose,0.29550000000000004,0.83325,0.2903320297521443,4,0.8571428571428571,0.421515,0.0
Morad1999,0.00075,0.00075,0.0,1,1.0,0.00015000000000000001,0.0
Morgana,0.00075,0.00075,0.0,4,0.7142857142857143,-0.001275,0.0
Morgannetworker,0.007302631578947369,0.0735,0.016429474476651627,11,0.8421052631578947,-0.005662500000000001,0.0
Morgausa,0.007276119402985074,0.10875,0.017281598985645928,19,0.5223880597014925,-0.11655,0.4375
Motenus,0.0022500000000000003,0.0022500000000000003,0.0,1,1.0,0.0005625000000000001,0.0
Moustiks,3.2150892857142854,37.5,10.068170819949573,5,0.9285714285714286,6.1882125,1.0
MoxsicK,0.0975,0.18075,0.11773327906756016,1,0.5,0.020205,0.0
Moyang,0.07725,0.07725,0.0,1,1.0,0.0023175,0.0
Mozikachal,8.524342105263157,153.6,35.141546486654285,6,0.47368421052631576,149.80098750000002,0.3333333333333333
MrCloud,21.75,21.75,0.0,1,1.0,2.077545,0.0
MrDark,2.25,3.0,1.0606601717798212,1,1.0,1.27695,0.0
MrFreeman,3.898,10.275,5.538252161106427,2,0.3333333333333333,40.571422500000004,1.0
MrFriendly,0.0375,0.0375,0.0,1,0.0,-0.0375,0.0
MrJaytato,0.012857142857142859,0.015000000000000001,0.0036596252735569997,2,1.0,0.01827,0.0
MrMiyagi,0.030000000000000002,0.030000000000000002,0.0,1,1.0,0.00462,0.0
MrPro,0.00675,0.00675,0.0,1,1.0,0.00135,0.0
Mtg69,0.013875,0.02325,0.013258252147247766,1,1.0,0.00981,0.0
Muggsy,1.500375,3.0,2.1207900134737527,2,1.0,3.1863149999999996,0.0
Muhammasdedsss,0.075,0.075,0.0,1,1.0,0.007500000000000001,0.0
MujhkoChodojay,6.027272727272727,14.25,3.5468375798987215,8,0.18181818181818182,-46.49724749999999,0.25
Mukhtar,1.6347692307692308,8.51325,2.194518911927553,6,0.38461538461538464,-2.8561199999999998,0.42857142857142855
Mushroomlol,7.5,7.5,0.0,1,1.0,0.75,0.0
MustyElbow,0.01875,0.01875,0.0,1,1.0,0.0061875,0.0
MyLastCoin,3.75,3.75,0.0,1,0.0,-3.75,0.0
MyOhMy,3.75,3.75,0.0,1,0.0,-3.75,0.0
Mylar,0.0011666666666666668,0.0045000000000000005,0.0012500000000000002,3,1.0,0.0018225,0.0
Mystiko,0.09,0.09,0.0,2,0.0,-0.18,0.0
MzTriple7s,3.34575,3.91575,0.8061017305526641,2,0.5,-2.6111475,0.0
N1ndy,0.34500000000000003,0.75,0.3515079124287247,5,0.5714285714285714,-0.43687499999999996,0.6666666666666666
NEONDOUGH,19.68208333333333,256.22249999999997,61.543987214550086,13,0.5555555555555556,10.765365000000001,0.8571428571428571
NEWGAMEE,0.4875,0.4875,0.0,1,1.0,0.7818824999999999,0.0
NOY1,0.011452702702702704,0.093,0.022762804534377352,9,0.8918918918918919,0.022777500000000006,0.0
NYAN_4_D_LULZ,3.89175,3.89175,0.0,1,0.0,-3.89175,0.0
NYAN_FTW,0.04125,0.075,0.047729707730091955,2,0.5,-0.07286999999999999,0.0
NYAN_HUNTER,62.917575,225.0,63.06614712788669,8,0.7,228.97363500000003,0.6666666666666666
NYAN_LULZ_HUNTER,0.5180833333333333,3.0,0.9611954308307963,3,0.1111111111111111,-0.16274999999999995,0.7142857142857143
NabilAmrani,1.7101287878787879,49.775999999999996,5.797931514834862,36,0.8080808080808081,23.03607,0.4473684210526316
Nady1991,0.11625,0.375,0.173799453393847,3,1.0,0.2356725,0.0
Namae,0.10074999999999999,0.4875,0.15794980413093268,3,0.2222222222222222,-0.8195025,0.5
Nanax,0.060000000000000005,0.060000000000000005,0.0,1,0.0,-0.060000000000000005,0.0
NanoMine,0.004875000000000001,0.007500000000000001,0.0037123106012293744,1,0.5,-0.0072075,0.0
NavTech,0.016295454545454547,0.0465,0.014155307388846322,2,1.0,0.031875,0.0
NavTech1,0.10518749999999999,0.62925,0.213294345163137,1,0.875,-0.5879325,0.0
Naveedsadiq,5.9971764705882356,75.0,18.238488042282295,8,0.35294117647058826,-74.332515,0.5
Nebelyng,0.02025,0.02025,0.0,1,0.0,-0.02025,0.0
Neel2706,0.0045000000000000005,0.0045000000000000005,0.0,1,0.0,-0.0045000000000000005,0.0
Neelenduguha,0.4595,3.75,1.0771597200508383,8,0.6,-2.6915849999999995,0.16666666666666666
NekoMajo,0.1755,0.1755,0.0,1,1.0,0.18376500000000004,0.0
Nekropeon,0.017099999999999997,0.075,0.03249067173820818,4,1.0,0.0172425,0.0
Neo827,1.4606249999999998,1.7249999999999999,0.3738827105523868,1,0.5,-0.8340000000000001,0.0
Nevada,0.21138636363636362,1.5030000000000001,0.4006796525266334,15,0.6363636363636364,0.7217325,0.3333333333333333
New_vI_chok_,2.5519285714285713,37.5,8.232102579665955,13,0.6190476190476191,1.9562324999999998,0.375
Newka,0.00525,0.00525,0.0,1,0.0,-0.00525,0.0
Newname55,0.001159090909090909,0.003,0.0009101698143253768,3,0.9090909090909091,0.0015675,0.0
Neyeshpapa,0.010012048192771085,0.20625000000000002,0.025229401874092824,14,0.0963855421686747,-0.44838000000000006,0.47297297297297297
Nic0le,1.0875,1.5,0.5833630944789018,2,1.0,0.7018274999999999,0.0
Nightwish,0.013666666666666667,0.1095,0.036005424938472815,3,0.4444444444444444,-0.108075,0.25
Nikhilbisht,0.0011250000000000001,0.0015,0.0005303300858899107,2,1.0,0.0015300000000000001,0.0
Nikitka,0.075,0.075,0.0,1,0.0,-0.075,0.0
Nikolaz,0.04125,0.12000000000000001,0.06820877876050853,1,0.6666666666666666,-0.11859000000000001,0.0
Nikoscha,0.00075,0.00075,0.0,1,0.0,-0.00075,0.0
Niloy1805,0.9375,1.5,0.795495128834866,2,1.0,3.4546949999999996,0.0
Nipar,0.375,0.375,0.0,1,0.0,-0.375,0.0
Nitesh_24,11.25,11.25,0.0,1,1.0,1.6215675,0.0
Nitrogen_system,0.0346875,0.0675,0.013258252147247768,3,0.125,-0.07500000000000001,0.14285714285714285
Nlthu,0.008625,0.00975,0.001590990257669732,2,0.0,-0.01725,1.0
No27,112.5,112.5,0.0,1,1.0,14.625,0.0
NoBBaGGu,0.08465624999999999,0.5175,0.1751110330159941,4,0.375,-0.43856249999999997,0.5
No_cakes_pls,0.014083333333333333,0.10650000000000001,0.02798966646052483,18,0.5277777777777778,0.2772375,0.35294117647058826
Nokia_N73,0.00075,0.00075,0.0,1,0.0,-0.00075,0.0
Nongboy,0.27787500000000004,0.75,0.24939799107961044,8,0.25,2.0505075,0.625
NooZy,4.471153846153846,7.5,2.8419420499694596,16,0.7692307692307693,-7.977779999999999,0.16666666666666666
Noop,51.75000000000001,51.75000000000001,0.0,1,0.0,-51.75000000000001,0.0
Noragami1491,0.11325,0.11325,0.0,1,1.0,0.37777499999999997,0.0
Nord,0.192,0.375,0.25880108191427637,2,1.0,0.0871575,0.0
Nosadzkee,0.04125,0.04125,0.0,1,0.0,-0.04125,0.0
Noss_,0.6,0.6,0.0,1,0.0,-0.6,0.0
NotMega,0.0037500000000000003,0.0037500000000000003,0.0,1,0.0,-0.0037500000000000003,0.0
NotThatTime,6.681964285714286,12.0,5.0972412890629935,5,0.7142857142857143,-8.70405,0.5
Notme10,4.125,7.5,4.772970773009196,1,1.0,1.2858749999999999,0.0
Notoriety,0.75,0.75,0.0,1,1.0,0.22499999999999998,0.0
Noventa,0.009923076923076923,0.0285,0.008736528090547358,4,1.0,0.013575,0.0
Novigator,0.0015,0.0015,0.0,1,1.0,0.00012,0.0
Novigator2,0.62625,3.75,1.5303187168037904,2,0.6666666666666666,0.63639,0.0
Nschneider172,0.015000000000000001,0.015000000000000001,0.0,1,1.0,0.005699999999999999,0.0
Nublish,0.0118125,0.048,0.016159224477501566,2,0.25,0.23479500000000003,0.6666666666666666
NuestroSantuario,4.125,7.5,4.772970773009196,2,0.0,-8.25,0.0
Nulakir,9.01425,22.5,9.762419388271535,2,0.2,-33.67125,0.3333333333333333
NullSec,8.25,15.0,9.545941546018392,2,0.5,-13.4825175,0.0
NulldB,3.75,3.75,0.0,1,1.0,1.1004,0.0
Nvcx,0.02625,0.045,0.026516504294495532,2,0.5,-0.0416025,0.0
NyanLuck,0.0129,0.075,0.02199943181084457,2,0.8,0.0081525,0.5
NyanTester,0.00075,0.00075,0.0,8,0.0,-0.0375,0.0
Nyev,1.17,1.17,0.0,1,1.0,0.152025,0.0
Nygma,0.75,0.75,0.0,1,1.0,0.3292275,0.0
OGSWAGMASTERBOI,0.067359375,0.75,0.18465912218531202,9,0.125,-0.9172725,0.5384615384615384
OSKOL,3.3007500000000003,3.3007500000000003,0.0,1,1.0,4.6301625,0.0
OVNI,0.030000000000000002,0.030000000000000002,0.0,1,1.0,0.0234675,0.0
Oah,0.75,0.75,0.0,1,0.0,-0.75,0.0
Obione,0.0054375000000000005,0.0195,0.006116064911362533,2,0.375,-0.0037425000000000015,0.5
ObviouslyRu,0.01275,0.01275,0.0,1,1.0,0.0001275,0.0
Occianbuster,0.3037941176470588,1.3860000000000001,0.3494050773647048,4,0.23529411764705882,-4.633575,0.25
Occult,0.01875,0.01875,0.0,1,0.0,-0.01875,0.0
Ocean12,6.0,6.0,0.0,1,0.0,-6.0,0.0
Ogyz_Tixonovich,0.19621875,0.75,0.2306511526983367,6,0.875,0.1343475,1.0
Oh_Hi_There123,0.51375,0.9375,0.29371010367367345,5,0.9,0.72327,1.0
Olafr,1.21575,7.5,2.643716244465355,6,0.9047619047619048,2.82153,0.5
Oleg_Sh,0.08650000000000001,0.1095,0.01991858428704209,2,1.0,0.058725,0.0
Olegoleg,0.004216216216216216,0.05025,0.008814674113643098,12,0.1891891891891892,0.09691499999999999,0.4482758620689655
Olexandr,0.6878048780487804,2.025,0.4337381825198351,25,0.2926829268292683,-4.3852875000000004,0.39285714285714285
Olga161,0.14816666666666667,0.75,0.24611633428116875,4,0.4444444444444444,-0.3345975,0.4
Olympusgod,0.008749999999999999,0.01125,0.003122498999199198,3,0.6666666666666666,0.015907499999999998,1.0
OmegaCloud,0.0375,0.0375,0.0,1,1.0,0.0055125,0.0
OmegaSquad,0.0015000000000000002,0.0022500000000000003,0.00047434164902525696,2,0.8333333333333334,-0.0005775000000000001,0.0
OmgItsBrki,1.5,1.5,0.0,1,0.0,-3.0,0.0
OnAMission,0.0022500000000000003,0.0022500000000000003,0.0,1,1.0,0.0022724999999999998,0.0
OnTheMoon22,0.8533471337579619,16.464,2.357417921738129,32,0.33121019108280253,-8.435722500000002,0.46153846153846156
OneLuckyChance,0.17500000000000002,0.375,0.17320508075688773,2,0.6666666666666666,-0.345,0.0
OnePunchWin,26.517500000000002,37.5,9.779713377701823,3,0.3333333333333333,-3.792810000000003,0.0
OneStepCloser,0.042374999999999996,0.05175,0.013258252147247766,1,0.0,-0.08474999999999999,0.0
Onecoin,0.541875,1.00875,0.41974478853227,3,0.75,14.21262,1.0
OphionBank,4.16625,4.16625,0.0,1,1.0,0.0416625,0.0
Opik,0.009000000000000001,0.024,0.010374246960623215,2,0.25,-0.0263775,0.3333333333333333
Orgame,1.876125,3.75,2.6500594391918835,2,0.5,-3.74547,0.0
OskieOskie,0.027749999999999997,0.027749999999999997,0.0,1,1.0,0.0177825,0.0
Osmoooz,0.15,0.22499999999999998,0.10606601717798213,2,0.5,-0.18443249999999997,0.0
Ossyman,0.16290000000000002,0.8250000000000001,0.19277672132732804,3,0.4666666666666667,-0.76488,0.7142857142857143
Ostaz2,0.006975,0.03675,0.008668568448559913,12,0.15,-0.1167,0.35294117647058826
Ozzy1,0.41895,1.5,0.6099828071347585,8,0.6,1.2893549999999998,0.25
PF1213,0.375375,0.75,0.5297997558040207,2,1.0,0.0545925,0.0
PIXI,0.0547610294117647,0.24975,0.07712839936415597,20,0.8382352941176471,-0.11122499999999998,0.3
PJDgang4TISKO,0.75,0.75,0.0,1,1.0,0.08866500000000001,0.0
PM_UR_TITS,0.028714285714285713,0.075,0.03359607757717303,5,0.2857142857142857,-0.0480675,0.5
PPPseudo,0.37445454545454554,2.079,0.568782524544551,2,0.36363636363636365,9.3831825,0.42857142857142855
PSN,0.00825,0.00825,0.0,1,0.0,-0.00825,0.0
Pa__V,0.05775,0.3,0.09654010662672795,4,0.4117647058823529,-0.91464,0.3333333333333333
Paladin,9.0,9.0,0.0,1,1.0,8.348527500000001,0.0
Pancake,0.05865,0.17024999999999998,0.06913519364260144,3,0.4,-0.2563875,0.6666666666666666
Pankaj,0.0037500000000000003,0.0037500000000000003,0.0,1,0.0,-0.007500000000000001,0.0
PapaGooby,2.63625,7.5,3.5332801686251827,3,0.5,-7.309785,0.0
PaperGun,0.0375,0.0375,0.0,1,0.0,-0.0375,0.0
Papy26,0.17566071428571428,0.75,0.19011397409344846,6,0.9285714285714286,0.09440250000000001,1.0
Paracetamol,0.7564875,9.70725,1.7447811595473912,16,0.0,-30.2595,0.5384615384615384
Parm,0.6749999999999999,0.8999999999999999,0.31819805153394637,2,0.0,-1.3499999999999999,0.0
Pasquale87,0.04399137931034482,0.5775,0.09886080243308391,21,0.46551724137931033,5.2257525,0.4666666666666667
PatataDeCampo,0.07785,0.24975,0.10611691665328389,3,0.6,0.10893,0.0
Patel1985,0.94678125,7.5,2.6479236792974095,3,0.625,9.022499999999999,0.3333333333333333
Patelji,0.15813970588235296,3.75,0.5402937830310485,21,0.27941176470588236,5.9510175,0.4375
Paullybhoy,0.008625,0.0375,0.01421245052761838,5,0.5,0.011984999999999997,1.0
Pavlik,0.002,0.0022500000000000003,0.00043301270189221946,1,0.3333333333333333,0.0053100000000000005,0.5
Pavyl,0.2025,0.75,0.2789758054025474,3,0.3333333333333333,0.9540674999999997,0.75
Peac3,0.8431666666666666,0.975,0.1146554621463801,7,0.0,-7.5885,0.5
PedgyTheGod,0.0024000000000000002,0.007500000000000001,0.0029240383034426893,3,0.8,0.0028500000000000005,0.0
Peking,0.8647499999999999,0.8647499999999999,0.0,1,0.0,-0.8647499999999999,0.0
Penguinski,0.00075,0.00075,0.0,1,1.0,0.0,0.0
PeopleLoveMe,0.12675,0.12975,0.004242640687119289,1,1.0,0.011565,0.0
Per4ik,0.007500000000000001,0.007500000000000001,0.0,1,0.0,-0.007500000000000001,0.0
Perchlorate,8.69225,75.0,24.884813301740884,6,0.0,-78.23025,0.25
Pershaaaa,0.50545,3.75,1.242336052707617,7,0.13333333333333333,5.1639375,0.5833333333333334
Peterson46,0.6555,0.6555,0.0,1,1.0,0.1755,0.0
PhexioScript,0.01875,0.01875,0.0,1,1.0,0.0001875,0.0
Phill2,0.022250000000000002,0.060000000000000005,0.0326946096474633,1,0.3333333333333333,-0.059160000000000004,1.0
Phresh97,0.375,0.375,0.0,1,1.0,0.2288175,0.0
Pierce,0.759375,1.5,1.0474019196325735,1,0.5,1.90938,1.0
Piggybankboy,1.5,2.25,1.0606601717798212,1,1.0,0.5561475,0.0
Pimpsta,0.06766666666666667,0.075,0.021064272392574385,6,0.7777777777777778,0.21652500000000005,0.14285714285714285
Pks,0.29296875,0.75,0.251079699746913,6,0.75,-0.6451275,0.5
Plankton,0.007500000000000001,0.007500000000000001,0.0,1,0.0,-0.007500000000000001,0.0
PlayForDrugs,0.025788461538461538,0.060750000000000005,0.0180222218599492,4,0.9230769230769231,-0.030105000000000003,0.0
PlebHF,3.195,7.5,2.7133005731028033,2,0.4,-12.2253525,0.3333333333333333
PlebHero,0.252,0.252,0.0,1,1.0,0.00756,0.0
Plebey,0.00165,0.0037500000000000003,0.0012323757543866239,2,0.0,-0.00825,0.75
PlushLemur,0.06375,0.06375,0.0,1,1.0,0.011167499999999999,0.0
Pms008,0.08437499999999999,0.11249999999999999,0.039774756441743296,1,1.0,0.042187499999999996,0.0
Pods,1.7127083333333335,26.4825,6.204305003412362,5,0.5555555555555556,-28.8417675,0.375
Pods2,0.13565,1.1925000000000001,0.2452752465124113,10,0.9666666666666667,0.2763825,1.0
Poisonleaf,0.0028636363636363638,0.00675,0.0020073727741865624,6,0.45454545454545453,0.019972500000000004,0.5
Pokeball99,0.009416666666666667,0.01425,0.002783882181415011,3,1.0,0.005565,0.0
PondBotBonus,0.0011250000000000001,0.0015,0.0005303300858899106,1,0.5,3.75000000000001e-05,1.0
PontiacFiero,0.1665,0.1665,0.0,1,0.0,-0.1665,0.0
Porsche12,12.75,21.75,12.727922061357855,2,1.0,0.3,0.0
PortableDiag,0.037875,0.075,0.052502678503101155,2,0.5,-0.07492499999999999,0.0
Positive_,0.0105,0.0105,0.0,1,0.0,-0.0105,0.0
PotRipper,0.24975,0.24975,0.0,1,1.0,0.1332075,0.0
PpT329392pPt,0.022875,0.0435,0.029168154723945083,1,0.5,0.041249999999999995,1.0
Pr0xy,0.02025,0.02025,0.0,1,1.0,0.0066974999999999995,0.0
PrawanSuntik,0.2959838709677419,0.75,0.23766856242363257,15,0.5483870967741935,1.4817525,0.46153846153846156
Priest,0.22762500000000002,0.28875,0.08644380400005543,1,1.0,0.4331775,0.0
PrisonBreak,0.003,0.003,0.0,1,0.0,-0.003,0.0
Prizmz,1.212,3.0,1.2407185418135735,5,1.0,0.8927775,0.0
ProfitKing,0.0022500000000000003,0.0037500000000000003,0.002121320343559643,2,1.0,0.002355,0.0
Profitable,0.022874999999999996,0.075,0.026165220236030882,4,0.6666666666666666,-0.021345000000000003,0.0
Profitz,0.06237500000000001,0.4995,0.14175877798698616,4,0.3333333333333333,-0.5636625000000001,0.2857142857142857
Provably197x,0.00075,0.00075,0.0,19,0.4957983193277311,-0.0013124999999999994,0.0
Providence,0.11249999999999999,0.11249999999999999,0.0,1,0.0,-0.11249999999999999,0.0
Proxladnyi,0.028,0.07725,0.04273245253902472,2,1.0,0.008467500000000001,0.0
Psihoz,0.0015,0.0015,0.0,1,0.0,-0.0015,0.0
Psycho,1.50675,1.7580000000000002,0.3553211575462404,2,0.0,-3.0135,1.0
PsychoScript,0.010125,0.0135,0.004772970773009196,1,1.0,0.002385,0.0
Psychopath,19.5,37.5,25.45584412271571,2,0.5,6.0,0.0
PunchShot,0.0022500000000000003,0.0022500000000000003,0.0,1,0.0,-0.0022500000000000003,0.0
PureScripter,0.00525,0.00825,0.00343693177121688,2,0.0,-0.01575,1.0
PussyPrint,0.007500000000000001,0.007500000000000001,0.0,1,0.0,-0.007500000000000001,0.0
PutraLangit,0.06375,0.075,0.022499999999999996,2,0.75,0.137955,1.0
Pycckoe,0.007500000000000001,0.007500000000000001,0.0,1,0.0,-0.007500000000000001,0.0
PyramidGalaxy,0.03375,0.07575,0.030289230759463007,4,0.4,-0.05634,0.6666666666666666
QQOQQ,1.4293125,2.34225,0.8072635199394309,2,0.0,-5.71725,0.3333333333333333
QQQOQQQ,11.52,11.52,0.0,1,0.0,-11.52,0.0
Qpot80,0.22499999999999998,0.75,0.22810359488618326,4,0.4444444444444444,-0.7731225,0.2
Queen,0.25477500000000003,2.20575,0.6865601803556627,2,0.8,-1.8854625000000003,0.5
Quickman,1.37525,3.75,2.06508932918167,3,1.0,0.164415,0.0
QuietKings,0.2525,0.375,0.21217622392718746,1,1.0,0.09269999999999999,0.0
Qusja22,0.0037500000000000003,0.0037500000000000003,0.0,1,0.0,-0.0037500000000000003,0.0
R3he4tdLftovr5,0.075,0.075,0.0,2,0.6666666666666666,0.006000000000000005,0.0
RAY84,0.0057857142857142855,0.0135,0.006359750668967186,2,0.8571428571428571,-0.0111,0.0
RAZLUKA78,0.14579347826086955,0.75,0.17088045150201817,19,0.8695652173913043,-0.12259499999999998,0.0
RECOVER_N_RIP,5.62965,24.1665,10.385825678238104,3,0.4,-25.3233075,0.5
REMREM,3.75,3.75,0.0,1,0.0,-3.75,0.0
RHCP,0.203625,1.125,0.38694310212964683,6,0.625,-0.051134999999999986,0.5
RIPFrenna,0.009750000000000002,0.12000000000000001,0.02759395713898671,3,0.1111111111111111,-0.10778250000000002,0.3333333333333333
RIP_WALLET,0.84375,1.125,0.397747564417433,2,0.0,-1.6875,0.0
ROCKON,8.33325,8.33325,0.0,1,1.0,1.166655,0.0
ROgxlio,0.0029999999999999996,0.006,0.002598076211353316,1,0.3333333333333333,0.0031650000000000007,0.5
RRU,0.45,0.75,0.42426406871192857,2,1.0,0.6522525,0.0
RSNserega,0.015000000000000001,0.015000000000000001,0.0,1,1.0,0.006277499999999999,0.0
RUSSO2016,0.3472852941176471,7.5,1.305243583106041,30,0.8235294117647058,-6.629272500000001,0.3333333333333333
RYANCHAU,46.833333333333336,225.0,81.94853567941284,3,0.7777777777777778,4.1265075,0.5
Rabota3,46.6875,75.75,28.528768375098146,3,0.25,80.02992749999999,0.0
Racerlife,0.0028750000000000004,0.01275,0.003456712836838437,3,0.08333333333333333,-0.022664999999999998,0.5
Rachad7,0.125,0.22499999999999998,0.07745966692414832,3,0.3333333333333333,-0.35384249999999995,0.0
Radeon,0.06505603448275862,1.5,0.2039709518959308,16,0.8103448275862069,0.21039750000000002,0.4
RageDisplay,0.030000000000000002,0.030000000000000002,0.0,1,0.75,-0.009502500000000004,0.0
Raid7,0.375,0.375,0.0,1,1.0,0.17250000000000001,0.0
Rajdeep,0.030000000000000002,0.030000000000000002,0.0,1,1.0,0.015809999999999998,0.0
Rali,0.75,1.5,0.6894291116568838,2,1.0,1.446615,0.0
Ralphie15,0.060616438356164384,6.144,0.5086647939021366,30,0.5136986301369864,9.2104425,0.34285714285714286
Ralphieboii,0.075,0.075,0.0,1,0.0,-0.075,0.0
Rambo1314,7.5,7.5,0.0,1,0.0,-7.5,0.0
Rammy,0.0225,0.0375,0.021213203435596427,1,1.0,0.042217500000000005,0.0
Ramzen,0.042684782608695654,0.18225,0.04964385761415232,11,0.6956521739130435,0.10632749999999996,0.5714285714285714
Randeed,0.3732857142857143,2.4,0.8954241712331487,4,0.7142857142857143,4.902562499999999,1.0
RandomBet,1.5075,6.666,1.5926678618291539,13,0.8666666666666667,5.428402499999999,0.75
RandomGlory,0.6975,0.87825,0.2556191013989369,1,1.0,0.0558,0.0
Ranger89,0.7929375,3.0,1.472852764408242,2,0.5,-2.9385975,0.0
Rangerover666,1.5,1.5,0.0,1,0.0,-1.5,0.0
RapeTrainVictim,0.03666666666666666,0.15,0.04506939094329986,2,0.8888888888888888,0.005700000000000001,0.0
Raptor2108,0.025916666666666668,0.0765,0.03408193253030115,5,1.0,0.01407,0.0
Rari,0.00975,0.00975,0.0,1,1.0,0.0019500000000000001,0.0
Rasel544,0.007500000000000001,0.007500000000000001,0.0,1,1.0,0.00075,0.0
Ratbehin,0.22499999999999998,0.22499999999999998,0.0,1,0.0,-0.22499999999999998,0.0
RatuJudi,0.035653846153846154,0.1185,0.03099236103151375,8,0.8461538461538461,0.212655,0.5
Ravil77747,0.5425,1.2,0.5031991405000609,5,0.6666666666666666,-2.1419024999999996,0.5
RealMadrid7,0.5919,1.77,0.6511720010872704,3,1.0,0.51507,0.0
Real_Marid,60.0,60.0,0.0,1,0.0,-60.0,0.0
RedBird,0.00075,0.00075,0.0,1,1.0,7.5e-06,0.0
RedJive,2.139075,16.33275,5.054978727081846,7,0.2,-19.90146,0.7142857142857143
RedJohn,0.010486725663716815,0.22499999999999998,0.02787333516625055,22,0.6106194690265486,-0.06597000000000001,0.23255813953488372
RedThrive,4.3927499999999995,4.875,0.6820044904544249,1,1.0,0.263565,0.0
Red_N3CK,0.08966666666666666,0.375,0.11076290838994794,4,1.0,0.2195475,0.0
Redin,0.903,2.1315,0.8934627160659812,2,0.25,-3.5655675,0.5
Refuse,0.0022500000000000003,0.0037500000000000003,0.002121320343559643,2,0.0,-0.0045000000000000005,1.0
Remaic859zh,0.024359756097560976,1.425,0.12972396271467745,26,0.16260162601626016,5.117865,0.4215686274509804
Remedy,0.0378,0.07875,0.024622398339723125,1,0.4,-0.12362999999999999,0.5
Remenition,0.01575,0.024,0.011667261889578034,1,0.5,-0.02025,0.0
RengeDelgosha,0.13874999999999998,0.13874999999999998,0.0,1,0.0,-0.13874999999999998,0.0
Renu,0.0275,0.05775,0.025489703803692976,6,0.8333333333333334,0.1053525,1.0
Reploid,0.16824999999999998,0.75,0.2979064450460916,4,0.16666666666666666,-0.7207874999999999,0.5
Repulsive,6.576,6.576,0.0,1,1.0,0.39456,0.0
Reqed,0.01875,0.01875,0.0,1,1.0,0.0022500000000000003,0.0
Resbak,1.3875,2.625,1.7500892834367052,2,0.5,-2.4717525,0.0
ReturnOfArctic,0.0015,0.0015,0.0,1,1.0,0.0007575,0.0
RheinMeg,0.04690540540540541,0.76575,0.14580708515391524,7,0.10810810810810811,-1.5626475,0.34375
Rhianne042721,0.375,0.375,0.0,1,0.0,-0.375,0.0
Rhyliv,0.056249999999999994,0.056249999999999994,0.0,1,0.0,-0.056249999999999994,0.0
RiN335,0.009375,0.015000000000000001,0.004592793267718459,3,0.6666666666666666,0.012179999999999996,0.5
RichDadPoorDad,0.03225,0.15,0.06588057376799325,3,0.6,0.0083025,1.0
RickyRio,0.06910714285714285,0.282,0.09605704220484229,2,0.14285714285714285,0.9296175,0.4
Rihsky,5.937749999999999,15.82875,5.882565368315085,1,0.2,-24.45975,0.6666666666666666
Rio666,0.54675,0.75,0.3520393266383743,3,1.0,3.0691275,0.0
Riptide,0.7888499999999998,0.8647499999999999,0.169717559492234,1,0.8,0.16562999999999994,1.0
Ris93,0.172725,0.74325,0.22967750488456637,4,0.1,0.01854749999999994,0.625
RiseUP,0.873,2.409,0.6640338846775817,7,0.4,-4.7823525,0.3333333333333333
RisolviamoALame,0.024749999999999998,0.027749999999999997,0.004242640687119284,2,0.0,-0.049499999999999995,1.0
RoberBaron,2.6678407643312103,21.72,3.4335172977249346,38,0.643312101910828,6.34053,0.6
Robpar6,1.0125,1.95,1.3258252147247767,2,1.0,0.8615025,0.0
RocketLeague,0.024,0.024,0.0,1,1.0,0.006532500000000001,0.0
Rocketron,0.0015,0.0015,0.0,1,0.0,-0.0015,0.0
Rohit1997,0.01875,0.01875,0.0,1,1.0,0.0147075,0.0
Rolandjee,0.75,0.75,0.0,1,0.0,-0.75,0.0
Romanson93,0.21642857142857141,1.2,0.43642930208028613,4,0.2857142857142857,-1.1484675,0.75
Romeojke,0.007500000000000001,0.007500000000000001,0.0,1,0.0,-0.007500000000000001,0.0
Romzes13,0.18185204081632653,1.5,0.35253746815633885,9,0.6326530612244898,-1.4091825,0.6470588235294118
Ronalbin,3.75375,7.5,5.2979975580402074,1,0.0,-7.5075,0.0
Ronaluf97,0.014,0.030000000000000002,0.013937359864766357,1,0.6666666666666666,0.00954,1.0
RosA123,0.5625,0.5625,0.0,3,1.0,1.1910525,0.0
RoshkeBot1,0.0026590909090909096,0.0045000000000000005,0.0009101698143253769,2,0.8181818181818182,-0.002670000000000001,1.0
Rouge,1.111125,2.12925,1.4398461831911074,2,1.0,4.36848,0.0
Rowel05,0.44957142857142857,1.5,0.5082823754708456,5,0.2857142857142857,-2.334315,0.25
Rudigor,0.0435625,0.1275,0.04322222242508634,3,0.8333333333333334,0.08687249999999999,0.0
Ruiter123,0.075,0.075,0.0,1,1.0,0.01275,0.0
Ruslanchik516,0.441,0.441,0.0,2,0.0,-0.882,0.0
RyRy,0.375,0.375,0.0,1,1.0,0.39120750000000004,0.0
RyanDunn,3.75,3.75,0.0,1,1.0,0.975,0.0
RyanGosling,0.073,0.09975,0.027003471998985618,2,0.0,-0.219,0.5
RyanS,4.125,7.5,4.772970773009196,1,0.5,0.0,0.0
Ryanfucksme,1.91875,5.625,3.210048919019771,2,0.3333333333333333,1.6687499999999997,0.5
Ryanhuss,0.003681818181818182,0.015000000000000001,0.0043532902916801185,4,0.36363636363636365,-0.0059625,0.3333333333333333
Ryss,0.028625,0.05025,0.019351840997693215,2,0.8333333333333334,0.0058275,0.0
SAEN,0.12543749999999998,0.75,0.2639116380127474,3,0.125,-0.97329,0.5
SHAKIRA,0.1992,0.43724999999999997,0.19047534289245943,4,0.8,1.0625475,1.0
SHASKOL,0.12,0.1905,0.0997020561473032,2,0.5,0.026699999999999988,0.0
SHOLLEXHF,0.12354545454545454,1.6500000000000001,0.3115161735355119,13,0.8181818181818182,-0.45999750000000006,0.42857142857142855
SHOLLEXHFF,0.006562500000000001,0.030000000000000002,0.008304366321399845,4,0.8125,0.012727499999999997,0.0
SMVLax,0.0216,0.0225,0.002012461179749809,2,0.6,-0.027389999999999998,0.0
SOSOLI,0.276375,0.3105,0.04826003781598188,1,0.0,-0.55275,1.0
SP_,0.004265625,0.01875,0.0059794570196632394,3,0.375,-0.014490000000000003,0.5
SaNek12,0.075,0.075,0.0,1,0.0,-0.075,0.0
Sacred141,0.017390625,0.22499999999999998,0.055558900333339926,5,0.3125,0.014639999999999999,0.36363636363636365
Sadin,0.00375,0.00975,0.004107919181288746,3,0.5,0.0019125000000000001,0.0
SadisticHF,0.0135,0.02175,0.01000624804809475,1,1.0,0.013755,0.0
Safae,0.0405,0.075,0.04879036790187178,2,0.5,0.0243525,0.0
Saint_Pablo,0.3,0.3,0.0,1,1.0,0.465,0.0
Samaam,0.3,0.375,0.10606601717798214,2,0.5,-0.11825999999999998,1.0
SamarasimhaReddy,0.75,0.75,0.0,1,1.0,0.3,0.0
Samsam29,0.0087,0.045,0.013243866504914641,2,1.0,0.0056925000000000005,0.0
Sandboxx,0.6599999999999999,2.25,0.891207046650777,2,1.0,0.132,0.0
Sandshrew,0.012,0.012,0.0,1,1.0,0.009457499999999999,0.0
Sanesmith,0.22499999999999998,0.22499999999999998,0.0,1,0.0,-0.22499999999999998,0.0
Sania,0.007500000000000001,0.007500000000000001,0.0,1,0.6666666666666666,-0.006,0.0
Sanich322,0.075,0.075,0.0,1,1.0,0.012735,0.0
Sanino,0.075,0.075,0.0,1,1.0,0.00474,0.0
Santoshmaurya,0.021272727272727273,0.075,0.02744072123356421,5,0.45454545454545453,0.0126075,0.6
Sapphire,9.375,15.0,7.95495128834866,2,1.0,13.2,0.0
Sarahconnor,0.46735714285714286,2.904,1.0751125024187667,2,0.42857142857142855,-3.0142425,0.3333333333333333
Sauc,0.18450000000000003,0.18450000000000003,0.0,1,1.0,0.18998250000000003,0.0
Saving1719,0.00075,0.00075,0.0,1,1.0,7.5e-06,0.0
Sayyad,0.11249999999999999,0.11249999999999999,0.0,1,0.0,-0.11249999999999999,0.0
Scorpi0n,0.01875,0.01875,0.0,1,1.0,0.0061875,0.0
Scorpius,0.09,0.09,0.0,1,0.0,-0.09,0.0
ScriptPwnage,21.0,34.5,9.0,2,0.5,20.5784025,0.0
Sdts91,0.012374999999999999,0.02175,0.013258252147247764,1,0.0,-0.024749999999999998,1.0
SeQer,1.3304166666666666,5.912249999999999,1.8535223309283326,5,0.3333333333333333,-2.02185,0.0
Seaniscunte,3.0,3.0,0.0,1,1.0,0.15,0.0
Sears,4.202999999999999,4.202999999999999,0.0,1,0.0,-4.202999999999999,0.0
SecretEntity,0.04189285714285714,0.2025,0.0719627880028481,2,0.5714285714285714,0.018532499999999997,0.5
SecretGambler,0.010071428571428573,0.06225,0.016640262968124982,2,0.7857142857142857,-0.019867499999999996,0.5
Selfish,20.25,20.25,0.0,1,0.0,-20.25,0.0
Seller,0.12973958333333335,2.34,0.3661676659305998,19,0.5555555555555556,1.35831,0.34375
Serg8385,0.522,2.25,0.7005546017263751,8,0.1111111111111111,2.1505199999999993,0.26666666666666666
SergeyTverdov,0.036000000000000004,0.036000000000000004,0.0,1,0.0,-0.036000000000000004,0.0
Sergie10,0.0225,0.0225,0.0,1,1.0,0.0009,0.0
Sergunez,0.16875,0.489,0.22923268745970762,4,1.0,0.0960225,0.0
Serious_gamer63,0.019125,0.0375,0.02598617420860562,1,0.5,-0.037395,0.0
Servis_online_PC,0.05464285714285714,0.87375,0.1928380079793104,7,0.38095238095238093,0.6854175000000001,0.08333333333333333
Seuntjie,0.00075,0.00075,0.0,2,1.0,0.0019124999999999997,0.0
SexyBottleOfTea,17.5,18.75,2.165063509461097,2,0.0,-52.5,0.0
Sezmor,0.006703125,0.075,0.018314888922677092,11,0.875,0.15142499999999998,1.0
Shadowshot,0.8604767441860466,48.0,4.006677660595869,39,0.622093023255814,6.5311949999999985,0.49230769230769234
Shadowshot2,0.35895378151260504,9.75,1.361178518288778,34,0.4957983193277311,0.6735749999999997,0.3898305084745763
Shadowshot3,0.20324117647058826,7.5,0.7412862187156721,39,0.5529411764705883,5.405385000000002,0.49333333333333335
ShadowshotBank,0.14487662337662338,15.0,1.2353549793635017,32,0.6883116883116883,-0.7179450000000004,0.4791666666666667
ShadowshotFun,0.31738448275862063,18.224999999999998,1.6445241325118316,33,0.5655172413793104,23.208607499999996,0.41935483870967744
Sharkz,0.7124999999999999,1.3499999999999999,0.9015611460128481,1,1.0,0.28500000000000003,0.0
Sharp67,0.5055,1.7999999999999998,0.5727150251215695,4,0.9,0.42171,1.0
Shashank,0.75,0.75,0.0,2,0.5,0.2849999999999999,0.0
ShaunMorgan,0.1875,0.1875,0.0,1,1.0,0.379455,0.0
ShawnEyBoy,1.82575,7.5,2.712738875112283,7,0.5,-16.5568425,0.2
Shemya,0.13725,0.1875,0.08173279635495165,4,0.5,-0.3224475,0.5
ShergoFergo,0.189,0.375,0.2630437226013957,2,0.5,0.00825,0.0
Shima1368,0.3375,0.375,0.05303300858899105,2,0.5,-0.2706075,1.0
Shiroto,0.528,0.528,0.0,1,1.0,0.537855,0.0
ShitKing78,1.14075,1.14075,0.0,1,1.0,0.18535499999999996,0.0
ShittySda,0.18346875,2.4465,0.33619300461616997,14,0.5875,-2.81625,0.3333333333333333
Shivu,0.00075,0.00075,0.0,1,1.0,0.00043499999999999995,0.0
Shopkin49,0.008625,0.00975,0.001590990257669732,1,0.0,-0.01725,1.0
Shram555,0.1735,0.6,0.21234759240452902,4,0.16666666666666666,-0.801855,0.25
Shustrichek,0.0356890243902439,0.504,0.08235583579215494,16,0.1951219512195122,-1.0792725,0.46875
Shwerfyy,2.4375,4.8,3.3410795411064367,1,1.0,1.6891949999999998,0.0
Sicario24,0.004125,0.007500000000000001,0.004772970773009196,2,0.5,-0.007125,0.0
Sifan,0.771,1.5,1.0309616869699862,2,0.0,-1.542,0.0
Siigari,1.9961875000000002,11.4,3.2297729763395417,4,0.4166666666666667,-14.570745,0.5
SilaRoda,0.075,0.075,0.0,1,0.0,-0.075,0.0
SilentSanctuary,0.09624999999999999,0.2925,0.09754806507563335,2,1.0,0.06824999999999999,0.0
Silniyoblako,15.0,15.0,0.0,1,1.0,15.323895,0.0
SimonLorem,0.45,0.525,0.10606601717798214,2,1.0,0.027,0.0
Sinalox,0.00825,0.015000000000000001,0.009545941546018392,1,1.0,0.010125,0.0
Sintex,0.11249999999999999,0.11249999999999999,0.0,1,0.0,-0.11249999999999999,0.0
SiopaoNaSpecial,0.22499999999999998,0.22499999999999998,0.0,1,0.0,-0.22499999999999998,0.0
SirBuda,0.02505,0.216,0.05082462105380774,5,0.75,-0.03692999999999999,0.5
SirEdmund,0.009000000000000001,0.009000000000000001,0.0,1,1.0,0.0018,0.0
SirPereira,0.05863636363636364,0.3,0.08661238101711871,3,0.7272727272727273,-0.3701925,0.0
Sizzurp,4.074875,18.75,7.383925791457414,3,0.5,1.2754274999999997,0.5
SkIV,0.15,0.15,0.0,1,1.0,0.053032499999999996,0.0
Skiff,0.075,0.075,0.0,1,0.0,-0.075,0.0
Skifv,0.00375,0.006,0.003181980515339464,1,1.0,0.0008625,0.0
Skizzo,0.04082142857142857,0.1875,0.06985456831364513,6,0.5714285714285714,-0.18872250000000002,0.6666666666666666
Skripach,0.0052499999999999995,0.00675,0.001732050807568877,2,0.75,0.008025000000000001,0.0
SkrtMCM,2.0625,3.75,2.386485386504598,2,0.0,-4.125,1.0
Skwillex,2.25,3.75,2.1213203435596424,2,0.5,-3.45,0.0
Sl0thzy,0.055499999999999994,0.055499999999999994,0.0,1,0.0,-0.055499999999999994,0.0
Slam,0.250125,0.42525,0.2476641501105883,2,1.0,0.0250125,0.0
Slicer,0.21050000000000002,0.51675,0.26522266588660937,2,0.6666666666666666,-0.053340000000000054,0.0
Slicer2,0.04125,0.09075,0.02598509187976829,2,0.16666666666666666,0.20866500000000002,0.4
Slicer3,0.21641666666666665,0.68175,0.215679485869658,2,0.0,-1.9477499999999999,0.375
Slinkierjet,1.5,3.0,1.299038105676658,2,0.6666666666666666,2.7639299999999998,0.0
Slonnuk,0.17775,0.17775,0.0,1,0.0,-0.17775,0.0
Slut,1.5,1.5,0.0,1,0.0,-1.5,0.0
SluttyTaco,0.13625,0.29625,0.1398269019180501,2,0.6666666666666666,-0.254985,0.0
Sly,0.0015,0.0015,0.0,1,0.0,-0.0015,0.0
Sly_fox,0.0007500000000000001,0.00075,0.0,1,1.0,0.00096,0.0
SmackMeUp,0.00075,0.00075,0.0,1,0.0,-0.00075,0.0
SmallPeen,0.023596153846153843,0.1815,0.04770870143179011,3,0.6923076923076923,0.039705,1.0
Smart1990,0.00075,0.00075,0.0,1,1.0,0.000765,0.0
SmashBot,0.012,0.012,0.0,1,0.0,-0.012,0.0
Smoelf,0.080175,0.384,0.08716451097599419,11,0.35,-0.8034075,0.46153846153846156
Smokestradamus,0.4125,0.5625,0.21213203435596428,2,0.0,-0.825,1.0
SmoothOperator,0.31375000000000003,1.2,0.4533975904214754,1,0.8333333333333334,0.7765275,0.0
Snakereik,0.00075,0.00075,0.0,1,0.0,-0.00075,0.0
Snipist,0.75,0.75,0.0,1,1.0,0.3250125,0.0
Snoopi,0.097125,0.375,0.18527732591982213,2,1.0,0.02622,0.0
SnowKitty02,0.0045000000000000005,0.0045000000000000005,0.0,1,1.0,0.002565,0.0
SnowWhite,0.0909,0.891,0.2238497742428422,8,0.6666666666666666,0.35724750000000005,0.0
Snowballcps,0.10759913793103448,1.57575,0.25928155604720776,11,0.8793103448275862,-0.38597249999999983,0.0
Snowdoesstuff,0.0083125,0.01125,0.001173209467463272,3,0.9166666666666666,0.0069525,1.0
Snowkitty,0.0015,0.0015,0.0,1,0.5,-0.0008475000000000001,0.0
Snows,0.075,0.075,0.0,1,1.0,0.0141525,0.0
SoManySatoshi,0.6534642857142857,0.75,0.2550789268610236,5,0.7142857142857143,-0.5585550000000001,0.0
Solid8,0.1333125,0.75,0.2541549284955368,5,0.5,0.316245,0.5
SolidSnake,0.023161764705882354,0.22499999999999998,0.04710301042257472,19,0.8235294117647058,0.4986675,0.5
Soma,0.4509375,0.618,0.12777525435310233,1,1.0,0.0886725,0.0
Sombra23,0.75,0.75,0.0,1,0.0,-0.75,0.0
SonoPovero,0.00825,0.00825,0.0,1,0.0,-0.00825,0.0
SonsStrats,1.2823124999999997,9.45,3.301226697732439,3,0.5,0.28979250000000006,0.75
SorryMum,0.5435,1.5,0.8301115512387477,2,0.6666666666666666,-0.4946625,0.0
Sosiska,0.00175,0.003,0.0011456439237389603,2,0.3333333333333333,-0.0035700000000000003,1.0
Sotnik_42,0.469125,0.9375,0.6623822772764985,1,0.5,0.961605,1.0
Sp1cy,6.3845625,75.0,21.6127249097412,5,0.3333333333333333,150.784185,0.625
Sp4rtan,1.125,1.125,0.0,1,0.0,-1.125,0.0
Spastic,0.105,0.105,0.0,1,1.0,0.0084,0.0
Spayli,0.26693181818181816,1.125,0.4024846129187595,5,1.0,0.1708875,0.0
Spinkix,0.0045000000000000005,0.007500000000000001,0.004242640687119285,2,1.0,0.00033,0.0
Spinogriz,0.007125,0.007500000000000001,0.001590990257669732,4,0.7777777777777778,-0.0013425000000000032,0.25
SquadDeep,0.031400000000000004,0.10575000000000001,0.02953551131386468,2,0.0,-0.47100000000000003,0.5
Squrch,0.15,0.15,0.0,1,1.0,0.030000000000000002,0.0
Sqweerl,0.014610000000000001,0.12000000000000001,0.023564525774986432,8,0.76,0.4497075,0.5
Ssstiks,0.0012272727272727272,0.003,0.0007150969419341942,4,0.9545454545454546,0.0032175000000000003,0.0
StackinBits,20.1615,20.1615,0.0,1,0.0,-20.1615,0.0
Stanga123,0.75,0.75,0.0,2,1.0,0.5911875,0.0
StarrBwoyy,0.375,0.375,0.0,1,0.0,-0.375,0.0
Stembridge,0.0015000000000000002,0.0015,0.0,1,0.6666666666666666,-0.00135,0.0
Sterling674,9.0,9.0,0.0,1,0.0,-9.0,0.0
SteroidsBot,37.395187500000006,142.13925,69.83600628179295,2,0.5,-145.15275000000003,0.0
SteroidsBot2,1.8222500000000001,1.98675,0.15638234395225054,1,1.0,0.658335,0.0
Stockzilla,0.003,0.003,0.0,1,1.0,0.0012825,0.0
Strapz,0.28800000000000003,0.28800000000000003,0.0,1,1.0,0.08354999999999999,0.0
Strick_DevilS,0.004125,0.007500000000000001,0.004772970773009196,2,1.0,0.0007575,0.0
Strikerus,0.0225,0.0375,0.021213203435596427,2,0.0,-0.045,1.0
Strubber,0.023625,0.04125,0.024925514036825802,2,0.0,-0.04725,0.0
Stsm,0.41400000000000003,1.9200000000000002,0.8421802063691595,3,0.4,2.266335,0.5
Stuck,0.11625,0.11625,0.0,1,0.0,-0.11625,0.0
StudmuffinC,0.4125,0.525,0.07500000000000001,1,1.0,0.2706825,0.0
Su2Lanut,0.16107142857142856,1.4887499999999998,0.3089223420098603,13,0.3333333333333333,0.1327274999999999,0.3076923076923077
Suamikutercinta,0.11624999999999999,0.47024999999999995,0.13676904642068516,13,0.6285714285714286,0.019905000000000006,0.38461538461538464
Suba,0.009000000000000001,0.009000000000000001,0.0,1,0.0,-0.009000000000000001,0.0
SuckDad,126.00000000000001,126.00000000000001,0.0,1,1.0,89.66679,0.0
Sukuchi,0.2854375,0.93,0.31903911353611347,7,0.25,-0.9695625,0.5
Sunhwa,0.00585,0.007500000000000001,0.002593260495977988,3,0.6,-0.0170025,0.0
Sunny2606,2.50625,7.5,2.7454934665739055,4,0.6666666666666666,-1.1449724999999997,0.0
Supergeil,0.005812500000000001,0.009000000000000001,0.0030233466556119563,1,1.0,0.004755,0.0
Superman54321,3.9375,7.5,5.038135815954151,1,0.5,0.375,0.0
Susanbee,12.32775,12.32775,0.0,1,1.0,28.5139425,0.0
SvetDana,0.0032357142857142858,0.024,0.0047530728671746954,7,0.42857142857142855,-0.007612500000000005,0.3684210526315789
Swarnim,9.75,10.5,1.0606601717798212,2,1.0,13.812885000000001,0.0
Sweaty,0.00075,0.00075,0.0,1,0.5,-0.000675,0.0
Swell,3.0,3.0,0.0,1,1.0,0.87,0.0
SwiftCoin,0.075,0.075,0.0,1,0.0,-0.075,0.0
T-Train,1.1147727272727272,3.75,1.0751404197024321,7,0.6363636363636364,-1.1863274999999998,0.42857142857142855
T2369238923,1.5,1.5,0.0,1,1.0,0.525,0.0
TAPAKAH,0.027,0.07875,0.04481838350498599,2,0.3333333333333333,-0.0779775,0.0
TEHRANI,1.78275,1.78275,0.0,1,1.0,0.06657,0.0
THEREALDANGER,14.3856,28.428,10.521391866098325,3,0.8,45.8495625,0.0
THESUPREMEKRONUS,0.9165,0.9165,0.0,1,1.0,0.313155,0.0
THREATT721,26.781,26.781,0.0,1,0.0,-26.781,0.0
THUTHAO,59.99999999999999,217.49999999999997,104.99999999999999,2,1.0,7.7318025,0.0
TIRKAMON,0.003,0.003,0.0,1,1.0,0.0013425,0.0
TInuMN,0.03531923076923077,0.6,0.07852934746616413,15,0.9538461538461539,0.7899675,0.0
TOMOGAVK,0.008125,0.042,0.011427389346334853,4,0.5,-0.042967500000000006,0.4
TORTOR,0.6022500000000001,1.01475,0.5833630944789018,1,0.5,0.08318249999999999,0.0
TRoze,0.119375,0.6675,0.2686982857221088,4,0.3333333333333333,0.2990625,0.6666666666666666
TTbank,0.003,0.003,0.0,1,0.0,-0.003,0.0
TVC_15,0.21010714285714283,0.6749999999999999,0.28282738615124037,5,0.8571428571428571,0.28593,0.0
TWIX,0.01921153846153846,0.12000000000000001,0.03678128574111067,4,0.23076923076923078,0.11492250000000001,0.5555555555555556
Tapas5,1.503,3.0,2.1170777028725234,2,1.0,0.20781,0.0
Tashkov,0.024,0.15,0.05109602304904533,6,0.5,0.060015,0.3333333333333333
Tastymintz,0.8647499999999999,0.8647499999999999,0.0,1,0.0,-0.8647499999999999,0.0
Tattoo13,0.41250000000000003,0.41250000000000003,0.0,1,1.0,0.48371250000000005,0.0
Taty780,0.00909375,0.0525,0.01786303920509769,2,1.0,0.007717500000000001,0.0
Taupe,0.15290217391304348,1.176,0.2023082183634449,16,0.8478260869565217,-0.11428499999999997,0.2857142857142857
Tavano,0.0017884615384615385,0.0045000000000000005,0.0015167335854495904,7,0.7692307692307693,-0.0013425000000000002,0.3333333333333333
Tay56,0.099,0.15,0.07212489168102784,1,1.0,0.042885,0.0
TechDeck,0.33075,4.5,1.1125048763938072,11,0.3125,-5.116185,0.2
Techno_Gods,0.375,0.375,0.0,1,1.0,0.08205749999999999,0.0
Tekosan,13.175624999999998,112.5,32.12456904778151,7,0.5833333333333334,4.100977500000001,0.5
Teleute,16.3125,52.50000000000001,24.251610771245694,1,0.25,-54.00000000000001,0.5
Tendies420,0.027,0.15,0.06027499481542906,3,0.5,0.010215,0.6666666666666666
Tenpackgetsmoney,1.490625,5.25,2.516764105453668,2,0.25,4.84632,0.5
Terbz,0.435,0.435,0.0,1,1.0,0.079365,0.0
Terrys,2.25,2.25,0.0,1,0.0,-2.25,0.0
TeusajoMeong,0.13438636363636364,0.6,0.18401210434494394,5,0.6363636363636364,-0.3181574999999999,0.0
Thanks2016,11.785714285714286,30.0,9.543135154205277,5,1.0,34.12008,0.0
TheAlphaHive,0.0018750000000000001,0.003,0.0006943650748294137,3,0.125,-0.007455,0.3333333333333333
TheArchitect,0.13725,0.8325,0.27490134594068466,5,0.2,0.006450000000000001,0.5714285714285714
TheBettingGod69,0.01875,0.0225,0.005303300858899106,1,1.0,0.002025,0.0
TheChosen,0.63825,0.63825,0.0,1,1.0,1.419525,0.0
TheCreeper,0.27361111111111114,1.5,0.4224238115951374,6,0.6666666666666666,-1.1495925,0.3333333333333333
TheFakeBex,0.4125,0.44999999999999996,0.053033008588991036,2,1.0,0.15,0.0
TheGainTrain,0.62775,0.72825,0.14212846301849597,1,0.5,-0.6702524999999999,0.0
TheJecker,0.057249999999999995,0.15,0.08042970533329089,2,0.3333333333333333,0.117495,1.0
TheKolya,0.2625,0.375,0.15909902576697318,1,1.0,0.5373450000000001,0.0
TheLuckyDepo,12.5625,12.5625,0.0,1,0.0,-12.5625,0.0
TheMajor,0.0435,0.22499999999999998,0.07183836022627464,5,0.4,-0.09833999999999998,0.4
TheMarvHF,0.18975000000000003,0.18975000000000003,0.0,1,1.0,0.0075899999999999995,0.0
TheRealNyanCat,0.02475,0.02475,0.0,1,1.0,0.009045,0.0
TheRealOD1818,0.75,0.75,0.0,1,1.0,0.8552474999999999,0.0
TheRealSlimShady,0.015000000000000001,0.015000000000000001,0.0,1,1.0,0.0045000000000000005,0.0
TheRedFrog,0.8711863636363636,10.11375,1.9550162067258177,12,0.18181818181818182,1.456320000000003,0.4318181818181818
TheSemenator,0.22499999999999998,0.22499999999999998,0.0,1,1.0,1.2384825,0.0
TheSnow,0.113625,0.375,0.1770227739586068,4,0.0,-0.4545,0.6666666666666666
TheStampede,0.23521874999999998,0.7627499999999999,0.332248896523482,5,0.75,0.008820000000000007,0.0
TheSwan,0.056400000000000006,0.2295,0.09721602877097994,3,0.8,0.1306425,0.0
TheTapk,0.00375,0.0195,0.004421184795956848,8,0.17647058823529413,0.0001274999999999948,0.46153846153846156
TheTaurus,1.1113636363636363,2.25,1.0026286473792052,4,0.8181818181818182,1.99377,0.5
The_Dream,3.75,3.75,0.0,1,1.0,4.1656125,0.0
Thomasdeman,0.32749999999999996,0.75,0.2633201473491917,6,0.6666666666666666,-0.6392249999999999,0.0
Thoro,12.0,37.5,14.377717134510611,4,0.6,-5.7880575,0.0
Thorsassin,0.0015,0.0015,0.0,1,0.0,-0.003,0.0
Thug,0.6711944444444445,7.5,1.4089974841199717,6,0.8148148148148148,2.5630125000000006,0.6
Tienquang,1.0825,3.0,1.6618269314221623,1,0.6666666666666666,-2.8101825,0.0
Tim101101,0.024914634146341465,0.075,0.014200089101403723,15,0.926829268292683,0.11584499999999999,0.3333333333333333
Timmethy,0.01725,0.01725,0.0,1,0.0,-0.01725,0.0
Tirtokon,0.69375,0.69375,0.0,1,1.0,2.0534774999999996,0.0
Toddpack,1.26590625,9.0,3.134434768871813,3,0.375,29.988345,0.2
Toliaha,0.0022500000000000003,0.0022500000000000003,0.0,1,1.0,0.00015000000000000001,0.0
Tolle123,0.00075,0.00075,0.0,1,1.0,8.25e-05,0.0
TommyBusta,0.4125,0.44999999999999996,0.053033008588991036,2,0.0,-0.825,0.0
TommyVercetti,0.0039375,0.01875,0.005549493220105778,3,0.3333333333333333,0.024645,0.25
TonyMontana,0.008666666666666668,0.02475,0.00643112548470328,4,0.8888888888888888,0.0203475,0.0
Toos123,0.0375,0.0375,0.0,1,1.0,0.007500000000000001,0.0
Top01,0.02067857142857143,0.12000000000000001,0.031144580429183662,5,0.8571428571428571,0.05632499999999999,1.0
TopazKzn,0.03541071428571428,0.375,0.07750019318285466,10,0.9285714285714286,-0.04658249999999999,0.3333333333333333
Toptoon,0.08325,0.08325,0.0,1,0.0,-0.08325,0.0
Tor_Us,0.4875,0.75,0.37123106012293744,2,0.5,-0.14999999999999997,1.0
Totoka8090,1.5,1.5,0.0,1,1.0,0.2570325,0.0
Trafalgar_Law,0.027000000000000003,0.12000000000000001,0.034132096331752036,4,0.5,-0.056940000000000004,0.4
Treasure7s,0.09583333333333334,0.75,0.24551842471594673,4,0.3333333333333333,0.15291749999999998,0.8
Treat,18.75,18.75,0.0,1,1.0,3.75,0.0
Trickz8,0.15,0.15,0.0,1,0.0,-0.15,0.0
Trillious,0.75,0.75,0.0,1,0.0,-0.75,0.0
Trilogy,0.19999999999999998,1.125,0.45334721792462784,3,1.0,0.05656500000000001,0.0
Troopah,1.7399999999999998,3.75,1.520855022676389,2,0.6,-0.6484500000000004,0.5
Trox,0.00075,0.00075,0.0,6,0.0392156862745098,0.020339999999999997,0.0
TrumpWinner,5.4375,10.125,6.629126073623883,1,0.5,-9.8627625,0.0
TrustMeIm21,0.375,0.375,0.0,1,0.0,-0.375,0.0
Tulus72,0.11360820895522387,3.0,0.38033465433438063,30,0.5373134328358209,-0.1525574999999998,0.4838709677419355
Tuna,1.5,1.5,0.0,1,1.0,5.3988375,0.0
TurtleDank,0.12123214285714287,3.2805000000000004,0.6191826000962114,12,0.5714285714285714,1.7490074999999998,0.2727272727272727
TwoOneGo,4.6875,15.0,5.187647789633151,2,0.75,-12.8810325,0.5
Txn,0.8647499999999999,0.8647499999999999,0.0,1,1.0,0.10377000000000002,0.0
TyRex,0.21865384615384617,0.546,0.17700837252036325,6,0.5384615384615384,-0.5030025000000001,0.6
Tylercpr,0.08798076923076922,0.15,0.061420974086156495,3,0.6923076923076923,-0.07603499999999998,0.25
Tyrant,0.028125,0.057,0.017841489567858398,2,0.0,-0.16875,0.8
UDASA666,0.75,0.75,0.0,1,0.0,-0.75,0.0
UNGCOIN,0.0375,0.0375,0.0,1,1.0,0.007500000000000001,0.0
Uchaman23,0.027,0.15,0.06029179048593598,3,0.3333333333333333,1.34127,0.6666666666666666
Ujif1970,2.625,3.75,1.948557158514987,2,0.3333333333333333,-5.9949825,0.0
Ulrich1997,0.00825,0.00825,0.0,1,1.0,0.0010574999999999998,0.0
Ultron,0.0035,0.007500000000000001,0.0035443617196894562,3,0.3333333333333333,-0.002625,1.0
Unassigned,4.575,11.25,5.815765211904622,3,0.3333333333333333,-12.948765,0.0
Unhidden,50.04874999999999,150.0,86.56032166031675,1,0.6666666666666666,21.7308975,1.0
Unluckyredhead,0.6,0.6,0.0,1,0.0,-0.6,0.0
UnoReal,0.005750000000000001,0.007500000000000001,0.0030310889132455355,1,1.0,0.010844999999999999,0.0
Upgains,0.09225,0.09375,0.0021213203435596446,1,1.0,0.10702500000000001,0.0
Upscale,4.125,4.5,0.5303300858899106,1,0.5,-4.35,0.0
UsernameVF,0.0466875,0.09375,0.03269389277831564,1,1.0,0.00978,0.0
Usernamelol,0.8999999999999999,0.8999999999999999,0.0,1,0.0,-0.8999999999999999,0.0
Usung,0.8643000000000001,7.824,1.8712552730386625,7,0.28,-17.8625175,0.4117647058823529
UtilityBread,0.3633,3.75,1.0007449287905485,4,0.6666666666666666,0.6419325,0.25
UtilityBread1,0.008,0.00825,0.0004330127018922195,1,0.6666666666666666,-0.0003149999999999993,0.0
UzumakiNarutoo,8.147625000000001,12.750000000000002,6.508741144126874,2,1.0,1.8279299999999998,0.0
VASIL,2.2696153846153844,16.5,4.798383798668768,7,0.46153846153846156,-15.1309725,0.5
VAYozh,0.044156249999999994,0.16874999999999998,0.0585857030188619,3,0.75,-0.032197499999999976,0.5
VINSIN,0.75,0.75,0.0,1,0.0,-0.75,0.0
VIPlevfzeke,0.037875,0.075,0.052502678503101155,2,1.0,0.007710000000000001,0.0
VLynXV,0.1875,0.1875,0.0,1,1.0,0.1958775,0.0
VNPython,0.13208333333333333,0.9600000000000001,0.3128597928785353,2,0.2222222222222222,-1.1318475000000001,0.2857142857142857
VSBit,0.18112500000000004,0.29850000000000004,0.16599331688354207,1,1.0,0.052027500000000004,0.0
VStar,0.53925,1.03275,0.3981569100241763,3,0.3333333333333333,-1.0789499999999999,0.3333333333333333
V_12345_V,0.09104999999999999,0.22499999999999998,0.12228519432048998,3,1.0,0.2129925,0.0
V_Vorobyov,0.0015,0.0015,0.0,1,1.0,0.0008025,0.0
VaJayJay,0.006900000000000001,0.0165,0.00842540800199017,2,1.0,0.006,0.0
Vadik405,0.075,0.075,0.0,1,1.0,0.0864825,0.0
Valdemar92,0.10966666666666666,0.375,0.11118846612846135,6,0.2222222222222222,-0.24322500000000002,0.14285714285714285
ValentinKo,0.165,0.165,0.0,1,1.0,0.040965,0.0
VanillaHF,0.11735000000000001,0.1245,0.0029028926460146105,2,1.0,0.1103175,0.0
Vanillala,0.048,0.048,0.0,1,0.0,-0.048,0.0
Vape,0.375,0.375,0.0,1,0.0,-0.375,0.0
VaruMaftei,1.95,3.75,2.545584412271571,2,1.0,0.267885,0.0
Vasya27015,0.11513461538461538,1.50375,0.24652276801514725,18,0.5384615384615384,-0.4798125,0.4857142857142857
Vasya27017,0.9225000000000001,1.5225000000000002,0.8485281374238571,1,1.0,0.0213225,0.0
Vasya27020,0.0017499999999999998,0.003,0.0011456439237389601,3,0.6666666666666666,-0.0005325,0.0
Vechnik,0.11249999999999999,0.11249999999999999,0.0,1,0.0,-0.11249999999999999,0.0
VenRose24,0.075,0.075,0.0,2,0.5,-0.058649999999999994,0.0
Venkateswaram,16.5,25.500000000000004,12.727922061357859,1,1.0,5.4662025,0.0
Ventrallc,7.5,7.5,0.0,1,1.0,1.875,0.0
Vermen,0.0015,0.0015,0.0,1,1.0,0.00153,0.0
VerserrThePepper,1.049625,3.675,1.7597041122018213,2,1.0,1.7374275000000001,0.0
Vexentric,0.003,0.003,0.0,1,0.0,-0.003,0.0
Vexizor,0.19269999999999998,1.8375,0.4925990038270769,7,0.8666666666666667,0.5718075,0.0
ViPiotrus,0.0013750000000000001,0.003,0.000876783895837509,3,0.3333333333333333,-0.0052125,0.3333333333333333
VictoryUA,0.0045,0.024,0.008638576271585499,5,1.0,0.009945,0.0
Viral,0.00495,0.015000000000000001,0.006332949549775365,2,0.6,-0.013357500000000001,0.0
ViralsDad,0.0022500000000000003,0.0022500000000000003,0.0,1,1.0,0.005025,0.0
VirtualFrost,0.37816666666666665,5.3625,1.0211779679897584,6,0.5555555555555556,-4.307902499999999,0.45454545454545453
VirtualFrostHF,0.24810000000000004,1.008,0.4249259347227467,1,0.8,1.1746199999999998,0.0
Virus_007,0.43275,0.43275,0.0,1,1.0,3.1065375000000004,0.0
Vitalym81,0.045000000000000005,0.12000000000000001,0.0649519052838329,1,0.0,-0.135,0.0
Viziano,0.0466875,0.075,0.03571961121009018,4,0.5,-0.020302500000000005,1.0
Vjacheslav123,0.01768085106382979,0.17850000000000002,0.038136578859226895,16,0.6382978723404256,0.0809325,0.17647058823529413
Vovanchegs,0.5625,0.75,0.2651650429449553,1,1.0,0.05625,0.0
Vovik333,0.012500000000000002,0.030000000000000002,0.015449514555480378,2,0.3333333333333333,-0.0364875,0.0
Vvlong,0.14311363636363636,0.6749999999999999,0.2086304856569493,8,0.18181818181818182,-0.9094424999999999,0.375
Vyvanse,2.576625,7.5,2.3848163002030756,7,0.625,-8.1645225,0.0
WAVYFUN,0.00675,0.00675,0.0,1,0.0,-0.00675,0.0
WTFbustabit,1.16595,5.4825,2.4136402188913744,3,0.2,-5.509155,0.3333333333333333
WWWWWWWWWWWWWWW,0.003375,0.006,0.0037123106012293744,2,0.5,0.0013649999999999997,0.0
Wackahacker,101.81311363636364,693.699,204.34866615154854,9,0.7272727272727273,103.9833075,0.3333333333333333
Walkingstiff,4.5,4.5,0.0,1,1.0,4.607385000000001,0.0
Walls,0.010285714285714285,0.01875,0.007176972103291789,5,0.8571428571428571,-0.003622499999999999,0.0
WalshyDev,0.3460892857142857,3.216,0.55870648142151,15,0.7857142857142857,-2.4834375000000004,0.5
WalshyDev2,0.00075,0.00075,0.0,1,0.0,-0.0015,0.0
WasP,0.14353125,1.125,0.3965795145792689,6,0.0,-1.14825,0.42857142857142855
WasP1K,0.007500000000000001,0.007500000000000001,0.0,1,0.0,-0.007500000000000001,0.0
WatchMeWhip,0.4125,1.125,0.4802343178074637,1,0.75,-0.96213,0.0
WaveSurfing09,129.58724999999998,254.17499999999998,176.19368575554856,1,0.0,-259.17449999999997,1.0
Wavy,3.7988636363636368,125.25000000000001,21.802615450643447,6,0.5454545454545454,9.2181375,0.4
Wayward,0.25425000000000003,0.9720000000000001,0.47861754042241295,2,1.0,8.7856725,0.0
Wcrose,0.00225,0.003,0.001299038105676658,2,0.6666666666666666,-0.0021750000000000003,0.0
Wdestroier,0.015,0.01875,0.005303300858899107,1,1.0,0.00918,0.0
WeedToad,0.1755,0.1755,0.0,1,0.0,-0.1755,0.0
WeekEnd,1.125,2.25,0.75,2,1.0,1.48659,0.0
WeinervilleUSA,0.6,0.6,0.0,1,1.0,0.036000000000000004,0.0
Wenzel,0.007500000000000001,0.007500000000000001,0.0,1,1.0,0.0009450000000000001,0.0
Westernalia,0.016125,0.03525,0.008487122598383978,4,0.0,-0.16125,0.3333333333333333
Wetbread,0.83325,0.83325,0.0,1,1.0,0.12336750000000002,0.0
WhangbokSoo,0.3749166666666667,0.95775,0.25272831843934007,6,0.3333333333333333,2.503335,0.45454545454545453
Whiiitestar,0.00975,0.048,0.018932115571166367,1,1.0,0.0172425,0.0
Whiteowlsandgas,0.75,0.75,0.0,1,0.0,-0.75,0.0
Willy94,0.0225,0.0225,0.0,1,1.0,0.002025,0.0
Willypablo,0.23465625,0.83325,0.3708595213800157,5,0.25,-0.0024374999999999952,0.6666666666666666
WinItAll,0.21975000000000003,0.21975000000000003,0.0,1,0.0,-0.21975000000000003,0.0
Windmark,1.3880357142857143,2.775,0.9474769833239071,3,1.0,3.002745,0.0
Windows98HF,0.5625,0.75,0.2651650429449553,1,0.5,-0.370725,0.0
WizardMagic,0.15375,0.5625,0.2728667257105563,3,0.5,0.029099999999999994,0.0
WizbeeeX,0.145875,0.429,0.15301966785351484,3,1.0,0.152925,0.0
Woefulknight,0.012980769230769231,0.05175,0.014178718478491194,7,0.38461538461538464,-0.123675,0.42857142857142855
Wolf84,0.0034545454545454545,0.024,0.004791127275306076,10,0.5454545454545454,-0.0260775,0.4666666666666667
WolfBain,0.03375,0.0525,0.02651650429449553,1,0.0,-0.0675,1.0
Wolf_gang,7.5,7.5,0.0,1,1.0,7.6091475,0.0
WolvesAteTrump,0.043000000000000003,0.09225000000000001,0.04337265843823734,2,1.0,0.027825,0.0
WorldKaoss,0.03325,0.06825,0.030458988821036072,2,0.3333333333333333,-0.07782750000000001,0.0
X12x12,0.06225,0.08025,0.025455844122715714,1,0.0,-0.1245,0.0
XBL-Revolution,0.3061304347826087,1.5,0.3773576322385645,9,0.9130434782608695,-0.636255,0.0
XENYX,0.15,0.15,0.0,1,0.0,-0.15,0.0
Xch4ng3,0.13499999999999998,0.375,0.1341640786499874,2,1.0,0.0733125,0.0
Xchon,0.00075,0.00075,0.0,1,0.0,-0.00075,0.0
Xiu,0.007500000000000001,0.007500000000000001,0.0,1,1.0,0.0375975,0.0
XlSolver,0.011249999999999998,0.0375,0.012859821149611685,3,0.8333333333333334,-0.0024,0.0
Xork69,0.00075,0.00075,0.0,2,1.0,0.0001875,0.0
XpeHBaM,0.644,1.5,0.6143923217293654,6,0.6666666666666666,-1.5129375,0.0
Xtra,0.08474999999999999,0.10725,0.024140215409146626,2,1.0,0.01107,0.0
XxGarrettSmithxX,0.0035625,0.00525,0.0012808688457449499,2,0.25,-0.006915000000000001,0.3333333333333333
Xxsvu_jeremyxx,0.007500000000000001,0.007500000000000001,0.0,1,0.0,-0.007500000000000001,0.0
Xysle,0.206375,7.5,0.9746948495750533,18,0.95,1.7841975,0.3333333333333333
YOHAN1,0.20375000000000001,0.75,0.3032604079005369,3,0.5,-0.16264499999999993,0.0
YOHAN2,0.1264396551724138,2.55075,0.4683479354488097,15,0.7241379310344828,3.1717725,0.625
Yahagh,0.733,1.68075,0.6192632719611264,4,0.8333333333333334,1.408935,1.0
Yakum,0.006750000000000001,0.007500000000000001,0.0022500000000000003,3,0.7777777777777778,0.00702,1.0
Yaroslav,0.002771739130434783,0.02025,0.004268692906550526,20,0.6956521739130435,-0.015060000000000002,0.2857142857142857
YassinowGambler,0.024650000000000002,0.43650000000000005,0.07818373585167276,7,0.03333333333333333,-0.5742975,0.4642857142857143
YeonDere,0.0375,0.0375,0.0,1,1.0,0.0259575,0.0
Yerevann,0.022500000000000003,0.0225,0.0,1,1.0,0.0071400000000000005,0.0
YetAnotherMeme,0.6,0.6,0.0,1,1.0,0.1310025,0.0
YogiBear,0.008625,0.00975,0.001590990257669731,1,1.0,0.0005175,0.0
YooSh,8.764000000000001,52.50000000000001,21.42619318381126,2,1.0,2.6372775,0.0
Yoon,0.14397413793103447,0.999,0.26777141891809303,7,0.5862068965517241,0.3994500000000001,0.4166666666666667
YouBuste123,0.2001,0.438,0.1404628064649144,2,0.0,-1.0005,0.25
Youlthalater,0.12663461538461537,1.5,0.41271151919582166,3,0.6923076923076923,0.08730750000000001,0.5
Yukoh,0.24,3.75,0.6534517530379631,9,0.84375,1.0496625,0.2
Yury,0.0038906250000000004,0.0105,0.003311556469396227,5,0.4375,-0.008257500000000001,0.375
ZART,3.0425,7.848,4.2071005380784525,3,0.6666666666666666,12.92205,0.0
ZELIMHAN,0.0037500000000000003,0.0037500000000000003,0.0,1,0.0,-0.007500000000000001,0.0
ZULU_BOY,0.1629375,0.75,0.2264593299579419,6,0.45,-0.14599499999999996,0.36363636363636365
ZachAttack,0.75,0.75,0.0,1,1.0,0.09749999999999999,0.0
Zaki,5.0625,7.5,2.940822589004648,5,0.8333333333333334,11.5786275,1.0
ZakiYasfin,2.5,6.0,3.031088913245535,2,1.0,2.0346,0.0
Zanam,0.348375,0.6555,0.4343403403438368,1,0.5,0.03825,1.0
Zeke21_10-1,0.75,0.75,0.0,1,0.0,-0.75,0.0
Zenith08,1.5,1.5,0.0,1,1.0,0.8072625,0.0
Zenzolina,0.0385,0.075,0.036010415160061676,2,0.3333333333333333,-0.077625,0.5
Zerk,0.0625,0.075,0.021650635094610966,2,0.6666666666666666,-0.06855,0.0
Zerk2,0.14024999999999999,0.22499999999999998,0.11584283534168177,1,1.0,0.3279525,0.0
Zhect,0.0022500000000000003,0.003,0.0010606601717798212,2,0.0,-0.0045000000000000005,1.0
Zimoglyd,0.09929347826086957,0.5625,0.13712657250639565,8,0.8695652173913043,0.0663375,1.0
Zoltar328,25.933008620689655,750.0,139.25796271575717,12,0.896551724137931,15.515985,0.3333333333333333
Zommau,11.311392857142858,75.0,18.57529066538587,31,0.6428571428571429,3.3599325,0.2
Zork123,0.16875,0.375,0.14197270864500683,3,1.0,0.03567,0.0
Zork1234,0.375,0.375,0.0,1,1.0,0.015000000000000001,0.0
Zway901,0.00775,0.012,0.005528336096873995,2,0.0,-0.02325,0.5
Zzzz_BaB,0.0015,0.0015,0.0,1,1.0,0.00228,0.0
_Dear_,0.16125,0.37424999999999997,0.18134394117256852,3,0.0,-0.645,0.6666666666666666
_TechDeck,0.0045000000000000005,0.0045000000000000005,0.0,1,0.0,-0.0045000000000000005,0.0
_caramba_tm_,0.001,0.0015,0.00043301270189221935,2,1.0,0.0023475,0.0
_lsx,4.7115,15.0,6.255225715351925,5,0.8,1.15842,1.0
_noBap_,0.003,0.003,0.0,1,0.0,-0.003,0.0
a1sauce,7.5,7.5,0.0,1,1.0,7.7436075,0.0
a223532,0.309485,6.855,0.8725075201258579,32,0.17333333333333334,-20.576655,0.45528455284552843
a223532a,0.544265625,15.0,2.222827767879221,16,0.3541666666666667,-0.21684749999999992,0.4
a31313137,0.00075,0.00075,0.0,1,1.0,0.0003975,0.0
a5v2d3,0.081375,0.20625000000000002,0.08584961415172464,3,0.9,-0.11171999999999999,0.0
a9inchcock,1.2659605263157894,7.5,1.7434947030620034,10,0.5789473684210527,-7.97574,0.5
aTallFiddler,22.5,37.5,21.213203435596427,2,0.5,-36.34203,0.0
aamirvakeel1,0.03075,0.03075,0.0,1,1.0,0.006149999999999999,0.0
aashir00,0.41336538461538463,1.125,0.36637312514282905,5,0.9230769230769231,0.3117600000000001,0.0
ab3d,0.5323846153846155,1.6912500000000001,0.5738320077138632,4,0.9230769230769231,0.3287025,0.0
abagnale,1.125,1.125,0.0,1,0.0,-1.125,0.0
abbos,0.015000000000000001,0.048,0.022079402165819616,1,0.25,9.749999999998779e-05,1.0
abcbitcoin,0.13737500000000002,0.51675,0.2039880970792169,3,0.0,-0.8242500000000001,0.6
abdullahbhatti,0.00075,0.00075,0.0,1,1.0,0.00015000000000000001,0.0
abknight,7.5,7.5,0.0,1,0.0,-7.5,0.0
acab205,0.0015,0.0015,0.0,1,0.0,-0.0015,0.0
account1818,20.763838235294116,75.0,16.843990241083848,10,0.47058823529411764,-119.79261,0.25
acebern,0.03039545454545454,0.8437499999999999,0.1171808479930216,14,0.6727272727272727,-0.1586925,0.4117647058823529
acethug37,0.007500000000000001,0.007500000000000001,0.0,2,1.0,0.0010275,0.0
acidalchemy,0.75,0.75,0.0,1,0.0,-0.75,0.0
acs,0.993,1.4865,0.6979143930311223,1,0.0,-1.986,1.0
acsyuta,0.6602812499999999,11.25,1.8339142093933327,19,0.8214285714285714,1.3769925,0.2
adiel75,0.01575,0.024,0.011667261889578034,1,0.5,0.0165,0.0
adswebtune,0.375,0.375,0.0,1,1.0,0.20625000000000002,0.0
aexxi2009,0.075,0.075,0.0,1,1.0,0.0375,0.0
afrod,0.04392,0.8069999999999999,0.11490813128914609,27,0.42,1.1009625,0.47368421052631576
agentnoodle,0.750375,1.5,1.0601298416939313,2,0.5,-1.49976,0.0
agera888,0.065,0.09375,0.02552572232082767,3,0.6666666666666666,0.04200000000000001,1.0
agimatmo,0.027749999999999997,0.027749999999999997,0.0,1,0.0,-0.027749999999999997,0.0
ahaQkddhkd,1.354078125,20.06475,3.7146531680659205,8,0.09375,-37.547444999999996,0.5357142857142857
aher,0.0019500000000000003,0.0022500000000000003,0.000670820393249937,3,0.6,-0.0017550000000000005,0.0
ahmadsd,0.0032343750000000003,0.009000000000000001,0.0023987301327994363,2,0.4375,0.009179999999999997,0.625
ahnjkdan,3.98928,37.5,8.21098716796586,10,0.16,-69.39693,0.45
ahnjkdanbank,0.007500000000000001,0.007500000000000001,0.0,1,0.0,-0.007500000000000001,0.0
aianmay,0.265125,0.525,0.3675187495217081,2,0.5,-0.524595,0.0
aidsbmx,2.1687499999999997,3.3404999999999996,1.3676287188049248,3,1.0,2.1308925,0.0
aimak13,0.00075,0.00075,0.0,1,1.0,0.00078,0.0
aimanmajid,3.9375,7.5,5.038135815954151,2,1.0,1.2790875000000002,0.0
aimtruth88,0.0225,0.0225,0.0,1,1.0,0.00513,0.0
airman801,0.043125000000000004,0.162,0.07925552031246784,2,0.5,0.159075,1.0
ajiamino,0.00075,0.00075,0.0,1,0.0,-0.00075,0.0
ajittashan,4.06725,4.06725,0.0,1,1.0,0.5185124999999999,0.0
akaBadge,22.5,22.5,0.0,1,1.0,6.11841,0.0
akaswizz,0.0243,0.0375,0.014788509052639485,3,0.2,-0.06294,0.3333333333333333
akatwo,0.01116304347826087,0.0465,0.008983013595007071,14,0.9565217391304348,-0.023677499999999997,0.0
alander760,0.09000000000000001,0.24000000000000002,0.1299038105676658,1,0.6666666666666666,-0.23679750000000002,0.0
alastar13rus,0.025125,0.045,0.023023086239685592,3,0.5,-0.027434999999999994,0.5
alastar13rus_2x,0.010499999999999999,0.01125,0.0010606601717798203,2,0.0,-0.020999999999999998,1.0
albert471,0.00075,0.00075,0.0,1,0.0,-0.00075,0.0
aldeshan,0.045,0.045,0.0,2,0.5,-0.04455,0.0
aldrin22,0.006750000000000001,0.045,0.01352312833629852,4,0.7,-0.00276,0.0
aleg89,0.00075,0.00075,0.0,1,0.0,-0.00075,0.0
alega08,0.001875,0.007500000000000001,0.002755675960631076,3,0.6666666666666666,0.006862500000000001,0.0
aleks7974,0.0907875,5.4915,0.5602414898850641,33,0.66,3.4491674999999997,0.45454545454545453
aleksandr1978,0.13375,0.375,0.20900433607942204,2,0.6666666666666666,0.0639225,0.0
aleksandr2,0.15,0.22499999999999998,0.08660254037844385,2,1.0,0.2282925,0.0
aleksandr6402,0.09237931034482759,2.25,0.3812647789524906,13,0.6896551724137931,-1.43067,0.29411764705882354
aleksden,1.4709807692307693,7.5,2.3243204326335243,6,0.46153846153846156,6.6257175,0.5714285714285714
alekseic,0.11249999999999999,0.11249999999999999,0.0,1,1.0,0.035295,0.0
alex0809,0.09496153846153847,1.425,0.2754225543806071,17,0.6923076923076923,0.396795,0.25
alex19642010,11.4375,37.5,17.43245894875419,4,0.75,4.711695000000001,0.0
alex7575,0.0063750000000000005,0.015000000000000001,0.006437196594791867,4,0.5,-0.0012000000000000003,1.0
alex777,0.007821428571428571,0.024,0.009050453816561593,5,0.42857142857142855,-0.001657500000000001,0.6666666666666666
alex888,0.006772727272727273,0.056249999999999994,0.012156428924834194,15,0.5454545454545454,-0.0023700000000000006,0.2857142857142857
alex91,0.05677173913043478,0.15,0.04678692714192074,12,0.782608695652174,-0.0681825,0.25
alex999888777,1.6500000000000001,7.5,1.6910899314495371,5,0.8823529411764706,-7.2405,0.5
alexVel85,0.02142857142857143,0.0375,0.01526550733797322,2,1.0,0.0041025,0.0
alexandro3337,0.028166666666666666,0.08175,0.02853042751375533,3,0.4444444444444444,-0.004642500000000008,0.7777777777777778
alexharter19,0.02265,0.075,0.02986092764801522,3,0.4,0.0849975,0.5
alexkokos,0.075,0.075,0.0,2,1.0,0.01818,0.0
alexng95,0.003,0.003,0.0,1,0.0,-0.003,0.0
alexpissarro,0.00375,0.006,0.003181980515339464,1,1.0,0.0076425,0.0
alexs667,4.5,4.5,0.0,1,0.0,-4.5,0.0
alexsoft76,0.063984375,2.25,0.2967767581810081,13,0.515625,-1.8492,0.16666666666666666
alexsoft76bank,0.0011500000000000002,0.006,0.0011031978311007754,12,0.6666666666666666,-0.0267225,0.21428571428571427
alextih888,0.0063515625,0.1095,0.01943847400578006,13,0.3125,0.45591000000000004,0.47619047619047616
alexuna,2.49975,2.49975,0.0,1,1.0,0.09999000000000001,0.0
alexxjandro,0.00075,0.00075,0.0,1,0.0,-0.00075,0.0
alfi555,0.0024375,0.006,0.002401171589037318,3,0.25,0.0017475,0.5
alfredo01,0.017499999999999998,0.0375,0.017320508075688773,2,0.3333333333333333,0.025987500000000004,0.5
alibaba1921,1.0,1.5,0.4330127018922193,2,0.6666666666666666,3.1893975000000006,0.0
alibag,0.0017763157894736842,0.003,0.0006230231895658798,6,0.8421052631578947,-0.0013800000000000002,0.6666666666666666
aliduduk,0.054088235294117645,0.8655,0.20913116288693367,5,0.11764705882352941,-0.9109050000000001,0.4
alikravtanali,0.0045000000000000005,0.0045000000000000005,0.0,1,0.0,-0.0045000000000000005,0.0
alireza99,0.162,0.3,0.19516147160748712,2,1.0,0.21081,0.0
aliwajid786,0.007500000000000001,0.007500000000000001,0.0,1,0.0,-0.007500000000000001,0.0
alleniverson3,0.6319772727272728,5.4915,1.6386613113092707,3,0.2727272727272727,20.769825,0.25
allg1124,120.76002475247526,750.0,179.97976375563206,22,0.7326732673267327,2386.9660049999998,0.19230769230769232
alliggator777,0.15,0.15,0.0,1,1.0,0.0146025,0.0
allution,0.0208125,0.0675,0.031490325895423825,3,0.5,-0.055762500000000007,0.0
alphasurfer,1.3161911764705883,10.799999999999999,2.004398745003246,12,0.6862745098039216,3.4919249999999993,0.4
alphonse,0.0861,0.36,0.15371377622061072,4,1.0,0.11532,0.0
alsoaverage,1.95,2.4,0.6363961030678927,1,0.0,-3.9,1.0
alucaro,2.25,3.75,2.1213203435596424,2,0.5,-2.9561625,0.0
alwayzgamez,37.5,37.5,0.0,1,1.0,1.875,0.0
amador2005,0.4382045454545454,4.8405,1.1125661886146934,21,0.8636363636363636,6.1220925,0.16666666666666666
amaki,0.10478571428571429,0.3135,0.0815809447692937,5,0.42857142857142855,-0.27013499999999996,0.5
amarto12345,0.13199999999999998,0.1875,0.07823042886243178,1,0.8,-0.155175,0.0
amazingjesus29,0.030750000000000003,0.060750000000000005,0.042426406871192854,2,1.0,0.9734400000000001,0.0
amerji,17.927812499999998,58.875,27.505605628955436,4,1.0,8.5638975,0.0
amiri930,0.004618421052631579,0.05925,0.013372694095372893,5,0.3684210526315789,0.09157499999999999,0.25
amjune,0.00930357142857143,0.066,0.013864054209679066,8,0.30952380952380953,-0.028935000000000002,0.42857142857142855
anajovielyn,0.025022727272727273,0.375,0.0638520232005816,12,0.5454545454545454,-0.2599425,0.21052631578947367
anaktee,0.01673076923076923,0.075,0.02665119242533639,10,0.6923076923076923,0.05985000000000001,0.5
anap,0.9413382352941175,3.75,0.8336011301883754,12,0.5,-0.4491974999999995,0.4117647058823529
anastasiya555,0.006562500000000001,0.015000000000000001,0.005207738061220603,3,0.875,-0.013380000000000001,0.0
anda9115,0.22499999999999998,0.22499999999999998,0.0,1,1.0,0.028050000000000002,0.0
andaya24,0.007050000000000001,0.024,0.00974422906134703,2,0.4,0.22062750000000003,0.5
andbig,0.2776772727272727,7.23525,0.9901440442728979,16,0.509090909090909,5.357377500000001,0.4074074074074074
andmor,0.0018750000000000001,0.007500000000000001,0.0026274339365451403,3,0.6666666666666666,-0.009405,0.0
andoshey,7.5,7.5,0.0,1,1.0,4.224135,0.0
andre888,0.0448125,0.11249999999999999,0.05242986386593045,1,1.0,0.08118,0.0
andreevaa,0.09468750000000001,0.5962500000000001,0.20539429632851475,3,0.375,-0.5901525000000001,0.25
andrestk,0.075,0.075,0.0,1,0.0,-0.075,0.0
andrew263,0.0675,0.0675,0.0,1,0.0,-0.0675,0.0
andrey447,0.002625,0.007500000000000001,0.0032691742076555053,2,0.75,0.0001275,1.0
andros,0.110625,0.219,0.15326539482218418,1,0.0,-0.22125,1.0
angela,0.108,0.108,0.0,1,0.0,-0.108,0.0
angels_,0.08220000000000001,0.096,0.01168653070846947,2,0.6,0.07950000000000002,0.5
angels_2424,1.1049375000000001,8.1465,2.8459387534507585,2,0.5,-8.302942499999999,0.0
anikaush,3.0,3.0,0.0,1,1.0,0.38999999999999996,0.0
animosity01,0.25799999999999995,0.7717499999999999,0.44492070922806004,2,0.3333333333333333,0.005467499999999999,0.0
annoos,1.3125,2.25,1.3258252147247767,2,1.0,0.315,0.0
anotherskateralt,0.375,0.375,0.0,1,1.0,0.007500000000000001,0.0
antaresgold,0.9232604166666667,20.54925,2.878779218304536,31,0.8194444444444444,15.749175000000001,0.6153846153846154
antitrem,0.01625,0.030000000000000002,0.013169567191065925,2,0.3333333333333333,-0.018397500000000004,0.5
antmt,0.15,0.3,0.12990381056766578,3,0.6666666666666666,0.30699,1.0
anton02_87,0.005745967741935484,0.075,0.01356877532433274,26,0.16129032258064516,0.034725000000000006,0.3269230769230769
antonio9696,0.3,0.3,0.0,1,1.0,0.30420749999999996,0.0
anvers77,0.75,0.75,0.0,1,1.0,0.1220625,0.0
anvil,0.039,0.15,0.07401097891529337,3,0.0,-0.156,0.3333333333333333
ape,0.8647499999999999,0.8647499999999999,0.0,1,1.0,0.10377000000000002,0.0
apossirumrun,0.00975,0.00975,0.0,1,1.0,0.0014625,0.0
aquablue,27.419175000000003,105.00000000000001,40.46681547028689,5,0.7,88.81139250000001,0.6666666666666666
aquaphoria,4.125,4.125,0.0,1,1.0,3.4793850000000006,0.0
arcsvr,4.5,4.5,0.0,1,0.0,-4.5,0.0
ardu,0.7727352941176471,9.0,1.8974208510579333,21,0.5490196078431373,2.8373324999999996,0.6363636363636364
arhunt,0.9375,1.125,0.2651650429449553,2,0.0,-1.875,1.0
arielo,0.015583333333333331,0.09,0.03151066287782597,5,0.3333333333333333,-0.13496249999999999,0.4
arivunithi,0.00525,0.02025,0.008435416409401495,3,0.6,0.0114375,0.0
arrianj,0.136375,0.375,0.1329091560051451,3,0.6666666666666666,-0.237315,0.0
arrivek,0.007682432432432432,0.0525,0.008731060583853426,8,0.9459459459459459,-0.0573075,0.0
arrowhead5,0.13872,1.125,0.2646932021227595,16,0.4,-0.7077975000000002,0.35714285714285715
art14,0.005841743119266055,0.11699999999999999,0.01577777755344503,22,0.8165137614678899,0.080925,0.5263157894736842
artemkalol,0.024681818181818183,0.0405,0.00846839042342973,9,0.7272727272727273,-0.04662,1.0
artex21,0.075,0.075,0.0,1,0.0,-0.075,0.0
articol31,5.31975,5.31975,0.0,1,1.0,10.870845,0.0
artocus,0.01875,0.01875,0.0,1,1.0,0.018945,0.0
artyom18841,0.075,0.075,0.0,1,1.0,0.0025275,0.0
artyom18842,0.09796875,0.37424999999999997,0.12716422435322422,4,0.375,-0.06556499999999998,0.5
artyom18843,0.03075,0.03975,0.013686215693170994,1,0.6666666666666666,-0.024300000000000002,0.0
artyom18844,0.1809375,0.8999999999999999,0.24996256822045101,7,0.3333333333333333,-0.1541175,0.5714285714285714
artyom18845,0.5231250000000001,0.74775,0.31766772144805644,1,0.5,0.13361249999999997,1.0
artysem,0.013541666666666667,0.189,0.043998767529530275,10,0.6666666666666666,0.1555575,0.2
arun,0.00975,0.01125,0.002121320343559642,1,0.5,0.013739999999999999,0.0
aryavibhu,0.2565,0.75,0.3466071262971954,3,0.5,3.3112500000000002,0.5
as24df,0.007607142857142857,0.075,0.01975540682702077,4,0.7142857142857143,0.010769999999999998,0.75
asadnaveed,0.05105357142857143,0.375,0.1182021447513095,6,0.5714285714285714,0.41303999999999996,0.5
asanecra,0.625,0.75,0.10825317547305482,2,0.6666666666666666,0.01917749999999996,1.0
asasas0224,6.0,6.0,0.0,1,0.0,-6.0,0.0
ashim,0.1430357142857143,0.7492500000000001,0.2795997298435237,7,0.5714285714285714,-0.18782999999999997,0.0
asif400,0.009000000000000001,0.009000000000000001,0.0,1,1.0,0.0045000000000000005,0.0
aspire,0.1366875,0.6,0.21061087807681186,3,0.875,0.080145,0.0
asprunner,0.019125,0.0375,0.02598617420860562,1,1.0,0.0041475,0.0
assefmonkey,0.7314583333333333,7.5,1.8971383020571677,5,0.5,-6.7167375,0.25
asuh420,2.12475,2.12475,0.0,1,0.0,-2.12475,0.0
atQ67Vt,0.05053846153846154,0.29175,0.09448687332518327,3,0.46153846153846156,0.8758125,0.6666666666666666
atom123,0.6086944444444445,8.44425,1.677714399822507,5,0.2222222222222222,-14.3838225,0.45
augustuswynne,0.15,0.15,0.0,1,1.0,0.05208,0.0
autoboy,2.8437927631578948,150.0,18.15965768865097,17,0.10526315789473684,94.08956249999997,0.47058823529411764
avsterbone,0.0345,0.06825,0.04772970773009196,1,1.0,0.012217500000000001,0.0
avtandillom,0.08899000000000001,1.7475,0.2666260902969307,21,0.28,-1.8336825000000003,0.3584905660377358
axid9092688,0.0037794117647058823,0.0225,0.004099587497182957,16,0.7450980392156863,-0.020385,0.16666666666666666
ayubkarimi587,0.2423076923076923,0.75,0.18410385864840195,3,0.5384615384615384,0.4832025000000001,0.0
ayyelmo,0.00825,0.01425,0.005662375826453062,1,0.0,-0.02475,0.5
azazaz,0.11267368421052633,7.5,0.7744968211011951,16,0.5263157894736842,2.0353274999999997,0.5555555555555556
azoote78,0.00075,0.00075,0.0,2,1.0,0.0002475,0.0
azus88,0.00075,0.00075,0.0,1,1.0,0.00075,0.0
baasdaniel,1.875375,3.75,2.651120099363663,2,1.0,0.2626875,0.0
babur,0.20625,0.375,0.2386485386504598,2,1.0,0.12374999999999999,0.0
baekhap12,1.0735714285714286,7.5,2.4401047156529265,5,0.35714285714285715,-3.8967149999999995,0.375
bagen,0.026459745762711862,0.8182499999999999,0.10493646821516947,20,0.1440677966101695,4.565557500000001,0.43
bagenof,0.0554375,1.8435000000000001,0.2768384219789638,11,0.09722222222222222,15.155482500000002,0.46875
bagga2332,0.2853,0.6,0.29552598236026556,3,1.0,0.0324,0.0
bagration,0.12452798507462687,9.909,0.8709474184449423,25,0.6567164179104478,6.837180000000001,0.2826086956521739
bajg2014,0.1065,0.375,0.16312198273071596,5,0.6,0.3355275,1.0
bakst33n,0.00075,0.00075,0.0,1,1.0,9.75e-05,0.0
balmi211,0.15,0.15,0.0,1,0.0,-0.15,0.0
balo1994,0.001875,0.003,0.001590990257669732,1,1.0,0.003105,0.0
bandar,3.75,3.75,0.0,1,1.0,3.75,0.0
banho,0.048666666666666664,0.49124999999999996,0.11475530232527256,14,0.5,0.6221850000000001,0.5
banksome,0.0111,0.029249999999999998,0.010343476204835585,2,0.2,-0.041865,0.5
bannanahouse,5.117625,9.732750000000001,6.526772367047131,2,0.0,-10.23525,0.0
banno,0.006865384615384615,0.10125,0.01677186771229443,11,0.6153846153846154,0.036945000000000006,0.5714285714285714
banno19880,0.0026785714285714286,0.018000000000000002,0.003467056848867251,8,0.4857142857142857,0.017325,0.11764705882352941
banque,0.0007500000000000001,0.00075,0.0,2,0.0,-0.0022500000000000003,0.0
barbarosa1516,0.022218750000000002,0.12000000000000001,0.04008505187633629,5,0.625,0.10295999999999998,0.0
barely,0.12000000000000001,0.12000000000000001,0.0,1,1.0,0.0204,0.0
base,0.1529375,0.8790000000000001,0.31100345520223294,3,0.16666666666666666,-1.5827700000000002,0.4444444444444444
basoucai2,0.02290909090909091,0.0375,0.013338043675551114,3,0.7272727272727273,0.020415000000000003,0.3333333333333333
batangmelle2,0.1864903846153846,2.25,0.46217543466074235,12,0.6923076923076923,-0.4392449999999998,0.375
batmon,0.01125,0.01125,0.0,1,0.0,-0.01125,0.0
baz2469,0.20174999999999998,0.20174999999999998,0.0,1,1.0,1.8253875,0.0
bbsrking-1,29.084062499999998,105.83624999999999,51.24623904264219,3,0.75,8.095927499999998,0.0
bcn000,1.91615625,15.0,5.2869627757097994,7,0.875,5.6477475,1.0
bcw323,0.6193124999999999,3.0,1.0143874273070281,2,0.25,-4.1927325,0.4
beabit,0.75,0.75,0.0,2,0.8,-0.18378750000000002,0.0
beetleboy,0.01875,0.01875,0.0,1,1.0,0.0106875,0.0
bellino88,0.075,0.075,0.0,1,1.0,0.020624999999999998,0.0
benaam,0.075,0.075,0.0,1,0.0,-0.075,0.0
benim,0.15,0.15,0.0,1,0.0,-0.15,0.0
benjovis,0.0104,0.0945,0.012364604560840027,11,0.92,0.028222499999999998,0.16666666666666666
benzenhen,1.5025000000000002,2.25,1.2947079786577358,2,0.3333333333333333,10.295002499999999,1.0
berg,1.438425,9.075,2.7227667098468054,6,0.9,1.312215,1.0
berserker,3.9861710526315792,46.97474999999999,10.335991415480963,12,0.21052631578947367,-99.71906999999999,0.5172413793103449
bertoyabang,3.9320250000000003,15.149999999999999,5.058615090244562,7,0.5,-7.195994999999996,0.6
beth,80.55576923076923,222.0,69.6049867659804,4,0.8461538461538461,113.48932500000001,0.5
bezya9999,0.139265625,0.9600000000000001,0.28351940657783903,6,0.5,0.8480325000000001,0.25
bfgcash,0.024874999999999998,0.09375,0.02968614231345234,5,0.6666666666666666,-0.1287675,0.0
bhatti,0.0022500000000000003,0.0022500000000000003,0.0,1,1.0,0.0019725,0.0
bhavya,7.566428571428572,36.0,13.146159678237378,6,0.7142857142857143,7.349047499999999,0.5
bientutti,0.003678082191780822,0.03975,0.006093239572932502,13,0.6301369863013698,0.14871,0.34615384615384615
biga,0.020514204545454547,0.231,0.04417696189846435,16,0.7272727272727273,-0.21485250000000003,0.5
bigdankroot420,0.375,0.375,0.0,1,1.0,0.4001925,0.0
bigoteman,0.023399999999999997,0.18375,0.056523004166445366,4,0.9,-0.14826,0.0
billy85,0.75,0.75,0.0,1,1.0,0.15,0.0
bimlesh,0.075,0.075,0.0,1,0.0,-0.075,0.0
binbag,0.015000000000000001,0.015000000000000001,0.0,1,0.0,-0.015000000000000001,0.0
binnybins,0.06125,0.15,0.07810209664279186,2,0.3333333333333333,-0.1309575,0.5
bird177,3.525717391304348,75.0,15.586224892495823,6,0.34782608695652173,20.064577500000002,0.35714285714285715
biscuitxs,0.1875,0.1875,0.0,1,1.0,0.09981750000000002,0.0
bishtnikhil,0.075,0.075,0.0,1,1.0,0.0015,0.0
bisu,0.44999999999999996,0.44999999999999996,0.0,1,1.0,0.129465,0.0
bitbitchin,0.0366,0.055499999999999994,0.022067085217581408,2,0.6,-0.02609999999999999,1.0
bitboooom,9.84585,22.5,9.66064237576881,2,0.2,-36.966750000000005,0.5
bitcoinbandit,0.007500000000000001,0.007500000000000001,0.0,1,1.0,0.01515,0.0
bitcoinlover,0.75,0.75,0.0,1,1.0,0.6083474999999999,0.0
bitdoge33,14.355000000000002,23.136750000000003,12.317209447050093,1,0.6666666666666666,0.15264750000000002,0.0
bitmap,0.42164999999999997,1.70475,0.734527922375998,3,1.0,4.416262499999999,0.0
bitstobricks,0.5682222222222222,8.4345,1.6204222225973015,4,0.25925925925925924,31.612799999999996,0.47368421052631576
blacke3636,0.015340909090909093,0.15,0.04360438661955392,6,1.0,0.0239775,0.0
blackpen,0.58275,0.58275,0.0,1,1.0,0.3321675,0.0
blacksilver2,1.4981250000000002,7.5,2.9789427392533074,4,1.0,5.9611425,0.0
blackz0ul,2.8776562500000002,8.59125,2.6333109079957957,4,0.0,-23.021250000000002,0.42857142857142855
blazemckibbin,7.325,15.0,6.87645439161782,2,1.0,5.16324,0.0
bleckers,0.0375,0.0375,0.0,1,0.0,-0.0375,0.0
blee2,0.056249999999999994,0.075,0.02004459314343183,4,0.75,-0.067935,0.0
blessings,0.015000000000000001,0.015000000000000001,0.0,1,0.0,-0.015000000000000001,0.0
blim,0.302025,0.9915,0.36823889155003714,4,0.8,0.29174249999999996,0.0
bloingblorm,0.0045000000000000005,0.0045000000000000005,0.0,1,0.0,-0.013500000000000002,0.0
bloke-,0.039784090909090915,0.7612500000000001,0.1616349188657985,4,0.4090909090909091,-0.03217500000000001,0.5
bloodysizer4321,0.0165,0.0165,0.0,1,0.0,-0.0165,0.0
blountb1,0.0050526315789473685,0.042,0.006683975337760417,15,0.5526315789473685,-0.13161,0.3333333333333333
bluntpower,0.08619642857142858,0.24975,0.0788669265386217,3,0.8571428571428571,0.10043250000000001,1.0
blvckceiling,0.6108750000000001,0.75,0.19675246186515688,1,1.0,0.42398250000000004,0.0
blxxxx,0.375,0.375,0.0,1,1.0,0.08625000000000001,0.0
bnk2mc,0.22499999999999998,0.22499999999999998,0.0,1,0.0,-0.22499999999999998,0.0
bob12345,0.00675,0.01125,0.006363961030678928,1,0.0,-0.0135,1.0
bob81,3.75,3.75,0.0,1,1.0,0.3,0.0
bob908,0.7841250000000001,1.3815000000000002,0.8448158268226278,1,0.0,-1.5682500000000001,1.0
bobbyzed,0.0036195652173913045,0.007500000000000001,0.002080577887949905,12,0.8695652173913043,0.0013049999999999995,0.0
bobgreene,0.09190540540540541,1.30875,0.22906437377095787,10,0.6756756756756757,0.25070249999999994,0.45454545454545453
bobgreene2,0.0007500000000000001,0.00075,0.0,1,0.3333333333333333,-0.001245,0.0
bobi3333,0.03008035714285714,0.18,0.05467225808004851,7,0.5357142857142857,-0.30707249999999997,0.25
bobo12,0.017263719512195123,0.60675,0.07235530967543152,40,0.6829268292682927,0.4386375,0.25
bobyposo,0.0375,0.0375,0.0,1,1.0,0.006329999999999999,0.0
bocahnakal207,1.04055,8.86125,2.7516367674531463,8,0.3,3.6349275,0.6666666666666666
bohdando,0.015000000000000001,0.015000000000000001,0.0,1,1.0,0.0033,0.0
bohdando345,1.5,1.5,0.0,1,0.0,-1.5,0.0
bohnfire1,4.03125,7.5,4.905553294481673,1,0.0,-8.0625,1.0
bokbok25,0.14188636363636362,0.75,0.3007430457142019,3,0.5454545454545454,0.43245749999999994,0.4
boldstar50,0.06974999999999999,0.06974999999999999,0.0,1,1.0,0.006975,0.0
boltanius,12.225,12.225,0.0,1,1.0,0.61125,0.0
bondar,0.00075,0.00075,0.0,1,0.0,-0.00075,0.0
boner5u,1.133625,6.16275,2.471025888927512,2,0.3333333333333333,-6.7558725,0.6666666666666666
bonkura,0.01583333333333333,0.05175,0.01690599006269671,3,0.0,-0.1425,0.5
bonprix,0.006520833333333333,0.060000000000000005,0.00992532385221906,6,0.9722222222222222,0.01767,0.0
bonusattempt,0.027999999999999997,0.03675,0.013876689086377915,2,1.0,0.019192499999999998,0.0
boomtarat,0.75,0.75,0.0,1,1.0,0.15,0.0
borxos,0.12974999999999998,0.375,0.14403417563203533,4,0.8,0.330195,0.0
bossjhoe,1.6875,3.75,1.3863170633011772,2,0.0,-6.75,0.6666666666666666
bot,10.813749999999999,15.0,7.250797693185213,2,0.6666666666666666,8.7951975,0.0
bought2768,3.0,3.0,0.0,1,1.0,0.15,0.0
boyka2,1.1874244186046512,18.2655,2.9985370666847513,13,0.5116279069767442,-17.717534999999998,0.5
boykoaleks,0.682826923076923,24.0,2.889599007659421,23,0.811965811965812,-5.135369999999999,0.5454545454545454
bpjs,0.0168,0.0375,0.01909630199803093,3,0.4,-0.032092499999999996,0.5
bppatel23,4.35375,4.35375,0.0,1,1.0,0.04353749999999999,0.0
brainiax,0.04875,0.075,0.037123106012293745,1,1.0,0.07983,0.0
branixzz,0.08227499999999999,0.615,0.19041699307047152,5,0.6,0.037275,0.5
brayanovic,0.014624999999999999,0.045,0.015706572782482768,6,0.625,0.019762499999999995,0.3333333333333333
breezyTree,0.75,0.75,0.0,1,1.0,0.405,0.0
brend83,0.09999999999999999,0.15,0.04330127018922193,1,0.6666666666666666,-0.07313249999999999,0.0
brespibelts,7.5600000000000005,37.5,16.736968811585925,3,0.2,1.2,0.25
brhat20,0.012750000000000001,0.0165,0.005303300858899107,1,0.5,-0.012225,0.0
broccoli357,0.030375000000000003,0.060000000000000005,0.041896076785302945,2,0.5,0.00043500000000000006,1.0
brodjga3006,0.023969999999999998,0.075,0.018721828836948593,8,0.8,-0.01395749999999999,0.2
bronnichka,0.119,0.22499999999999998,0.06908069815181991,11,0.3333333333333333,-0.4827224999999999,0.2222222222222222
browning106,54.2925,138.75,73.32757364218456,2,0.6666666666666666,9.528419999999997,1.0
bryydee420,0.050499999999999996,0.075,0.0424352447854375,2,0.3333333333333333,-0.075,0.5
btc0665,0.99,0.99,0.0,1,1.0,0.7029,0.0
btcbird1,0.75,0.75,0.0,1,1.0,0.5549999999999999,0.0
btcmillionaire,0.075,0.075,0.0,1,1.0,0.075,0.0
btcword,0.12725,1.125,0.3319455561876484,4,0.3333333333333333,0.32655750000000006,0.625
bthames21,0.75,0.75,0.0,1,0.0,-0.75,0.0
buddy13,0.31875,0.31875,0.0,1,0.0,-0.31875,0.0
buddy2016,0.007500000000000001,0.007500000000000001,0.0,1,1.0,0.0006000000000000001,0.0
budekita,0.03646875,0.11775,0.04986059808176622,3,0.0,-0.29175,0.42857142857142855
buive,0.3,0.75,0.3897114317029974,2,1.0,0.34349999999999997,0.0
bust333meeme,84.75,84.75,0.0,1,0.0,-84.75,0.0
bustabit01,1.7591666666666665,11.25,3.5971313983332607,5,0.6666666666666666,1.6476525,0.5
bustabitmoney,0.5211740506329114,31.901999999999997,3.6625544710997984,16,0.06329113924050633,-40.568835,0.5135135135135135
bustabot007,0.6769499999999999,2.25,0.9499228323921897,3,0.4,-2.2110825,0.3333333333333333
bustabot420,0.07575000000000001,0.09825,0.03181980515339463,1,0.0,-0.15150000000000002,1.0
bustabuts,0.012937500000000001,0.0225,0.008493563739679593,3,0.25,-0.0213075,0.6666666666666666
bustabuts1,5.575014705882353,86.25,20.867368321749428,6,0.7647058823529411,147.4989525,0.5
bustabutss,0.09,0.09,0.0,1,0.0,-0.09,0.0
bustacoin2017,0.006900000000000001,0.0315,0.010408245719013767,6,0.05,-0.12294000000000001,0.5
bustaharris,15.0,15.0,0.0,1,1.0,1.7541225,0.0
bustaputaka,1.19925,1.19925,0.0,1,0.0,-1.19925,0.0
bustbigbitch,0.384,0.384,0.0,1,1.0,0.023039999999999998,0.0
bustedbits,0.7640192307692307,9.0,2.4812811090861295,8,0.6923076923076923,2.24946,0.25
busterharris,7.5,7.5,0.0,1,1.0,3.9150224999999996,0.0
butaw,0.85,0.975,0.11456439237389593,3,0.6666666666666666,-0.5071125000000001,1.0
buxlover,0.15846428571428572,1.0762500000000002,0.3484994048270889,4,0.8571428571428571,7.021335,0.5
bvz,0.38812500000000005,0.6225,0.33145630368119416,2,1.0,0.08216999999999999,0.0
c1940112,5.711749999999999,37.5,12.186491208249812,4,0.4444444444444444,-36.0053025,0.5
cHps,0.01125,0.01125,0.0,1,0.0,-0.01125,0.0
cadet1111,0.075,0.075,0.0,1,1.0,0.00075,0.0
calvin1993,0.025218749999999998,0.058499999999999996,0.0157369205895835,4,0.5,0.50322,0.3333333333333333
calvin89,1.1157857142857144,7.5,2.81572387609804,3,0.14285714285714285,-7.6793775,0.5
calvinmoo,0.00085,0.006,0.0006075369318778123,14,0.9777777777777777,0.0096825,0.0
camry,7.5,7.5,0.0,1,1.0,4.6341975,0.0
candyEmma,0.22499999999999998,0.22499999999999998,0.0,1,1.0,0.020655,0.0
cannabis,0.0735,0.0735,0.0,1,1.0,0.0313875,0.0
cantosangelo8999,0.15,0.15,0.0,1,0.0,-0.15,0.0
caole,38.0,96.0,50.3189825016365,1,0.3333333333333333,-93.12,0.5
carmen_mancuso,7.5,7.5,0.0,1,1.0,0.8250000000000001,0.0
carnelo,0.020303571428571428,0.11099999999999999,0.028449039893801698,11,0.21428571428571427,0.16717499999999996,0.4
casa999,1.05,1.05,0.0,1,0.0,-1.05,0.0
catagious_cats,0.007500000000000001,0.007500000000000001,0.0,1,1.0,0.00075,0.0
catdog,0.19025,0.918,0.24932905420894547,3,0.75,0.47390999999999994,1.0
cayala0530,0.375,0.375,0.0,1,0.0,-0.375,0.0
cbguwop,0.03321428571428571,0.075,0.021911958574518813,2,1.0,0.047040000000000005,0.0
cbreezie,0.09000000000000001,0.75,0.24750000000000003,2,0.1111111111111111,-0.052500000000000005,0.0
cculliton23,0.9446785714285715,2.25,0.9416661288451899,5,1.0,1.5556875,0.0
cedrick03,0.022875,0.075,0.03505798767756073,3,0.75,0.028635,0.0
celeng,0.0380625,0.12000000000000001,0.042447042540730034,3,0.6666666666666666,-0.079605,0.3333333333333333
celeronius,0.00075,0.00075,0.0,2,1.0,0.000465,0.0
cfkinzer,0.0022500000000000003,0.0037500000000000003,0.0017320508075688774,2,0.75,0.0051825,0.0
cflha1415,0.1455,0.6,0.2543152571121127,3,0.6,0.5972249999999999,0.0
cgrant57,0.027908450704225353,0.552,0.06555629041731752,15,0.8309859154929577,0.5234399999999999,0.5833333333333334
cgrant57test,0.0019749999999999998,0.01275,0.002408095183707053,6,0.7,-0.007305,0.25
cgrant57test1,0.05519196428571428,0.864,0.1356159265173613,11,0.6607142857142857,-1.6329825,0.3684210526315789
chanceee,22.5,30.0,10.606601717798213,1,0.0,-45.0,1.0
char450,0.159375,0.375,0.14483287782820584,3,0.75,0.5016075,1.0
char999,8.761261363636363,30.0,9.577092181121474,13,0.6818181818181818,-56.4977625,0.16666666666666666
charles150,0.0010524193548387098,0.015000000000000001,0.0018141842636761212,17,0.6290322580645161,-0.0135975,0.09090909090909091
charlesgba42,13.125000000000002,13.125000000000002,0.0,1,0.0,-13.125000000000002,0.0
cheatkeyyyy1231,0.75,0.75,0.0,1,1.0,0.2571225,0.0
checkMYnet,4.115749999999999,24.5625,10.016831003366285,1,0.3333333333333333,68.00508,0.3333333333333333
checkedout,0.056249999999999994,0.056249999999999994,0.0,1,1.0,0.0304575,0.0
chelle,0.02775,0.0405,0.01803122292025696,2,0.5,-0.0364875,0.0
chelssi12,0.22499999999999998,0.22499999999999998,0.0,1,0.0,-0.22499999999999998,0.0
chepsarov,0.0015,0.01275,0.0024977262387292087,8,0.6956521739130435,-0.006907499999999999,0.42857142857142855
chernoby,3.0,5.25,3.181980515339464,2,0.5,-4.02228,0.0
cherrymobilej1,0.09225000000000001,0.09225000000000001,0.0,1,1.0,0.020182500000000003,0.0
cheshirecat,0.5475,1.05,0.7106423150924802,2,1.0,1.5181575,0.0
chilledhf,0.075,0.075,0.0,1,0.0,-0.075,0.0
chino2,0.75,0.75,0.0,1,0.0,-0.75,0.0
chipcoi1307,0.010000000000000002,0.0225,0.006914658342969665,2,0.6666666666666666,-0.020295000000000004,0.0
chokoy22,0.075,0.075,0.0,1,1.0,0.0847575,0.0
choosen,0.40912499999999996,4.5,1.081417429233504,5,0.8333333333333334,1.9349325,0.0
choosy,0.055499999999999994,0.055499999999999994,0.0,1,0.0,-0.055499999999999994,0.0
chudo3008,0.0018750000000000001,0.0037500000000000003,0.0010338036564067666,2,0.3333333333333333,-0.005175000000000001,0.3333333333333333
chyvak,0.0016875,0.003,0.0009437293044088438,1,0.25,-0.0028200000000000005,0.6666666666666666
cintayangterlupa,0.4275,0.75,0.38073120439491165,3,1.0,0.08079,0.0
cjcoop,0.0375,0.0375,0.0,1,0.0,-0.0375,0.0
clarkyclark,0.31745,2.6077500000000002,0.8299270310007467,5,0.4666666666666667,1.205505,0.5
clemshl,0.07875,0.11249999999999999,0.0584567147554496,1,0.3333333333333333,-0.019484999999999978,0.0
cliffhangers,0.03202173913043478,0.228,0.058883548069062396,10,0.34782608695652173,1.2716475,0.6
cliffordaz,0.0825,0.0825,0.0,1,1.0,0.010725,0.0
climespace,0.75,0.75,0.0,1,1.0,0.009232500000000001,0.0
cnb,1.3807500000000001,3.75,1.3296449244065125,7,0.6,7.015769999999999,1.0
cocass69,2.1375,3.9,2.49255140368258,2,1.0,1.6096575,0.0
cocoban,0.03988888888888889,0.2385,0.06362670329189524,12,0.037037037037037035,-0.99375,0.48
coday,1.95,3.75,2.545584412271571,2,0.5,-3.704535,0.0
coinlight,3.7560000000000002,3.7560000000000002,0.0,1,0.0,-3.7560000000000002,0.0
coinminers,14.335544117647059,196.608,38.04843903081656,27,0.6274509803921569,350.25471000000005,0.47368421052631576
comeonbaby123,0.00075,0.00075,0.0,1,1.0,0.00078,0.0
computerdata,0.75,0.75,0.0,1,1.0,2.4499575,0.0
conleyj01,0.04905,0.2625,0.05418155244176749,12,0.84,0.16099499999999997,0.25
connbob,3.966,3.966,0.0,1,1.0,2.24802,0.0
constant2,0.007500000000000001,0.007500000000000001,0.0,6,0.7777777777777778,0.037822499999999995,0.0
contrav,0.0451,0.204,0.05761686880965133,6,0.8,0.06117,0.6666666666666666
coolblown,1.9556250000000002,75.0,10.233599630049921,26,0.4166666666666667,-1.9985775000000017,0.42857142857142855
cop,0.003958333333333334,0.024,0.005687479799576279,8,0.3888888888888889,-0.010290000000000006,0.2727272727272727
corntamale,7.5,7.5,0.0,1,1.0,0.8576775,0.0
cortiarte,0.007983552631578947,0.02475,0.006256641208390194,12,0.9605263157894737,0.017662499999999998,0.3333333333333333
cosmonaut_petrov,0.075,0.075,0.0,1,0.0,-0.075,0.0
covalsahio,0.0055000000000000005,0.02025,0.007250862017718997,3,0.3333333333333333,-0.0239175,0.6666666666666666
covalsanio,0.13659374999999999,0.8242499999999999,0.22160317151385717,6,0.625,2.023545,0.4
cowbay,0.007500000000000001,0.007500000000000001,0.0,36,0.867816091954023,0.05852999999999999,0.0
cowmoolestr,0.00775,0.01275,0.004879805323985784,2,0.6666666666666666,0.0784875,1.0
cprakash813,0.075,0.075,0.0,1,0.0,-0.075,0.0
crackerjacker,1.3185,7.5,1.6790761578171491,11,0.2857142857142857,2.7427349999999993,0.5
cramcram21,0.075,0.075,0.0,1,1.0,0.01875,0.0
crazy1s,0.0045000000000000005,0.0045000000000000005,0.0,1,1.0,0.0291075,0.0
crazymkfncono1,3.75,3.75,0.0,1,1.0,1.2275775,0.0
crazywitch2,0.02166891891891892,0.375,0.07006063975759315,12,0.7837837837837838,0.6416550000000001,0.25
cre3p3rman,0.03475,0.081,0.04150376488946515,2,0.3333333333333333,-0.1034325,0.0
creativityliam,5.25,9.75,6.363961030678928,2,0.0,-10.5,1.0
creek,0.031875,0.045,0.018561553006146873,1,1.0,0.0063750000000000005,0.0
cristiano282,0.013125000000000001,0.0225,0.0071807033081725345,2,1.0,0.005925000000000001,0.0
crma49,0.14771052631578946,2.0625,0.4647306661984586,5,0.9473684210526315,0.0863925,0.0
cromvel,0.02941935483870968,0.15,0.03962466546108907,14,0.7741935483870968,-0.065685,0.42857142857142855
cruxxy4,19.5,19.5,0.0,1,1.0,2.2413525,0.0
cry050505,0.0007500000000000001,0.00075,0.0,1,1.0,0.000255,0.0
crypto2016,3.375,5.25,2.6516504294495533,2,1.0,1.9949999999999999,0.0
crysis95,1.2528750000000002,1.677,0.32223573475019807,4,0.0,-7.517250000000001,0.6
csfire,0.18075,0.303,0.17288760800011088,1,0.5,-0.263805,0.0
csteeb,0.00075,0.00075,0.0,1,0.0,-0.00075,0.0
ctozdes123,0.36375,0.525,0.2336816745061538,1,0.25,-0.686385,1.0
cuhboy13,3.75,3.75,0.0,1,0.0,-3.75,0.0
cukherif,0.0024000000000000002,0.007500000000000001,0.002875543426902122,2,0.0,-0.012,0.25
cuongbitcoin,5.9625,15.0,6.830492295581629,3,0.75,12.6938325,1.0
cuppy2,1.2074318181818182,4.5,1.252689077998353,7,0.18181818181818182,-0.04337999999999975,0.5
cvak,0.011949999999999999,0.1875,0.03347441122553991,5,0.2,0.030585,0.43478260869565216
cxdw,0.007998579545454547,0.26325000000000004,0.02246548936160736,40,0.6363636363636364,-0.13601999999999997,0.20634920634920634
cxm_6,0.009707627118644068,0.093,0.014671847501598752,39,0.6779661016949152,-0.01428750000000003,0.24561403508771928
cyrej,0.75,0.75,0.0,1,1.0,0.15,0.0
czop1223,0.26025000000000004,0.5025000000000001,0.3425932354848823,2,0.5,-0.48384750000000004,0.0
d124354,48.841499999999996,48.841499999999996,0.0,1,1.0,5.0362425,0.0
dab,0.00405,0.007500000000000001,0.0021607290436331905,2,0.8,-0.0020550000000000004,0.0
dagentlemang,0.52575,5.202,1.1691771144698309,9,0.7368421052631579,5.429085,0.4
dahoraxd,0.24,0.7185,0.41439315571085394,1,0.3333333333333333,-0.7162125,0.0
dakadea,0.009135416666666667,0.0435,0.0081123208220409,12,0.9027777777777778,-0.041835000000000004,0.14285714285714285
daman05,0.1281315789473684,0.375,0.15186306808229716,7,0.7894736842105263,0.5524275000000001,1.0
damighty1337,0.0022500000000000003,0.0022500000000000003,0.0,1,1.0,0.0023775,0.0
dan_kt,0.000875,0.0015,0.0003061862178478973,2,0.16666666666666666,0.06826499999999999,0.25
dana101,6.486750000000001,6.486750000000001,0.0,1,0.0,-6.486750000000001,0.0
danilmajor22,0.15,0.15,0.0,1,1.0,0.0735,0.0
danir,0.02954464285714286,0.48000000000000004,0.0766442061372912,15,0.48214285714285715,-0.42995250000000007,0.3448275862068966
danitravi,0.075,0.075,0.0,1,0.0,-0.075,0.0
dantrapp,0.047842105263157894,0.28875,0.0868312224042166,9,0.10526315789473684,-0.8158500000000001,0.4375
dardoalbarracin,0.0045000000000000005,0.007500000000000001,0.004242640687119285,2,0.5,0.0026999999999999997,1.0
darkas91,0.00165,0.003,0.0009778803607803973,1,0.2,-0.0018375000000000008,0.3333333333333333
darkcam17,0.012249999999999999,0.0225,0.009120032894677518,4,0.0,-0.0735,0.2
darkfreeze,0.006750000000000001,0.02625,0.009031195934094221,6,0.7692307692307693,0.0358425,0.0
darkfreeze2,0.006352941176470589,0.030000000000000002,0.006871967002342446,10,0.8529411764705882,0.008714999999999999,0.0
darkfreeze3,0.002,0.003,0.0008660254037844387,2,0.6666666666666666,-0.00285,0.0
darkfreeze4,0.0015,0.0015,0.0,1,1.0,7.500000000000001e-05,0.0
darkfreeze5,0.0015,0.0015,0.0,1,1.0,9.75e-05,0.0
darkiazz,0.00075,0.00075,0.0,1,1.0,7.500000000000001e-05,0.0
dastfunto,0.75,0.75,0.0,1,0.0,-0.75,0.0
david2174,0.22499999999999998,0.22499999999999998,0.0,2,1.0,0.045,0.0
davidml,0.8245714285714285,3.7950000000000004,0.9068654880371494,11,0.42857142857142855,-11.420325,0.36363636363636365
davidruch,0.15,0.15,0.0,1,0.0,-0.15,0.0
davidyepez,4.65,7.5,1.8674849396983098,1,1.0,1.60638,0.0
daviscouch,3.75,6.0,3.181980515339464,1,0.5,-5.359845,0.0
dbitsx4,0.10838999999999999,1.125,0.22913841204608185,10,0.8,0.0590475,0.4
ddimovskiy,0.0249375,0.0615,0.024589441331595966,1,1.0,0.011565,0.0
ddosattacks,0.15,0.15,0.0,1,1.0,0.007500000000000001,0.0
deCisIv,0.02126470588235294,0.08925000000000001,0.028592294442219713,6,0.8235294117647058,0.033525,0.6666666666666666
deadlydata,0.00075,0.00075,0.0,1,1.0,9.75e-05,0.0
deadximpulse,0.016875,0.01875,0.0026516504294495525,1,0.5,-0.0028049999999999985,0.0
debarkon,0.0080625,0.0525,0.01804347428533968,2,0.5,0.06032250000000001,0.25
decisions,0.03675,0.05475,0.02545584412271571,1,1.0,0.017917500000000003,0.0
decoder,0.0022500000000000003,0.0045000000000000005,0.001984313483298443,2,0.6666666666666666,0.00081,1.0
dedess,0.75,0.75,0.0,1,1.0,0.030000000000000002,0.0
dedok1999,0.16875,0.2625,0.13258252147247768,2,1.0,0.12807,0.0
dedok3000,0.11249999999999999,0.15,0.05303300858899107,2,0.5,0.079335,0.0
deil,0.0059825581395348834,0.056249999999999994,0.012073977742989508,8,0.13953488372093023,0.03444,0.3333333333333333
dejay12345,0.375,0.375,0.0,1,1.0,0.09876750000000001,0.0
demirhan,0.2179107142857143,7.5,1.1528572482408344,11,0.14285714285714285,1.9924949999999997,0.5142857142857142
den1298,0.008892857142857143,0.09375,0.02451524531281,9,0.7142857142857143,0.04671,0.3333333333333333
den1983,0.0015,0.0015,0.0,1,1.0,0.0015450000000000001,0.0
dentalo,225.0,225.0,0.0,1,0.0,-225.0,0.0
dento,0.0375,0.0375,0.0,1,1.0,0.0408,0.0
denyardv,0.0183,0.060000000000000005,0.024381345327934636,2,0.8,-0.055642500000000004,0.0
dermitname,6.0240731707317074,52.50000000000001,13.833250424502992,12,0.9024390243902439,-1.4327100000000002,0.25
destinychild,25.5,34.5,12.727922061357855,2,1.0,26.592457500000002,0.0
destroblaze,0.011659090909090909,0.04575,0.012756014624125714,2,0.18181818181818182,0.11790749999999998,0.25
desudesu,31.44525,36.0,6.501249317438919,2,0.6666666666666666,-27.456517500000004,0.0
deva,0.45612499999999995,1.125,0.4507594632950039,5,0.16666666666666666,-2.4191925,0.75
devil1,10.917,10.917,0.0,1,1.0,2.2274325,0.0
devilsK,0.44925,1.1219999999999999,0.4609399364342386,1,0.5,-1.1627174999999998,0.5
dewatai,0.46687500000000004,1.5,0.4480018484894901,6,0.3,1.0538850000000002,0.5
dezard26,0.007500000000000001,0.007500000000000001,0.0,1,0.0,-0.007500000000000001,0.0
dfinn24,0.75,0.75,0.0,1,0.0,-0.75,0.0
dg93119,2.826458333333333,22.647750000000002,4.849921862760479,22,0.24074074074074073,-67.462695,0.475
dhanics,0.542775,0.7777499999999999,0.1577086118447563,3,0.9,2.723085,1.0
dharmendra,0.37246621621621623,10.5,1.720193279032833,10,0.32432432432432434,-1.07193,0.3333333333333333
dheeru,0.6349,6.0,1.5789692043273946,8,0.4,-2.1690449999999997,0.4444444444444444
dhool758,0.015,0.0225,0.010606601717798213,2,0.0,-0.03,0.0
diana,2.367205882352941,26.728500000000004,5.735864796546787,22,0.17647058823529413,-17.649765,0.5121951219512195
diceandbust,0.05925,0.06974999999999999,0.0148492424049175,2,1.0,0.0094125,0.0
dicks_in_mi_bum,159.75,159.75,0.0,1,1.0,11.815005000000001,0.0
didle,0.0007500000000000001,0.00075,0.0,3,1.0,0.0002325,0.0
diefast01,0.08437499999999999,0.1875,0.07577722283113839,4,0.5,-0.1116825,0.5
diemtran,0.78684375,6.1065,2.1495415870827466,3,0.125,-6.0835574999999995,0.6666666666666666
dig06149,0.312375,0.375,0.08856512434361506,2,1.0,0.08141999999999999,0.0
digital01,0.0375,0.0375,0.0,1,0.0,-0.0375,0.0
dika1619,0.12064285714285714,0.55275,0.1965293053392874,1,0.0,-0.8444999999999999,0.5
dim1983,0.145125,2.49,0.4056737629217312,23,0.825,0.209115,0.42857142857142855
dim4659,0.014624999999999999,0.192,0.03599959935674498,15,0.225,-0.4917975,0.43333333333333335
dima00888,0.020812499999999998,0.075,0.036199318018437864,2,0.0,-0.08324999999999999,0.6666666666666666
dima1992,0.05789999999999999,0.1875,0.07849852705624481,4,0.2,-0.27393,0.5
dimaklas,0.00075,0.00075,0.0,3,0.8,-0.00045,0.0
dimitripretenkov,1.125,1.875,1.0606601717798212,2,0.0,-2.25,1.0
dimka69,0.0105,0.015000000000000001,0.006363961030678929,2,0.0,-0.021,1.0
dimon1001,0.8200625,6.0,1.9539088129049744,7,0.75,1.585665,0.5
dimon65,0.0015,0.0015,0.0,1,1.0,0.0015,0.0
dipankar,0.23249999999999998,0.75,0.34565155865408737,3,0.5,-0.29667750000000004,0.0
directly,2.5500000000000003,7.5,4.286825748732971,1,1.0,0.1029525,0.0
dirtyhard69,0.3,0.3,0.0,1,0.0,-0.3,0.0
diseasedlogic,0.00825,0.00825,0.0,1,1.0,0.0004125,0.0
divesix,10.708124999999999,11.66625,1.3549933694487222,2,1.0,17.07804,0.0
diwarajp,0.189375,0.3675,0.25190679079770756,2,0.5,0.36510000000000004,1.0
dizzle,5.71875,15.0,6.388771889025308,2,1.0,52.824419999999996,0.0
djalex53907,0.26105,1.5,0.4572130364658096,8,0.6666666666666666,1.935825,0.75
djavoi,0.009571428571428573,0.0345,0.007635776152603467,12,0.9523809523809523,0.031822500000000004,0.25
djbax,0.5355,0.5355,0.0,1,0.0,-0.5355,0.0
djdeathsensei,4.8125,7.5,3.176820344306552,2,0.5,-14.077214999999999,0.0
djsuki,0.294,0.294,0.0,1,1.0,0.02646,0.0
djwls8520,2.249625,3.75,2.1218506736455325,2,0.5,-3.3440250000000002,0.0
dksnjr,0.21,0.21,0.0,1,0.0,-0.21,0.0
dldam221,0.014549999999999999,0.0525,0.021408526338821177,2,0.2,-0.069705,0.3333333333333333
dlrjsdn1,0.015000000000000001,0.015000000000000001,0.0,1,0.0,-0.015000000000000001,0.0
dmitrij08,0.5103984375,3.0,0.7338827910817006,17,0.5625,5.1306075,0.5
dmitry163ns,0.24864252336448597,6.8340000000000005,0.9312138970538477,21,0.8691588785046729,5.11878,0.2857142857142857
dmk4,0.01425,0.01425,0.0,1,1.0,0.0014249999999999998,0.0
dmp379,0.00175,0.0022500000000000003,0.0008660254037844388,3,1.0,0.0007575,0.0
doggodog,0.00075,0.00075,0.0,1,0.0,-0.00075,0.0
doke,0.3070833333333333,0.8655,0.3221103993586671,3,1.0,0.31026,0.0
dolik0123456,0.0481875,0.13125,0.055382900113663244,3,0.5,-0.11253,0.0
dom,7.7684999999999995,7.7684999999999995,0.0,1,1.0,4.1975999999999996,0.0
domse_,1.41012,25.941,5.253046619046418,3,0.32,-12.965429999999998,0.3125
don_president,6.748500000000001,12.750000000000002,8.487402694582132,2,0.5,-12.615540000000001,0.0
donbrytx,1.5,1.5,0.0,1,0.0,-1.5,0.0
doncamatic,0.19554545454545452,0.5805,0.1728638849710162,2,0.5454545454545454,0.0016050000000000786,0.25
dong2x,0.06,0.22499999999999998,0.09292133770022899,5,0.6,0.0481725,1.0
donkeyramp,5.090624999999999,6.734249999999999,2.324436766455478,2,0.0,-10.181249999999999,0.0
donmoney,0.005625000000000001,0.007500000000000001,0.0026516504294495534,1,1.0,0.011452500000000001,0.0
dontbustbro,1.4225,11.25,3.165813865630477,4,0.6666666666666666,-7.179404999999999,0.6666666666666666
doublebitcoins,0.34425,0.34425,0.0,1,0.0,-0.34425,0.0
dougrosa,0.066890625,0.3705,0.1405213201128213,3,0.4375,1.2829574999999998,0.5555555555555556
douknow,9.781979166666666,52.50000000000001,13.606836098128742,15,0.5277777777777778,3.20289,0.3125
dovi,1.7619999999999998,3.75,1.721658502723464,1,0.6666666666666666,1.0433999999999999,0.0
drampelt,0.0135,0.01875,0.005662375826453061,1,0.0,-0.0405,0.5
drgankt,1.125,1.5,0.5303300858899106,1,0.0,-2.25,0.0
drizzle22,0.0375,0.0375,0.0,1,0.0,-0.0375,0.0
drmaxik,2.7074285714285713,48.200250000000004,8.105560496238873,19,0.40476190476190477,29.083154999999994,0.6
drone,0.024683823529411765,0.2445,0.0516355346879779,12,0.6176470588235294,-0.425685,0.3076923076923077
drosanx,0.001,0.0015,0.00043301270189221935,2,0.3333333333333333,-0.0014850000000000002,0.0
drs9,0.006347560975609756,0.18225,0.01786169840995765,38,0.6280487804878049,-0.09207750000000002,0.2786885245901639
drsv,0.006596858638743455,0.12000000000000001,0.013577086563530339,40,0.7277486910994765,-0.08779500000000003,0.27450980392156865
drusha2006,0.0038940677966101695,0.15375,0.016376682993177034,34,0.8983050847457628,0.050775,0.05555555555555555
dsasns011,0.008625,0.015000000000000001,0.0074624057782996505,3,0.75,0.0005999999999999998,0.0
dsliesrn,0.043250000000000004,0.0465,0.003381937314617171,1,1.0,0.0177825,0.0
dslkfjiodsf,0.1545,0.1545,0.0,1,1.0,0.030900000000000004,0.0
dubovskii740,0.008161764705882354,0.048,0.01202307065358831,6,0.6470588235294118,0.0970725,0.5
ducmen68,0.005125,0.0195,0.007042283010501638,2,1.0,0.004035,0.0
duftonbond,1.5,1.5,0.0,1,1.0,1.6468124999999998,0.0
dusmar,0.06835714285714285,0.21,0.044172053718050386,3,0.5714285714285714,-0.10227000000000001,0.2
dusterbutt,0.15565384615384617,0.672,0.19202163339662465,3,0.6153846153846154,0.40797000000000005,0.6
duy12,37.5,37.5,0.0,1,1.0,9.317340000000002,0.0
duyenxinh,0.017875000000000002,0.04725,0.014875105041645924,3,0.0,-0.10725000000000001,0.2
dyatlov,0.018600000000000002,0.081,0.02499264177427314,8,1.0,0.049604999999999996,0.0
dylan465,0.7875,1.125,0.24874685927665496,3,0.25,-0.8771774999999998,0.5
dylanscholten123,0.1875,0.22499999999999998,0.053033008588991064,2,1.0,0.3102975,0.0
e30e30,0.0015,0.0015,0.0,1,1.0,0.0030375000000000003,0.0
eSTAG,10.5,10.5,0.0,1,1.0,25.274737500000004,0.0
eatbeefgoham,3.4073793103448278,75.0,14.198163680249774,9,0.3793103448275862,5.971184999999999,0.35294117647058826
ebarry7,0.075,0.075,0.0,1,1.0,0.0375,0.0
ebolate11,0.0022500000000000003,0.006,0.0025248762345905194,1,0.75,0.0010800000000000002,1.0
ebra3,0.0045000000000000005,0.007500000000000001,0.004242640687119286,2,0.0,-0.009000000000000001,1.0
echoblare,0.07883333333333334,0.19874999999999998,0.05764695893973939,3,0.3333333333333333,0.09339750000000005,0.4
eckflf17,0.396,1.5,0.4076272807357231,6,0.5,-1.9885725,0.6
edanbit,0.7121250000000001,0.9195000000000001,0.2932725374971207,2,1.0,0.4758975,0.0
edbit,3.2372727272727273,14.25,4.8951035745611975,7,0.5454545454545454,-6.625462500000001,0.6
editbs,0.03186428571428571,0.8977499999999999,0.15088748903981236,8,0.9714285714285714,-0.8766375,0.0
edwardteach,0.696625,7.191,1.6260996229307882,6,0.2916666666666667,-13.566772499999999,0.4375
edwardteach2,0.38025,2.48175,0.6169417327126606,5,0.5882352941176471,3.925245,0.3333333333333333
eething,0.011250000000000001,0.015000000000000001,0.005303300858899107,1,0.0,-0.022500000000000003,1.0
effectsdx,0.0103125,0.058499999999999996,0.009604003071636327,14,0.9736842105263158,0.017745,0.5
eheodlf1223,0.00075,0.00075,0.0,1,0.0,-0.00075,0.0
ehswhaEkwk,0.375,0.375,0.0,1,1.0,0.3771225,0.0
ekaterinkaas,0.01425,0.01425,0.0,1,1.0,0.00198,0.0
el_escobar,37.5,37.5,0.0,1,1.0,0.8447025,0.0
eldochf,0.75,0.75,0.0,1,1.0,0.5025000000000001,0.0
elen77,0.10471323529411765,2.25,0.38539200887062636,15,0.5588235294117647,1.2599924999999998,0.5333333333333333
elena22,0.043125,0.22499999999999998,0.08914437026531735,3,0.8333333333333334,0.010515,0.0
elena2711,0.12749999999999997,0.22499999999999998,0.11048189896992176,2,0.6666666666666666,0.39087,1.0
elena98hp1,0.024976744186046514,0.9375,0.14251677860653944,11,0.7441860465116279,0.217665,0.18181818181818182
eliecoop,0.0375,0.0375,0.0,1,0.0,-0.0375,0.0
elijawn,1.125,1.125,0.0,1,1.0,0.405,0.0
elmo07,0.006,0.007500000000000001,0.002121320343559643,1,0.0,-0.012,1.0
elpichi,0.0975,0.1875,0.12727922061357855,2,0.5,0.043425000000000005,0.0
emerich78,0.9162500000000001,3.0,1.1665373440228992,1,0.8333333333333334,0.3789075,0.0
emiiii,0.07575,0.07575,0.0,1,1.0,0.0,0.0
emotions,0.003,0.003,0.0,1,1.0,0.0009,0.0
emuach,0.032625,0.11249999999999999,0.05328168071673415,2,0.25,-0.11234249999999998,1.0
endlessloop,0.06549999999999999,0.15,0.05253570214625479,3,0.3333333333333333,-0.36211499999999996,0.3333333333333333
endthegd,0.75,0.75,0.0,1,1.0,0.3231525,0.0
enissay_z,0.0019285714285714286,0.003,0.0010479571965086578,3,0.42857142857142855,5.249999999999938e-05,0.6666666666666666
enjoi45,0.15,0.15,0.0,1,1.0,0.06207750000000001,0.0
enmitylol,0.22499999999999998,0.22499999999999998,0.0,1,1.0,0.029249999999999998,0.0
entora,9.4875,15.0,6.9857444127308295,2,0.75,16.0174575,0.0
envisiOn,0.10916860465116279,0.73275,0.18018958039720537,16,0.6046511627906976,-0.738525,0.4117647058823529
eodyd123,0.5711785714285714,8.499,1.3216509473240277,10,0.14285714285714285,18.404309999999995,0.47619047619047616
era_irishka,0.0525,0.0525,0.0,1,1.0,0.0058874999999999995,0.0
erfan33tf,1.2857142857142858,6.0,2.1648160594906374,6,0.7142857142857143,7.58634,0.0
erfan44tf,0.2725,0.6,0.16881943016134132,2,0.5,0.22947750000000006,0.0
esjogren110,0.34425,0.6,0.236605684631625,3,1.0,0.2002875,0.0
ethanmcqueen_,0.375,0.375,0.0,1,1.0,0.075,0.0
eva22,0.03140833333333334,0.27899999999999997,0.04924741837185108,30,0.6333333333333333,0.08023500000000003,0.34375
evgeni,0.011250000000000001,0.015000000000000001,0.005303300858899107,2,1.0,0.0011250000000000001,0.0
evgeniy267,0.01640625,0.0495,0.01759562521724404,6,0.625,-0.0021224999999999994,0.5
evgeny1976,0.03853012048192771,1.317,0.14841801648815411,17,0.8554216867469879,0.19975499999999996,0.5833333333333334
evgsergej,0.04425,0.252,0.08478839206266048,4,1.0,0.03744,0.0
evilb,2.26125,2.26125,0.0,1,1.0,1.5602624999999999,0.0
excutive73,0.4875,1.5,0.677080128197542,3,0.5,-0.15075000000000002,0.0
expert_beggar,0.0015,0.0015,0.0,1,1.0,0.0009,0.0
exsource,1.713609375,13.179,3.912262109880453,9,0.75,10.5870975,0.6666666666666666
ezekiel123,2.953125,5.7,1.594490374248596,8,0.875,13.8326925,1.0
f4ith01,0.0375,0.0375,0.0,1,1.0,0.00825,0.0
f_08,1.0659375,4.5,1.4878864208737355,11,0.16666666666666666,-7.876177500000001,0.4
fabianalima,2.9887058823529413,13.50825,5.0197901757033865,3,0.35294117647058826,-3.4300425000000003,0.45454545454545453
fainteckos,0.03238636363636364,0.075,0.02977758461417825,2,0.5454545454545454,-0.0388125,0.25
fakemeupbro,0.75,0.75,0.0,1,1.0,0.15,0.0
faktorial84,1.268556818181818,7.5,2.2747784977618966,11,0.6818181818181818,-16.7946375,0.5
falakay,0.002142857142857143,0.006,0.0018588590970961578,3,0.5714285714285714,0.0167775,0.3333333333333333
faqyoutom,0.16125,1.5,0.27431715221618935,9,0.8709677419354839,0.580185,0.25
far2012,0.0011250000000000001,0.0015,0.0005303300858899107,1,1.0,0.0011925000000000002,0.0
faroech,7.490464285714286,15.0,6.103174338729688,4,0.5714285714285714,-23.4673125,0.3333333333333333
fasnea_incandaia,0.26175,0.37424999999999997,0.15909902576697316,1,0.0,-0.5235,0.0
fatbigcat,0.75,0.75,0.0,1,1.0,0.0375,0.0
fatbigcow,0.775,1.5,0.7128288714691626,2,0.3333333333333333,-1.446465,0.0
fatboy,0.19365,0.46425,0.16094395375409415,3,0.6,-0.5238674999999999,0.5
fatehgar121,0.00225,0.003,0.001299038105676658,2,0.3333333333333333,-0.0034200000000000003,0.0
fatihakif,0.013166666666666667,0.09525,0.017960694264463683,6,0.2962962962962963,-0.0651975,0.2777777777777778
fatixow,0.3612499999999999,1.7999999999999998,0.7115981134039071,4,0.5,1.9285875,0.6666666666666666
fauzisz123,0.00075,0.00075,0.0,1,0.0,-0.00075,0.0
faxacillo,7.5,7.5,0.0,2,0.6666666666666666,-2.036535,0.0
faye15,0.27499999999999997,0.6,0.28394541729001366,2,0.3333333333333333,0.6161475,1.0
fbenitez316,0.02,0.0375,0.015612494995995995,2,0.6666666666666666,0.0350625,1.0
fboy,0.012433189655172414,0.28800000000000003,0.030516983114870375,25,0.7241379310344828,-0.2117925,0.12903225806451613
fd46hg5rt,0.4539166666666667,3.73425,0.9025458064233127,9,0.037037037037037035,-10.112925,0.52
fdjpz,0.0011250000000000001,0.0015,0.0005303300858899107,1,0.5,-0.00014249999999999994,1.0
fearless985,0.03728571428571429,0.09749999999999999,0.03732136021866605,3,0.7142857142857143,-0.09744749999999999,0.0
fede98,3.0,3.0,0.0,1,0.0,-3.0,0.0
feebme,0.02625,0.02625,0.0,3,0.3333333333333333,-0.04935,0.0
feelyah07,0.075,0.075,0.0,1,0.0,-0.075,0.0
fenderger,0.014575000000000001,0.114,0.020568524373791485,10,0.95,0.046634999999999996,0.6666666666666666
fenisha,0.10136538461538461,0.75,0.2190444831008603,6,0.38461538461538464,0.4242600000000001,0.625
fennec420,0.11158928571428572,0.48600000000000004,0.10180073615132841,5,0.5714285714285714,-0.5877300000000001,0.5454545454545454
feriloco,0.3693333333333333,1.9545,0.6468031602620692,5,0.7777777777777778,-0.16776749999999996,0.5
feruell,0.5137499999999999,0.8025,0.40835416613523123,2,0.5,-0.055807499999999954,1.0
ff999,0.0085,0.030000000000000002,0.011864864095302567,2,0.3333333333333333,0.039555,0.6666666666666666
fgj7,0.075,0.075,0.0,1,1.0,0.007500000000000001,0.0
fgsinger,1.7893214285714285,7.50525,2.095676901598349,10,0.7142857142857143,14.559165,0.5
fight_er,7.227250000000001,19.125,10.37378680557394,2,0.3333333333333333,-16.129425,0.0
filbern26,0.00075,0.00075,0.0,2,0.5,-0.000675,0.0
filippovua,0.00075,0.00075,0.0,1,1.0,0.00078,0.0
fillthecat,0.01875,0.01875,0.0,1,1.0,0.004185,0.0
fingerscrossed,0.5255,1.5,0.8444747998016282,1,0.3333333333333333,0.2904825,0.5
finov,0.00075,0.00075,0.0,2,0.75,-3.750000000000002e-05,0.0
fishingjack,0.03852272727272727,0.09749999999999999,0.03226268249569743,6,0.7272727272727273,-0.028627499999999993,0.0
fishking2,0.31387499999999996,0.7972499999999999,0.3596094235417086,3,0.5,-0.3862799999999999,0.5
flakon,0.7751250000000001,2.25,1.0371075462554498,2,1.0,1.07175,0.0
florida1337,0.202125,0.34049999999999997,0.19569180169337702,2,1.0,3.1730024999999995,0.0
flossin,13.2555,25.5465,10.65146049844809,1,0.3333333333333333,44.73575999999999,1.0
flounderxl,0.004178571428571429,0.015000000000000001,0.0049722443911893845,2,0.7142857142857143,0.0006374999999999996,0.5
flow,0.5030454545454546,1.7249999999999999,0.6284644761060666,6,0.8181818181818182,-0.06486000000000007,0.5
fluffydog,0.12225,0.6930000000000001,0.14633866543056898,6,0.5,0.20057999999999998,0.3076923076923077
fluxxy,9.480762931034482,93.75,18.82243556316332,28,0.5,-33.9131475,0.6071428571428571
forcefacts,0.7000000000000001,1.875,1.018270592720815,2,1.0,0.06927,0.0
forealdo1,0.011040000000000001,0.06674999999999999,0.0150313753495134,12,0.34,-0.10968,0.375
forknifexd,5.17875,5.17875,0.0,1,1.0,5.691727500000001,0.0
fortunateee,0.75,0.75,0.0,1,0.0,-0.75,0.0
fotos,0.04,0.075,0.033819373146171706,1,0.6666666666666666,-0.033929999999999995,0.0
foxmlg,0.031193181818181818,0.3,0.06508483163104563,9,0.6818181818181818,-0.4134525,0.2857142857142857
francoterra,0.00075,0.00075,0.0,1,0.0,-0.00075,0.0
freakts,0.375,0.375,0.0,1,0.0,-0.375,0.0
freonjake,0.0011250000000000001,0.0015,0.0005303300858899106,1,0.0,-0.0022500000000000003,1.0
freshman,0.03006521739130435,0.11099999999999999,0.02921756334647259,5,0.7391304347826086,0.09987749999999998,0.3333333333333333
froxx,0.058125,0.18,0.06082634092233396,1,0.8333333333333334,0.0855225,0.0
froza,0.011250000000000001,0.015000000000000001,0.005303300858899107,2,1.0,0.005594999999999999,0.0
frugativisub,0.20475,0.25425,0.09899999999999999,1,0.5,0.005092499999999972,1.0
frylov20,0.020547619047619047,0.38325,0.05857680127375886,25,0.36507936507936506,-0.81021,0.46153846153846156
ft7uyphcc,0.010750000000000001,0.027749999999999997,0.014741522987805565,1,0.3333333333333333,-0.03,0.5
ftor,0.00975,0.00975,0.0,1,0.0,-0.00975,0.0
fuarm,0.005531250000000001,0.03375,0.011416183297031831,4,0.875,0.0032624999999999998,1.0
fucbreh,0.6,0.6,0.0,1,1.0,0.12000000000000001,0.0
fullring,0.255125,0.75,0.29885317731439476,4,0.3333333333333333,0.5768625000000001,0.375
funxta,0.0045,0.0525,0.011238037117791947,5,0.5416666666666666,0.08139,0.36363636363636365
futzco,0.08631944444444445,2.496,0.3431767326766617,8,0.5740740740740741,3.5853599999999997,0.34782608695652173
fuxionando,0.045000000000000005,0.075,0.02598076211353316,2,0.5,-0.1779225,0.3333333333333333
fylhtq075,0.01125,0.01875,0.010606601717798213,2,0.5,0.59646,1.0
g0dm00d,1.125,1.125,0.0,1,1.0,2.26503,0.0
g0dsmakecash,3.75,3.75,0.0,1,1.0,0.8950274999999999,0.0
gabar,0.005,0.012,0.00606217782649107,2,0.3333333333333333,-0.0119775,0.0
gacode,0.075,0.075,0.0,1,0.0,-0.075,0.0
gadeliusa,0.22499999999999998,0.22499999999999998,0.0,1,1.0,0.24311249999999998,0.0
gaibspro,0.021214285714285717,0.13575,0.05050813230135746,2,0.5714285714285714,0.29106750000000003,0.3333333333333333
gaining,0.958125,1.6665,1.0017935322460414,2,0.5,0.31427249999999995,1.0
galina188201,0.0375,0.0375,0.0,1,0.5,-0.031875,0.0
gamble4durgz,0.0022500000000000003,0.0022500000000000003,0.0,1,1.0,0.0007425,0.0
gamblingbad,0.75,0.75,0.0,2,0.5,-0.4620825,0.0
gambo,0.0015,0.0015,0.0,1,0.0,-0.003,0.0
gangsal,1.0906875,4.9995,1.7414069627233688,7,0.5,-3.576735,1.0
gares,0.018000000000000002,0.03375,0.022273863607376248,2,1.0,0.0119025,0.0
garrygarry,0.023083333333333334,0.192,0.06335034037004064,5,0.3333333333333333,-0.193365,0.4
gasiev,0.3,0.3,0.0,1,1.0,0.060000000000000005,0.0
gate505,4.5675,4.5675,0.0,1,1.0,0.1028925,0.0
gebriel,7.82525,12.9825,4.936811426670052,3,0.6666666666666666,10.287345,1.0
geksss,0.014871951219512196,0.15,0.030793826590691218,12,0.6341463414634146,-0.14439000000000002,0.4
gelo05,0.10625,0.375,0.13470105790230452,3,0.5,-0.3864525,0.5
gelonis,0.008375,0.01125,0.0015309310892394862,4,0.5,-0.0170925,0.0
generics,3.0,3.0,0.0,1,0.0,-3.0,0.0
genext_viking,0.025500000000000005,0.07200000000000001,0.04029810789602907,3,0.6666666666666666,0.0030974999999999996,1.0
genio_speciale,0.75,0.75,0.0,1,1.0,0.196305,0.0
georgebushishere,1.4625,2.025,0.795495128834866,2,1.0,0.43875,0.0
gerasrocha,3.0067500000000003,3.0067500000000003,0.0,1,1.0,0.5979975000000001,0.0
gezeh18,0.00525,0.00525,0.0,1,0.0,-0.00525,0.0
ggmz,0.2025,0.75,0.36506848672543624,2,0.5,0.08055,0.5
ghaghan,25.10625,150.0,61.185263621030515,4,0.5,76.7612025,0.0
ghdtns888,0.018000000000000002,0.018000000000000002,0.0,1,1.0,0.01872,0.0
ghetys,0.0022500000000000003,0.0022500000000000003,0.0,1,1.0,0.0003375,0.0
ghostTW123,0.7632,2.25,0.9172307600082235,6,0.7,-2.3682225,0.4
ghounit,0.6505108695652173,7.5,1.5341291642134043,7,0.30434782608695654,-5.741009999999999,0.3333333333333333
gialong,0.82440625,6.4875,1.69754876156593,7,0.125,-10.004669999999999,0.45
gialong168,2.123983695652174,79.3845,11.680739587553019,11,0.17391304347826086,-83.69082,0.5675675675675675
giamia,0.075,0.075,0.0,1,0.0,-0.075,0.0
gianmarco,0.007500000000000001,0.007500000000000001,0.0,1,1.0,0.0011474999999999999,0.0
gigsha130,0.007500000000000001,0.007500000000000001,0.0,1,1.0,0.0037500000000000003,0.0
ginno44,0.2288653846153846,0.9277500000000001,0.2891454834109001,6,0.9230769230769231,0.2593875,0.0
givesMeWings,0.50525,1.5,0.8615023578029256,2,0.3333333333333333,-1.5005025,0.5
gixxer,0.0007500000000000001,0.00075,0.0,1,1.0,0.000255,0.0
gluk,0.0063750000000000005,0.012,0.007954951288348661,1,1.0,0.013207499999999999,0.0
gmailcom,0.153375,0.3075,0.08376093212232061,3,0.8333333333333334,-0.27758249999999995,0.0
go123,0.0017045454545454545,0.006,0.001576460361927084,4,0.2727272727272727,-0.0029175,0.375
gogo5,0.0040933734939759036,0.069,0.007033977154581322,40,0.7228915662650602,0.02841749999999999,0.32608695652173914
gogoing,0.13125,0.3,0.1125,1,1.0,0.41137500000000005,0.0
goheldhruv879,17.25,26.999999999999996,13.788582233137676,2,1.0,3.4499999999999997,0.0
goldilocks,6.730499999999999,6.730499999999999,0.0,1,1.0,0.26921999999999996,0.0
goldman1,134.15675000000002,337.5,98.98488629641213,8,0.3333333333333333,101.42888249999999,0.42857142857142855
golog,0.0225,0.0375,0.021213203435596427,1,1.0,0.0104325,0.0
golu,0.1267105263157895,0.8175,0.18597403610521324,13,0.5789473684210527,0.06947250000000003,0.5714285714285714
gomo,1.5,1.5,0.0,3,1.0,0.21,0.0
goosin2000,176.4078947368421,412.50000000000006,87.15380762887257,13,0.42105263157894735,1158.1604025000001,0.5454545454545454
gosha3000,0.017805555555555557,0.24000000000000002,0.045604873502505056,8,0.8148148148148148,0.26928749999999996,0.5
gostate6952,4.25,7.5,3.031088913245535,1,1.0,3.2433825000000005,0.0
gottab22,0.75,0.75,0.0,1,1.0,0.075,0.0
gouriprasad41,1.125,1.125,0.0,1,0.0,-1.125,0.0
goyourself01,2.8651875,7.5,3.2158393368800313,2,0.5,6.805177499999998,0.0
gracia,0.16392857142857142,0.375,0.14889773575943227,4,0.5714285714285714,0.37518,0.6666666666666666
gracias1134,0.14019827586206896,0.56775,0.16902298527269188,7,0.1724137931034483,1.8357525000000006,0.4782608695652174
grandmax,0.21459375,0.75,0.33093020783143556,3,0.875,0.21771000000000001,1.0
grapeflavoured,0.29464285714285715,0.44999999999999996,0.12329190102007048,2,0.42857142857142855,-0.701835,0.25
greatsnob,17.128386363636366,75.0,21.209703086832807,15,0.36363636363636365,123.8381025,0.45
greeny,0.2625,0.2625,0.0,1,0.0,-0.2625,0.0
grodno1128,0.00075,0.00075,0.0,1,1.0,0.001545,0.0
grunt,2.4905,4.5,1.0354175788057687,8,0.4444444444444444,-0.9290624999999995,0.5
gsd007,0.01275,0.075,0.025303867575643738,5,0.625,0.08226,0.5
gskmr1,0.10552941176470587,1.1857499999999999,0.28450525701361357,5,1.0,0.27697499999999997,0.0
gsmfast,21.849573529411764,86.6805,21.075180850863397,13,0.29411764705882354,163.07841,0.5454545454545454
guanet1,0.05221875,0.14925000000000002,0.04342037817743449,7,0.75,0.26836499999999996,0.0
gucci79,0.18258333333333335,1.94625,0.4469907634918856,4,0.05555555555555555,-3.1730925,0.5
guga999,0.00525,0.00525,0.0,1,0.0,-0.00525,0.0
gugu8916,0.066,0.2475,0.12103305333668153,2,1.0,0.08061000000000001,0.0
gul,0.7561875,11.25,2.4966406520022586,15,0.55,-11.245275000000001,0.375
gulangan,0.01275,0.01275,0.0,1,0.0,-0.01275,0.0
gundala,0.5218636363636363,2.2005,0.717265339358772,6,0.7272727272727273,-2.31831,0.0
gurd,0.00075,0.00075,0.0,1,1.0,0.00015000000000000001,0.0
gygol,0.012666666666666666,0.015000000000000001,0.004866980583482947,4,1.0,0.0116775,0.0
h3ll0,3.0,3.0,0.0,1,1.0,0.3,0.0
hadjaak,17.391000000000002,17.391000000000002,0.0,1,0.0,-17.391000000000002,0.0
haihb,0.0846,0.16274999999999998,0.0564257255159382,3,0.2,-0.200895,0.6666666666666666
haihien999,1.9657499999999999,8.33325,2.7268847512186083,5,0.5,-2.5220174999999996,0.6666666666666666
halal,0.01125,0.01125,0.0,1,1.0,0.00135,0.0
hallodoei,0.22499999999999998,0.22499999999999998,0.0,1,1.0,0.057105,0.0
halyahs185,0.075,0.075,0.0,1,1.0,0.006495,0.0
hamed22,0.544125,3.75,1.0877772820946283,11,0.25,-1.75638,0.5384615384615384
hamester,0.015000000000000001,0.015000000000000001,0.0,1,0.0,-0.015000000000000001,0.0
hardkill,1.3575,3.75,1.7895081726552688,3,0.875,-1.2020400000000002,0.0
haridiem,0.153,0.165,0.016970562748477157,2,0.0,-0.306,1.0
harlon4ik,0.009000000000000001,0.009000000000000001,0.0,1,1.0,0.0024300000000000003,0.0
hashak47,0.075,0.075,0.0,1,0.0,-0.075,0.0
headend,1.75,3.75,1.7320508075688772,2,1.0,0.18,0.0
hear_me_ROAR,0.525,1.125,0.42160407967665586,5,0.3333333333333333,0.6794550000000001,0.6666666666666666
hedgehog,4.6875,7.5,3.97747564417433,2,1.0,0.6030225,0.0
henly,0.17812499999999998,0.22499999999999998,0.06629126073623881,2,1.0,0.0706725,0.0
henryhouse,0.007500000000000001,0.007500000000000001,0.0,1,1.0,0.0016200000000000001,0.0
hephep02,2.3508750000000003,4.62675,3.218573291265868,2,0.0,-4.7017500000000005,0.0
hesh,0.093,0.375,0.12632448297934964,4,0.6,0.15801,0.3333333333333333
hide12130725,3.75,3.75,0.0,1,1.0,3.75,0.0
hiepvipqua78,0.15,0.15,0.0,1,1.0,0.07866,0.0
highlite,0.7775,1.875,0.9616489744184205,2,1.0,0.32021249999999996,0.0
hindoong,516.0,750.0,405.2998889711173,1,1.0,49.338300000000004,0.0
hjvfy,0.24375,0.75,0.3375,2,1.0,0.228,0.0
hkabay,1.9562777777777778,24.0,4.78664978408163,10,0.7037037037037037,29.8275075,0.5
hoaithuong,0.5888716216216217,28.5075,3.3067035384975783,12,0.17567567567567569,-33.318127499999996,0.4166666666666667
honda,0.12397499999999999,0.47024999999999995,0.12878618423573235,4,0.2,0.2579325000000001,0.42857142857142855
hoof24,0.007687500000000001,0.027,0.012894402855502848,2,0.0,-0.030750000000000003,0.6666666666666666
hopenotlate,5.85,10.5,6.576093065034891,2,0.5,4.9393875,0.0
hops778,0.525,0.75,0.3181980515339464,2,0.5,-0.263715,0.0
horobet,56.25,75.0,26.516504294495533,2,0.5,-32.455537500000005,0.0
hot01058,1.1876186440677965,38.57025,5.071934823962717,11,0.06779661016949153,-60.458025,0.48148148148148145
hotg,0.024087890625,0.5467500000000001,0.06272794330992731,31,0.796875,0.4408275,0.23076923076923078
hothefa2009,0.0225,0.0225,0.0,1,1.0,0.00123,0.0
hplaser,0.008171052631578947,0.03975,0.007136010994671602,7,0.9210526315789473,0.0018449999999999994,0.0
href404,0.0015000000000000002,0.003,0.0011618950038622252,2,0.6666666666666666,-0.0026399999999999996,0.0
htmland,0.0375,0.0375,0.0,1,1.0,0.033374999999999995,0.0
hungre,0.007500000000000001,0.007500000000000001,0.0,1,1.0,0.0015824999999999997,0.0
hungrygnome,0.0415,0.075,0.031689903754981645,3,0.6666666666666666,-0.0023474999999999963,1.0
huntercrazy,3.0500000000000003,7.5,3.9124800318979265,1,0.6666666666666666,9.7342275,1.0
hunterz_03,0.05175,0.05175,0.0,1,1.0,0.010125,0.0
hydraow,0.012,0.0225,0.006708203932499368,2,0.4,0.0007424999999999923,0.6666666666666666
iFF,3.7672499999999998,3.7672499999999998,0.0,1,1.0,2.3993775,0.0
iHaveDreams,37.5,37.5,0.0,1,1.0,13.853437500000002,0.0
iLikeLosingBits,1.6875,1.875,0.2651650429449553,1,0.5,-0.5377575000000001,0.0
iWin,0.007875,0.0105,0.0037123106012293752,1,1.0,0.0021825,0.0
iamg0d,0.01575,0.060000000000000005,0.024789740821557618,1,0.2,-0.071175,0.3333333333333333
iboby,0.011333333333333332,0.6015,0.050436229392115714,41,0.6491228070175439,-0.7715700000000001,0.31666666666666665
ice9,0.056249999999999994,0.075,0.02651650429449553,2,1.0,0.0063750000000000005,0.0
icedioxis,0.375,0.375,0.0,1,1.0,0.09375,0.0
icedteablack,39.84375,75.0,24.65583412196797,3,0.25,-74.3158425,0.0
icode15,0.1706875,0.525,0.22443484894386287,6,0.5,2.7162299999999995,0.8
idbricco,0.058124999999999996,0.075,0.033749999999999995,1,1.0,0.0279675,0.0
idg0d,0.00975,0.00975,0.0,1,0.0,-0.00975,0.0
idoublebits,0.07460714285714284,0.62625,0.14115402871129315,7,0.047619047619047616,-1.2671625,0.5263157894736842
idoublemyfunds,0.075,0.075,0.0,1,0.0,-0.075,0.0
ig049,0.006,0.006,0.0,1,0.0,-0.006,0.0
iggytoad_,0.03905,0.3,0.07607363678887524,5,0.8,0.0456375,0.0
iggytoad__,0.0036000000000000003,0.0037500000000000003,0.00033541019662496855,2,0.4,-0.006750000000000001,0.3333333333333333
igogor1987,0.08730000000000002,0.7492500000000001,0.23281382046605398,3,0.5,-0.008835000000000003,0.25
igorka13,0.00075,0.00075,0.0,2,0.5,-0.0007125,0.0
igorvip,0.0007500000000000001,0.00075,0.0,2,0.3333333333333333,-0.0009675,0.0
igorvip2,0.0029999999999999996,0.00675,0.0032691742076555053,1,1.0,0.0044025,0.0
igoryan911,0.0037500000000000003,0.0037500000000000003,0.0,1,0.0,-0.0037500000000000003,0.0
igsx,0.0375,0.0375,0.0,1,1.0,0.0045000000000000005,0.0
ihatemylife22,0.0375,0.0375,0.0,1,0.0,-0.0375,0.0
ikbenclen,0.341375,0.75,0.26906235547984714,5,1.0,0.55023,0.0
ikeogor,1.5,1.5,0.0,1,0.0,-1.5,0.0
ikingpin19,2.098125,4.01625,2.712638389326893,1,0.5,0.020812499999999984,0.0
ikson21,0.00975,0.0225,0.008595056718835542,4,0.5,0.013274999999999997,0.5
ilie1981,0.0018333333333333335,0.007500000000000001,0.002345207879911715,3,0.7777777777777778,0.0028425,0.0
iliketobust,12.0,12.0,0.0,1,1.0,19.3670175,0.0
iliketorun,0.21945,0.75,0.3088400374789512,5,0.8,1.0391925,1.0
ilja704,0.009000000000000001,0.012,0.004242640687119286,1,0.0,-0.018000000000000002,1.0
illusi0n555,4.0382625,37.5,9.090213481973997,8,0.55,14.706142499999999,0.2222222222222222
illustrious,56.25,75.0,26.516504294495533,2,0.5,42.296295,0.0
ilman,9.042375,37.5,14.529051923430861,5,0.3333333333333333,-7.304249999999999,0.25
ilovediemtran,0.043750000000000004,0.0915,0.04163907419720088,1,0.3333333333333333,0.32892000000000005,1.0
ilovesex,0.0009375,0.0015,0.000375,3,0.75,-0.00069,0.0
iluvyou,0.15310714285714286,0.492,0.1732063952547447,4,0.7142857142857143,-0.630945,0.0
ilya88,0.022821428571428572,0.075,0.024860268844744356,5,0.7142857142857143,-0.0036524999999999986,0.3333333333333333
ilyaaa,0.012041666666666666,0.126,0.028932636009713814,6,0.16666666666666666,-0.039150000000000004,0.5
imgay223,1.2075,5.6925,2.5075727058252966,2,0.6,-5.4897675,0.0
imloser1,0.11057142857142856,0.5549999999999999,0.19904640969956153,2,0.2857142857142857,-0.7225874999999999,0.25
immaybemarc,0.00075,0.00075,0.0,1,1.0,3.7500000000000003e-05,0.0
imnotcreative,0.196875,0.48000000000000004,0.19744687350561635,3,1.0,0.36790500000000004,0.0
impala_67,6.749999999999999,6.749999999999999,0.0,1,0.0,-6.749999999999999,0.0
impressivestats,0.1515,0.1515,0.0,1,1.0,0.022725000000000002,0.0
imsorry,55.3578,95.63399999999999,39.90472605445688,3,0.8,-33.64871249999998,0.0
inSANE420_,0.58275,0.58275,0.0,1,0.0,-0.58275,0.0
inazuma,0.14709375,2.16,0.4645186312340841,3,0.16666666666666666,-3.014805,0.3157894736842105
indie168,4.327767857142857,30.0,7.353442641076032,17,0.21428571428571427,28.695210000000007,0.47619047619047616
indrux,0.005,0.007500000000000001,0.0022912878474779202,1,0.6666666666666666,0.022815000000000002,0.0
infurioushf,0.020357142857142855,0.075,0.02476676921083687,3,0.0,-0.1425,0.3333333333333333
innocentmobi,0.183375,0.75,0.2459388262353059,6,0.7,-0.2831775,0.6666666666666666
inside,466.875,726.75,367.51874952170806,2,0.0,-933.75,0.0
interestingpw,0.019566831683168317,0.162,0.024150785425695712,38,0.8762376237623762,0.040395,0.04
iokii,0.003375,0.006,0.0037123106012293744,2,0.5,-0.0050775,0.0
ipangrazio,0.075,0.075,0.0,1,1.0,0.0084075,0.0
ipinupin,0.34240909090909094,0.75,0.3719533282672584,5,0.45454545454545453,-0.32523,0.6
iraniraniran,0.7529999999999999,0.7529999999999999,0.0,1,0.0,-0.7529999999999999,0.0
ishhol270,0.75,0.75,0.0,1,1.0,0.2704575,0.0
ishpish2,0.04875,0.12000000000000001,0.053560713214071375,1,1.0,0.2236275,0.0
ishtiaq,0.0022500000000000003,0.0022500000000000003,0.0,1,0.0,-0.0022500000000000003,0.0
iupgrade,0.045,0.075,0.042426406871192854,2,0.5,-0.07365,0.0
iyezz,0.075,0.15,0.05303300858899106,1,0.4,0.024787500000000004,0.0
j7P1w5eV,0.34874999999999995,1.1977499999999999,0.5732432402566994,2,0.14285714285714285,-1.1316599999999999,0.2
jack7878,0.00075,0.00075,0.0,1,1.0,0.0002625,0.0
jackie,0.1075,0.15,0.07361215932167728,2,0.6666666666666666,0.13224750000000002,0.0
jacobzuc,0.14690625,0.36224999999999996,0.13365607099006013,5,0.5,-0.13998749999999996,0.6666666666666666
jadlejadlehano,17.25,17.25,0.0,1,0.0,-17.25,0.0
jahkri22,0.00175,0.0022500000000000003,0.00043301270189221946,2,1.0,0.0021525,0.0
jakehorst,1.9125,3.75,2.5986174208605624,2,0.5,0.825,0.0
jakir,0.05563636363636364,0.15225,0.046662801517424406,9,0.5454545454545454,0.49344000000000005,0.5
jamesbrownj,0.010092857142857143,0.15975,0.02631442274756973,7,0.9142857142857143,0.04827750000000001,0.3333333333333333
jameson,0.010000000000000002,0.13125,0.023365536070504976,14,0.8333333333333334,0.009502499999999997,0.4
janish,1.010375,5.25,2.077948891034137,2,1.0,0.608325,0.0
janjaap01,4.125,7.5,4.772970773009196,2,0.5,1.0793625000000002,1.0
janjanjan,3.0377954545454546,15.0,4.337979034000949,7,0.9393939393939394,-13.999500000000001,0.5
jaredgenzel,0.52725,1.6500000000000001,0.6429013824063532,2,0.8,0.19012500000000002,0.0
jay1127,0.89875,1.5,0.7037289073215622,5,0.3333333333333333,-2.3343375,0.6666666666666666
jaycee031008,0.03364285714285715,0.135,0.0519370326178042,5,0.8571428571428571,0.0837,1.0
jaydipm,0.75,0.75,0.0,1,1.0,0.015000000000000001,0.0
jayhawker20,0.10975,1.875,0.3341869968500216,9,0.8222222222222222,1.0224900000000001,0.375
jayhawker21,0.00975,0.030000000000000002,0.011691342951089924,2,1.0,0.0173025,0.0
jayk1961,3.75,3.75,0.0,1,1.0,0.9834,0.0
jcongs,17.1,37.5,15.537856995094272,3,1.0,16.875,0.0
jeannemarie,0.9390000000000001,0.9390000000000001,0.0,1,1.0,0.9508274999999999,0.0
jedaj,0.30706818181818185,4.74375,0.8047454680559833,16,0.3939393939393939,13.189177500000001,0.6923076923076923
jeffdelatorre,0.15,0.15,0.0,1,1.0,0.15,0.0
jekalucyk,0.0105,0.024,0.00675594975875762,2,0.875,0.024390000000000002,0.0
jenggo,0.015000000000000001,0.015000000000000001,0.0,1,1.0,0.0006900000000000001,0.0
jennicoin,0.023454545454545454,0.0375,0.007515665457744062,4,1.0,0.0380775,0.0
jenya040588,1.641127358490566,74.05799999999999,10.182238994395913,19,0.8679245283018868,2.5145025,0.42857142857142855
jenya90,0.315,0.57225,0.3638064389204787,2,1.0,0.100695,0.0
jeram123,0.0135,0.0135,0.0,1,1.0,0.0022949999999999997,0.0
jeremystu,0.006321428571428572,0.048,0.008360131979980284,7,0.9428571428571428,-0.051660000000000005,0.5
jerey120,0.3112916666666667,2.064,0.5558634661629651,6,0.7222222222222222,2.9501774999999997,0.8
jervasio,0.15,0.15,0.0,2,0.5,-0.105,0.0
jesuspiece9,11.25,11.25,0.0,1,0.0,-11.25,0.0
jew44,2.8000000000000003,7.5,4.081360067428503,3,0.3333333333333333,-6.14229,0.5
jgeace24,0.9375,1.5,0.795495128834866,2,1.0,0.5625,0.0
jhw2133,0.22121249999999998,0.639,0.16663036770285744,7,0.3,1.6959225,0.42857142857142855
jim4beaver,4.125,7.5,4.772970773009196,2,1.0,0.11249999999999999,0.0
jimboy122,0.0022500000000000003,0.0037500000000000003,0.0009185586535436918,2,0.4,-0.0015075,0.5
jimjimnotjim,0.00075,0.00075,0.0,1,1.0,0.001035,0.0
jisntp,0.030000000000000002,0.030000000000000002,0.0,1,1.0,0.0225,0.0
jjnewbs,0.007500000000000001,0.007500000000000001,0.0,1,1.0,0.00075,0.0
jkrochman,0.007363636363636364,0.04125,0.007597516145795524,7,0.6818181818181818,-0.067665,0.21428571428571427
jlgerald,0.016846153846153848,0.15,0.040187002778357225,5,0.38461538461538464,0.14254499999999998,0.42857142857142855
jme7wt,0.375,0.375,0.0,2,0.0,-0.75,0.0
joel2016,3.38575,7.5,3.4440290939537657,5,0.16666666666666666,-0.6948449999999999,0.5
joel2017,0.1875,0.1875,0.0,1,1.0,0.01875,0.0
joeluthere,1.0250000000000001,2.25,1.0615436872781072,3,0.6666666666666666,0.37254000000000004,0.0
joemar444,0.015000000000000001,0.015000000000000001,0.0,1,1.0,0.0015,0.0
joequint,0.15562499999999999,0.633,0.24146074991600602,2,1.0,0.219075,0.0
john0x7,0.46012499999999995,0.9172499999999999,0.646472374699801,1,0.0,-0.9202499999999999,1.0
john421,0.5226222222222222,7.5,0.9368483416082506,24,0.9185185185185185,-2.197635,0.36363636363636365
johnbreda29,0.00255,0.007500000000000001,0.002836150560178356,1,1.0,0.0035325,0.0
johnlloyd123,0.075,0.075,0.0,2,0.5,0.0,0.0
johnnycoins,0.07916666666666666,0.15,0.054486236794258416,2,1.0,0.274125,0.0
johnpaul01,0.7529999999999999,0.7529999999999999,0.0,1,1.0,0.788355,0.0
johnzayn,0.007125,0.02475,0.011755317945508747,2,0.0,-0.0285,0.6666666666666666
joinjase,0.15,0.15,0.0,1,1.0,0.0180075,0.0
joint_chief,0.075,0.075,0.0,1,1.0,0.0105,0.0
jojohnv06,0.007772727272727273,0.048,0.014525615528902946,5,0.3181818181818182,-0.1126425,0.2857142857142857
jokerHf,0.36715909090909093,2.25,0.5752971775808288,10,0.7727272727272727,-3.3092175,0.5
jole,0.11169642857142857,0.44999999999999996,0.11227457573797753,13,0.07142857142857142,-0.7945199999999997,0.2
jollydevil,2.776022727272727,6.0,2.537815934653618,5,0.9090909090909091,4.245645,1.0
jonhson,1.5,1.5,0.0,1,1.0,1.3330125,0.0
jonsi,0.00075,0.00075,0.0,1,0.5,4.500000000000012e-05,0.0
joppo,0.00075,0.00075,0.0,5,0.7,0.00627,0.0
josephravioli,0.55875,0.55875,0.0,1,0.0,-0.55875,0.0
josephwrangler,0.28250000000000003,0.75,0.40571695798918733,2,1.0,0.7841025000000001,0.0
joshdm76,0.019941176470588236,0.078,0.024801167029585756,4,0.23529411764705882,0.00980249999999996,0.38461538461538464
joshuabeats,0.012978260869565217,0.0885,0.015576319819855865,8,0.8913043478260869,-0.1885425,0.0
jpbachelier,6.771000000000001,26.250000000000004,11.044928926887671,4,0.8,27.95337,1.0
jpumpswizz,0.08603571428571428,0.15,0.05113715800248806,2,0.5714285714285714,-0.01779,0.5
jpumpswizz2,0.00555,0.00825,0.0026303516875125273,3,0.4,0.006780000000000001,0.3333333333333333
jrdnhrsn,0.3945,0.75,0.5027529214236353,2,1.0,0.7774274999999999,0.0
jrdudley20,0.0185625,0.02325,0.003484339966191587,3,1.0,0.018525,0.0
jsd365,24.9175,27.159000000000002,2.3344811522049187,3,1.0,28.431150000000002,0.0
jsquiggy,0.03375,0.03375,0.0,1,1.0,0.0050625,0.0
jsw0309,0.75,0.75,0.0,1,1.0,0.321225,0.0
juchkoff,0.00825,0.0375,0.009715509715514574,11,0.96875,0.020692500000000003,1.0
junlina,2.49375,3.0,0.5724126570927656,3,1.0,3.7176525,0.0
jurbooijink01,0.003,0.003,0.0,1,1.0,0.00312,0.0
jussie2407,0.00075,0.00075,0.0,1,0.0,-0.00075,0.0
justis,0.0849,0.375,0.16242946546116566,3,1.0,0.041999999999999996,0.0
juuUanfran99,0.027,0.045,0.022504166280935628,4,0.42857142857142855,-0.106845,0.25
juv,0.75,0.75,0.0,1,1.0,0.0406125,0.0
jwxw,0.375,0.375,0.0,1,0.0,-0.375,0.0
jyj7102j,2.25,2.25,0.0,1,1.0,0.44999999999999996,0.0
kabeer27,4.200375,4.8255,0.8840602531784807,1,0.5,-1.8828525000000005,0.0
kakti,81.07708333333333,198.0,52.448524878670604,7,0.8333333333333334,114.04452750000002,0.6666666666666666
kaler77,0.75,0.75,0.0,1,1.0,0.075,0.0
kamal1998,0.063,0.11325,0.04351939222921203,2,0.6666666666666666,0.12590999999999997,1.0
kamsrk,9.375,14.25,5.629165124598851,3,1.0,25.9978275,0.0
kanga,0.0057857142857142855,0.030000000000000002,0.009092926849002949,4,0.42857142857142855,0.004184999999999994,0.0
kangrrr,0.6,1.5,0.6791538853603063,4,0.5,0.7449375,0.5
kangys89,2.1124583333333335,7.5,2.394058175837791,17,0.4305555555555556,13.1565525,0.4878048780487805
kanyewest,21.5925,64.16625,23.160204925421105,5,0.5555555555555556,10.73459250000002,0.5
kaptid,0.375,0.375,0.0,1,1.0,0.0037500000000000003,0.0
karim69djabar,0.11775,0.15,0.0456083873865323,1,1.0,0.10555500000000001,0.0
karolkaleta,0.091875,0.16125,0.09811106588963346,2,0.5,0.019012499999999988,0.0
karp,0.22187500000000002,0.7965,0.27472249428038537,8,0.6666666666666666,-0.703545,0.25
kasinojacob,2.3049375000000003,7.236000000000001,2.3668287468602975,5,0.625,1.9017824999999997,0.5
katenauou,0.0755,0.15,0.07425126261552728,2,0.6666666666666666,-0.06215999999999999,1.0
kavitadelhi,0.13293750000000001,0.375,0.16434686070929375,2,0.75,0.058455,0.0
kaydzen777,0.0084375,0.02025,0.008360061303602983,2,1.0,0.0027900000000000004,0.0
kayr0x,0.75,0.75,0.0,2,0.6666666666666666,-0.6,0.0
kayzne,0.10650000000000001,0.201,0.13364318164425748,1,0.0,-0.21300000000000002,0.0
kazinoplus,0.5499999999999999,1.05,0.363318042491699,4,0.5,4.9132050000000005,0.3333333333333333
kdb,22.5,37.5,21.213203435596427,1,0.5,-36.0,0.0
keepit,0.014142857142857143,0.075,0.027636350286223705,5,0.2857142857142857,-0.0759375,0.25
kekesumbar,0.75,0.75,0.0,1,0.0,-0.75,0.0
kenshincun,0.06187499999999999,0.11249999999999999,0.07159456159513793,1,1.0,0.06205499999999999,0.0
kentuckywhore,0.04125,0.1875,0.06410384989552945,6,0.5,0.0518625,0.0
kentuki,0.075,0.075,0.0,1,1.0,0.027150000000000004,0.0
kerotech98,0.003,0.0037500000000000003,0.0008660254037844387,2,0.0,-0.012,0.6666666666666666
ketchell,0.005338983050847458,0.01575,0.003929541824180478,9,0.9661016949152542,0.0086475,0.5
kevinthestan,0.012375,0.01575,0.004772970773009195,2,0.0,-0.02475,1.0
khairul78,0.0225,0.0375,0.021213203435596427,2,0.0,-0.045,0.0
khanhpham,0.26339999999999997,1.94625,0.5921097660062702,6,0.2,-1.6858275,0.7142857142857143
khard,0.9839521276595745,32.7585,4.792936131421602,8,0.0851063829787234,-29.742555,0.5714285714285714
kharen29,0.28525,0.53925,0.14373211351171822,9,0.8333333333333334,0.11054250000000002,1.0
khash,0.1328653846153846,0.62325,0.20260641790654874,4,0.0,-1.72725,0.5833333333333334
khs0407u,1.125,1.125,0.0,1,0.0,-1.125,0.0
kickflip,2.4045,3.75,1.9028243481729996,2,1.0,0.47343,0.0
kikos2010,0.05063372093023256,2.25,0.2621327787077584,16,0.813953488372093,0.6153750000000001,0.13333333333333333
kill2126,0.1135,0.16575,0.09049965469547384,3,0.0,-0.3405,0.5
kill3r521,0.05555357142857143,0.75,0.1998862219289588,9,0.7142857142857143,0.132795,0.25
kimelecta,1.66,3.75,1.7539730569125056,5,0.6666666666666666,1.6845900000000003,0.0
kimelecta1,0.6038181818181818,3.75,1.3101836039793673,4,0.7272727272727273,1.05948,0.6666666666666666
kimlecta2,2.82225,2.82225,0.0,1,1.0,0.282225,0.0
kimtyphu,4.2,15.0,6.286369182604535,5,0.6,0.32993999999999957,1.0
king09,8.832923076923077,75.0,20.959922795854308,8,0.5384615384615384,-4.6344825000000025,0.6
king6116,0.00237,0.012,0.002973949394323986,17,0.6,0.0006749999999999988,0.3
king82,41.25,75.0,47.72970773009196,2,0.5,76.28427749999999,1.0
kingichi,0.15,0.15,0.0,1,1.0,0.007500000000000001,0.0
kingofbigmac,0.0075,0.03525,0.009980663122440128,6,0.4166666666666667,0.2991525,0.5714285714285714
kingsownage,0.20866666666666667,0.417,0.11103026051487043,2,0.0,-1.878,0.375
kipmonster,0.006535714285714285,0.00825,0.00127825215486952,1,1.0,0.0067275,0.0
kirill4019,0.03368181818181818,0.075,0.028660314659187468,3,0.5454545454545454,-0.05549250000000001,0.6
kiron111,0.024500000000000004,0.060000000000000005,0.03118894034750139,1,0.3333333333333333,-0.070455,0.0
kishen987,0.0375,0.0375,0.0,1,0.0,-0.0375,0.0
kivemmuort,0.0021000000000000003,0.007500000000000001,0.0030186917696247164,2,1.0,0.0010500000000000002,0.0
kixon97,0.05524285714285714,0.6,0.10927251897600487,7,0.45714285714285713,0.2428499999999999,0.47368421052631576
kkarteik,0.037875,0.075,0.052502678503101155,1,1.0,0.010515,0.0
kkkas1,0.0065000000000000014,0.018000000000000002,0.006123724356957946,2,1.0,0.0084225,0.0
kkkk,0.043875000000000004,0.14925000000000002,0.06200236890635712,4,0.6666666666666666,0.056595,0.5
klay18,0.16222388059701492,2.4,0.41742595998882426,14,0.5223880597014925,7.3227075,0.375
klem,0.006583333333333333,0.03825,0.00815945491717765,13,0.5333333333333333,-0.0708975,0.42857142857142855
klkopi,0.003,0.003,0.0,1,1.0,0.0033300000000000005,0.0
knari44,0.0825,0.11249999999999999,0.027041634565979907,2,0.6666666666666666,-0.05451,1.0
knevlook,0.012947368421052633,0.135,0.02590908988817574,10,0.6842105263157895,-0.042045,0.2727272727272727
koc79,0.03220664739884393,0.75,0.09551386192028502,36,0.7687861271676301,-0.24855000000000002,0.35
kochhi,0.00075,0.00075,0.0,1,0.5,0.006007500000000001,0.0
kolay36rus,0.290625,0.375,0.12390142250999381,2,0.25,1.1917200000000001,0.5
kolpak,0.0016875000000000002,0.0022500000000000003,0.0003750000000000001,2,0.5,0.0008625,0.0
komapik,0.1965375,1.0845,0.2950256821447923,8,0.25,-2.9859675,0.4666666666666667
konhun,0.10987500000000001,0.27825,0.07585203523966907,6,0.3,1.4142524999999997,0.5
kontopolo,13.031578125,238.71224999999998,42.93953357359501,11,0.125,-353.725545,0.48148148148148145
korgik2784,0.00325,0.00675,0.003031088913245535,2,0.6666666666666666,-0.00462,0.0
kosedoy61,0.28125,0.28125,0.0,1,0.0,-0.28125,0.0
kosmosa,0.007285714285714286,0.036000000000000004,0.008469166766234193,10,0.7142857142857143,0.0651,0.16666666666666666
kostyan2001,0.24000000000000002,0.24000000000000002,0.0,1,0.0,-0.24000000000000002,0.0
kot163rus,0.42275,3.0,0.7584598441758619,12,0.7333333333333333,-3.328365,0.16666666666666666
kotakamal,0.0198,0.057,0.0210719007211025,3,0.4,-0.04441500000000001,0.3333333333333333
kotov73y,0.00075,0.00075,0.0,1,0.0,-0.00075,0.0
kottaran,0.004125,0.00525,0.0015909902576697321,1,1.0,0.007305,0.0
kouya,0.44985483870967746,9.504,1.3649867242106366,14,0.4032258064516129,16.239472499999998,0.3888888888888889
koz13,0.01875,0.01875,0.0,1,1.0,0.0061875,0.0
kpot82,3.7581764705882352,30.0,5.833161948783463,19,0.5294117647058824,32.47584749999999,0.5833333333333334
kptpro,1.3287931034482758,22.5,3.7662455734591602,19,0.3793103448275862,-15.3924225,0.5428571428571428
kranio,37.5,37.5,0.0,1,1.0,20.864362500000002,0.0
krille11,0.15059999999999998,0.75,0.3350747864283435,2,0.6,-0.7505325,0.0
krisss1973,0.15262499999999998,0.3,0.20841972375473486,2,1.0,0.3249975,0.0
krwok,3.953036885245902,12.804,2.4492513247643717,35,0.7213114754098361,103.3959375,0.21568627450980393
ksenaSS,0.02925,0.14175000000000001,0.04961998445327102,2,0.625,0.04389,0.5
ksenaSS_02,0.05526923076923077,2.475,0.28065331009900896,20,0.46153846153846156,1.066815,0.21428571428571427
ksenaSS_03,0.01165625,0.08625000000000001,0.017654908982212645,11,0.3958333333333333,-0.04683750000000001,0.5517241379310345
ksenaSS_04,0.033010135135135135,0.37424999999999997,0.06510920014726879,29,0.4864864864864865,0.9299850000000001,0.3684210526315789
kuku121,0.562875,1.125,0.794964798748976,2,0.5,0.17925,0.0
kulka,0.00075,0.00075,0.0,1,1.0,0.00015000000000000001,0.0
kumkum2112,0.0425,0.066,0.021441781642391567,2,0.6666666666666666,-0.034005,0.0
kuni,0.02808333333333333,0.06225,0.02265915929596683,2,0.0,-0.25275,0.625
kurt22,0.00595,0.015000000000000001,0.004023591146511499,4,0.6666666666666666,-0.009870000000000004,0.4
kuzma24ru,0.01693269230769231,0.348,0.06783423021205104,10,0.8846153846153846,0.1169625,0.0
kveler,0.21300000000000002,0.21300000000000002,0.0,1,1.0,0.01065,0.0
kyaaa,4.524321428571429,7.5,3.0042917381995853,3,0.14285714285714285,-27.475724999999997,0.2
kyc,0.75,0.75,0.0,1,0.0,-0.75,0.0
kylekuruma,0.0375,0.0375,0.0,1,1.0,0.006,0.0
kylewe2,0.75,0.75,0.0,1,1.0,0.060000000000000005,0.0
kyrie,0.8647499999999999,0.8647499999999999,0.0,1,1.0,0.10377000000000002,0.0
kys,3.0,3.0,0.0,1,0.6666666666666666,-0.9310425000000002,0.0
kyu,0.15,0.15,0.0,1,0.0,-0.15,0.0
kyy,0.0037500000000000003,0.0037500000000000003,0.0,1,0.0,-0.0037500000000000003,0.0
ladiesman97,0.007500000000000001,0.007500000000000001,0.0,1,1.0,0.007597500000000001,0.0
lady-d,0.018513157894736842,0.096,0.024874752048486517,8,0.5263157894736842,0.11038500000000001,0.375
ladysman217,0.02145,0.0525,0.025198214222440448,2,0.4,0.15906749999999997,1.0
laki152,0.03183333333333333,0.15,0.046339609137324406,4,0.5555555555555556,-0.13931999999999997,0.25
lakomka,1.519304347826087,15.0,3.2268590219407223,10,0.43478260869565216,3.8034300000000014,0.5384615384615384
lakshya,32.759303571428575,452.45700000000005,120.80105627046235,7,0.5,89.32153500000001,0.5
lalabunnymc,1.2396428571428573,1.5,0.5418149064552791,2,0.5714285714285714,-1.9275,0.5
lancerman1993,0.021562500000000002,0.075,0.035735355392104325,2,0.25,-0.07785,1.0
lapar009,12.318140625,84.80025,22.915314289060195,5,0.0625,-168.25425,0.42857142857142855
larscoop,0.056999999999999995,0.075,0.025211604470957417,5,0.8,-0.050969999999999994,0.0
latinisha,0.012975,0.06825,0.02082981636980989,3,0.4,0.013514999999999987,0.4
lavascience69,7.789285714285714,22.5,9.544258598572682,5,0.2857142857142857,-21.9584925,0.75
lavckraft,0.30124999999999996,0.8999999999999999,0.5185339309052012,2,0.6666666666666666,0.092265,0.0
lccduck,0.26125,1.5,0.6069804568517837,3,0.3333333333333333,-1.4777175,0.5
lea7s,0.779025,2.259,0.9175707091281847,6,0.2,-1.7929349999999997,0.42857142857142855
leased,4.128,7.50525,3.8966828681585057,2,0.0,-16.512,0.3333333333333333
lebeatles,0.005583333333333334,0.015000000000000001,0.003973634699777111,6,0.9111111111111111,-0.009465000000000001,0.0
leechri,33.5,75.0,33.05336594055135,4,1.0,138.9813675,0.0
legionXXX,0.65075,1.1512499999999999,0.43344636346380844,3,0.6666666666666666,1.0781325,1.0
lehanehjy,0.0225,0.11249999999999999,0.029290356774884112,22,0.43478260869565216,-0.120285,0.5769230769230769
lehasin,0.15861,3.75,0.7483222835115898,13,0.56,0.4147125,0.4
lelik3310,0.03500581395348837,0.303,0.06079529268668009,33,0.4883720930232558,-0.02343750000000004,0.5116279069767442
lelyka16,0.014959821428571428,0.10275,0.025862959508010427,26,0.5178571428571429,-0.15218250000000003,0.5185185185185185
leonar,0.024405,0.17850000000000002,0.034922872812163455,26,0.71,0.07359750000000001,0.41379310344827586
leus,0.007353982300884955,0.21375,0.02254946758715092,31,0.20353982300884957,-0.565905,0.4044943820224719
lfd,1.5,1.5,0.0,1,1.0,1.6647,0.0
lifebox,0.015000000000000001,0.015000000000000001,0.0,1,1.0,0.010485,0.0
lilwhittyvert,0.32995,3.75,0.9515494328800189,5,0.8,-3.468945,0.6666666666666666
lily2797,0.790125,2.25,0.7636622757663047,5,0.25,-2.9587575000000004,0.2
limbo,0.006875,0.015000000000000001,0.006424075809017201,3,0.6666666666666666,0.008985,1.0
linh062,0.12,0.39975000000000005,0.11792304164157234,5,0.7647058823529411,0.12515249999999994,0.6666666666666666
linh1993,6.78159375,53.55675,18.900281896016363,3,0.375,25.451910000000005,0.6
linh2016,1.7721923076923078,22.5,6.2281480854680416,6,0.15384615384615385,12.0821475,0.5
lionaxy,1.2750000000000001,2.25,0.4860555523805895,1,1.0,1.395,0.0
lirosex88,0.00075,0.00075,0.0,1,1.0,0.0002025,0.0
litaffam,0.001242857142857143,0.015000000000000001,0.0024264820473373426,8,0.8,0.008640000000000002,0.0
lmnop,10.4758125,20.835,8.824800147347531,4,0.25,-5.085045000000001,0.5
lnsane,37.5,37.5,0.0,1,1.0,10.331152500000002,0.0
local110,35.25,75.0,23.373061416938945,5,0.3333333333333333,-56.1335775,0.25
log,0.03375,0.075,0.03172876117522217,4,0.75,-0.13157249999999998,0.0
lokotex,0.10341428571428571,1.5,0.24522920658132097,7,0.7428571428571429,-0.05281499999999999,0.3333333333333333
lolkillme,0.105,0.105,0.0,1,0.0,-0.105,0.0
londonprince,0.019125,0.0375,0.02598617420860562,1,0.5,-0.0297675,0.0
lonelyfaggot,0.04575,0.138,0.039538289237010166,5,0.15,-0.13966499999999998,0.35294117647058826
longhb,0.19799999999999998,0.6044999999999999,0.2722455233791733,4,0.25,-0.3063824999999999,0.5
longlive,0.135,0.135,0.0,1,0.0,-0.135,0.0
loog,0.01875,0.0525,0.014669574928109832,3,0.5,-0.0227475,0.3333333333333333
lookatmygraph,0.00525,0.00525,0.0,1,0.0,-0.00525,0.0
lop,0.00075,0.00075,0.0,1,0.0,-0.00075,0.0
lopster,0.003916666666666667,0.015000000000000001,0.004710360920354193,6,0.3333333333333333,-0.028237500000000002,0.3333333333333333
lorderon,0.09399999999999999,0.20174999999999998,0.09935825330590307,3,0.6666666666666666,0.38265750000000004,0.0
lordmams,0.0022500000000000003,0.0022500000000000003,0.0,1,1.0,0.000225,0.0
lorenzen,0.21637499999999998,0.411,0.2752413145768636,1,0.5,7.390687499999999,1.0
loretto,1.6672500000000001,1.6672500000000001,0.0,1,0.0,-1.6672500000000001,0.0
lorislibra,0.00075,0.00075,0.0,2,0.5,-0.0006525,0.0
losos,0.05667391304347826,0.14325000000000002,0.052005705258621776,6,0.43478260869565216,0.31218749999999995,0.6153846153846154
louicoop,0.011250000000000001,0.015000000000000001,0.005303300858899107,2,0.5,-0.007500000000000001,0.0
louie01,0.7140000000000001,0.7140000000000001,0.0,1,0.0,-0.7140000000000001,0.0
louisa,0.053697247706422015,1.58325,0.19209836670923244,20,0.5596330275229358,-3.24747,0.2916666666666667
lovefamaly,0.996642857142857,2.5147500000000003,1.0788583747912155,3,0.8571428571428571,0.03801749999999998,1.0
lozzerkau,0.65625,1.125,0.6629126073623883,1,0.5,1.0535925,1.0
lptp,0.007583333333333334,0.0945,0.021896145242270116,7,0.6666666666666666,-0.0949275,0.4
lucGAE,0.00525,0.00525,0.0,1,0.0,-0.00525,0.0
luca98,0.0018333333333333335,0.006,0.0018413649828320296,6,0.7777777777777778,-0.0076500000000000005,0.0
lucadelc,0.01125,0.01125,0.0,1,1.0,0.003855,0.0
lucaspiterina,0.00425,0.015000000000000001,0.005918192291570122,2,1.0,0.0008324999999999999,0.0
lucidictive,0.007500000000000001,0.007500000000000001,0.0,1,1.0,0.003975,0.0
luckyfive,0.11102205882352942,1.125,0.1969178836666543,10,0.5882352941176471,0.6324825,0.5714285714285714
luckynumber777,0.75,0.75,0.0,1,1.0,0.0225,0.0
luckynumber888,0.01875,0.01875,0.0,1,0.3333333333333333,-0.029662499999999998,0.0
luckytoday,0.007500000000000001,0.007500000000000001,0.0,1,1.0,0.007815,0.0
luda,2.042125,7.875000000000001,2.9002499191880005,5,0.8333333333333334,-1.0493249999999998,0.0
luismmolina,0.037071428571428575,0.192,0.07009296221196784,4,0.42857142857142855,0.07686750000000005,0.42857142857142855
luke431111,2.25,3.75,2.1213203435596424,1,0.5,0.75,0.0
lupikova63,0.031071428571428566,0.11249999999999999,0.03760699023168052,5,0.8571428571428571,-0.07574999999999998,0.0
luponero,0.009525,0.07200000000000001,0.018842299138961394,9,0.8,0.030682499999999998,0.25
luvkumar1991,0.075,0.075,0.0,1,0.0,-0.075,0.0
luxxx,0.022750000000000003,0.039,0.015449514555480376,1,0.3333333333333333,-0.0435525,0.5
lycanite,1.75,3.0,1.14564392373896,2,0.3333333333333333,1.0412475000000003,0.5
m1gu3lb4stos,0.024,0.045,0.02424871130596428,2,0.75,-0.03297,0.0
m2k,0.15,0.15,0.0,1,0.0,-0.15,0.0
mN3fUH0L,1.0285909090909091,7.16925,1.7201517645370057,10,0.42424242424242425,-7.2222599999999995,0.47368421052631576
m_25,0.22499999999999998,0.22499999999999998,0.0,1,1.0,0.0274425,0.0
ma3lish03,0.3,0.3,0.0,1,0.0,-0.3,0.0
macdrive1000,0.0054375000000000005,0.015000000000000001,0.006462632977355283,3,0.5,0.32486250000000005,0.5
maclahey,5.25,11.25,5.0124844139408555,1,0.75,10.900649999999999,0.0
madcoin,0.015000000000000001,0.015000000000000001,0.0,1,1.0,0.008235,0.0
madfox,0.0375,0.0375,0.0,1,1.0,0.0015,0.0
madhav007,0.00525,0.00525,0.0,1,0.0,-0.00525,0.0
madmasu,0.05125,0.15,0.053752906898139004,2,1.0,0.031725,0.0
mafiaidol,6.5295000000000005,26.250000000000004,11.144999179845193,2,0.6,18.973529999999997,0.0
maga2212,0.007500000000000001,0.007500000000000001,0.0,1,1.0,0.108,0.0
maga245,0.0035,0.007500000000000001,0.0034641016151377548,2,0.3333333333333333,-0.007455000000000001,0.0
magman_super,0.02544,0.3,0.06128312369649576,12,0.88,-0.26859,0.0
mahamatali,0.1408695652173913,0.6,0.12323667338898835,4,0.9130434782608695,0.84195,0.0
mahdibland,0.03033333333333333,0.22499999999999998,0.0731404898124151,4,0.3333333333333333,0.1766925,0.5
mainrpe,0.075,0.075,0.0,1,0.0,-0.075,0.0
majcino,0.0645,0.102,0.019258115172570752,1,0.8571428571428571,0.033187499999999995,1.0
makimilian,0.007000000000000001,0.09525,0.02035436071214225,9,0.14285714285714285,0.02319,0.4117647058823529
maksima,0.42375,0.8250000000000001,0.5674531919022044,2,1.0,6.901860000000001,0.0
manahmanah,0.003829145728643216,0.060750000000000005,0.005469124057232874,36,0.3969849246231156,-0.3918825,0.08403361344537816
manpoor,0.047549999999999995,0.0915,0.04040474910205482,2,0.4,0.2792175,0.5
manrich,0.0305,0.054,0.022252808811473665,2,0.0,-0.0915,0.5
mans,0.05951086956521739,0.44999999999999996,0.11200107746693751,5,0.6086956521739131,0.3668925,0.3333333333333333
manukv,0.349875,0.44999999999999996,0.14159813293260612,2,0.5,-0.19575,0.0
maras,82.128125,381.75,90.64470304930532,11,0.625,-564.1115775,0.2222222222222222
marburgsars,15.537975,121.22475,32.039979195405635,13,0.5,-50.65794,0.42857142857142855
marcho10,0.021,0.075,0.03614035140947027,3,0.75,0.0223425,1.0
marcolinux,0.08324999999999999,0.22499999999999998,0.08462047624541,4,0.6,-0.23930249999999997,0.0
marcopac,0.0075,0.048,0.00776071250186382,8,0.9285714285714286,0.006359999999999999,0.3333333333333333
marcus85,0.2697142857142857,0.75,0.32453510293297133,5,0.7619047619047619,1.0190775,0.2
marifemndza,1.346142857142857,3.75,1.2133441980151976,7,0.2857142857142857,-3.93246,0.25
mario9907,0.8999999999999999,3.3749999999999996,1.65,3,0.5,-3.4282199999999996,0.0
mark09,3.791625,15.0,5.6996290093084125,4,0.6666666666666666,-18.350279999999998,0.0
mark_s,0.39375000000000004,1.125,0.45311422400979645,4,0.625,0.27478499999999995,1.0
markus,0.014625000000000003,0.138,0.043350677618694725,9,0.5,0.13077750000000002,0.2
marnie09,0.0028125000000000003,0.0037500000000000003,0.0007180703308172535,3,0.0,-0.011250000000000001,0.0
marshallgv,0.0015,0.0015,0.0,1,1.0,0.0015,0.0
martinismyhero,0.005464285714285714,0.0195,0.006300510183423925,2,0.14285714285714285,-0.0005100000000000013,0.4
martinlutek,0.0818076923076923,4.773,0.5910284530898481,12,0.9384615384615385,1.6038675000000002,0.75
marvino1325,1.5458333333333334,3.75,1.440675839666925,7,0.2222222222222222,-11.638605,0.42857142857142855
mascheni,0.3140625,0.43124999999999997,0.16156582443388204,2,0.5,-0.5962124999999999,1.0
masonsergey,0.08424999999999999,0.22499999999999998,0.12205966778588248,2,1.0,0.03408,0.0
masterKidt,0.27499999999999997,0.75,0.2919371040605711,8,0.8333333333333334,-0.599625,0.0
mastertrader,0.01575,0.01575,0.0,1,0.6666666666666666,-0.009577500000000001,0.0
mathewslim,0.0062499999999999995,0.018000000000000002,0.004587796022103154,7,0.9583333333333334,-0.004657500000000001,0.5
mathewx,0.18371428571428572,3.654,0.5560498216717497,7,0.5952380952380952,-2.7995324999999998,0.25
mattiasc,0.002152597402597403,0.036000000000000004,0.004969505006218957,21,0.6103896103896104,-0.04272,0.03333333333333333
mattiasc2,0.004125,0.192,0.019970366150713126,23,0.6595744680851063,0.06048749999999999,0.125
mattyboy,0.1875,0.1875,0.0,2,1.0,0.12375,0.0
mauricioarles,0.35375,1.5,0.5677537978736911,5,0.8333333333333334,0.28722749999999997,0.0
mauropaga,0.092625,0.375,0.15521048828309547,9,0.42857142857142855,-0.2875875,0.2857142857142857
mavneee,0.2625,0.2625,0.0,1,1.0,0.12075000000000001,0.0
maxad,0.2374285714285714,1.5,0.5594562411076364,5,0.7142857142857143,0.027404999999999985,0.0
maxda6,0.0136875,0.027749999999999997,0.009434809219056841,2,0.25,-0.0057675,0.5
maximan23,16.08214285714286,75.0,26.127279463098663,2,0.0,-112.575,0.3333333333333333
maximehf,0.8809999999999999,1.668,0.730364977254523,2,0.3333333333333333,-1.827195,0.5
maximka,0.0037500000000000003,0.0037500000000000003,0.0,1,1.0,0.00048750000000000003,0.0
maxleaks,0.045,0.075,0.042426406871192854,1,0.0,-0.09,0.0
maxmax,0.0375,0.056249999999999994,0.026516504294495532,2,0.5,-0.04919249999999999,0.0
maxmudxxx,0.014845588235294119,0.12000000000000001,0.029016127614909373,8,0.7941176470588235,-0.0580425,0.2857142857142857
maxumlin,0.00825,0.00825,0.0,1,0.0,-0.00825,0.0
mbe13337,0.3,0.3,0.0,1,1.0,0.036000000000000004,0.0
mccriddle,0.076125,0.22499999999999998,0.06808437517417004,6,0.875,0.19655249999999996,1.0
mchteh,0.6401249999999999,1.1415,0.7090513248348105,2,0.5,-1.0935,0.0
mclovin_,152.5,225.0,125.5736835487436,2,0.3333333333333333,-151.20977249999999,1.0
md_khan,0.0018750000000000001,0.0022500000000000003,0.0005303300858899108,2,1.0,0.004125,0.0
mdmijan,2.109916666666667,9.375,3.0079283620541895,8,0.4444444444444444,-10.382505000000002,0.0
mdrifat,0.45,0.75,0.42426406871192857,2,1.0,0.9205274999999999,0.0
meanmachine1,3.151689252336449,187.5,18.511991692053346,28,0.7570093457943925,-45.645112499999996,0.34615384615384615
medievilminer,0.9003,3.0,1.203230214879929,2,1.0,1.5374025,0.0
medmax,0.00421875,0.01125,0.003947054733776639,3,0.625,0.00024750000000000054,0.5
meer74,0.018300000000000004,0.0825,0.03593196696536387,2,0.4,-0.08469750000000001,0.5
megainvest,0.5429252577319588,25.7025,2.364072830349365,41,0.15807560137457044,-39.993705,0.4344262295081967
mehran2741,1.5,1.5,0.0,1,1.0,0.060000000000000005,0.0
melodira,0.007125,0.02475,0.008700369450283624,2,0.375,-1.5000000000002858e-05,0.4
memecenter,0.8999999999999999,0.8999999999999999,0.0,1,1.0,0.121485,0.0
mennoluckpls,10.125,18.75,12.197591975467946,2,0.5,2.4375000000000004,0.0
menphan,5.195035714285715,30.0,11.168374065141649,4,0.42857142857142855,-3.2833349999999992,1.0
meona2959,0.75,0.75,0.0,1,1.0,0.24000000000000002,0.0
merckxonaut,3.340125,6.67725,4.719407434334315,1,1.0,6.689879999999999,0.0
mestreteco,0.2325,0.2325,0.0,1,0.0,-0.2325,0.0
mestumre,0.24000000000000002,0.24000000000000002,0.0,1,1.0,0.030885000000000003,0.0
methylamine,6.657122093023256,14.2845,3.0829567394077717,13,0.5581395348837209,-54.587925000000006,0.42105263157894735
metis777,1.125,1.125,0.0,1,1.0,0.07998,0.0
metrix2,0.025625,0.075,0.026876453449069502,3,0.6666666666666666,0.047264999999999995,0.5
mfooksman,1.125,1.5,0.5303300858899106,2,0.5,-1.1925,0.0
mhoffman2016,0.024,0.024,0.0,1,0.0,-0.024,0.0
michael96590,3.0,3.0,0.0,1,1.0,3.6135675000000003,0.0
microtacoz,0.0470625,0.1815,0.08963127593089368,1,0.25,-0.1768875,0.3333333333333333
mihay85,0.040125,0.15,0.05534522337112752,2,0.6666666666666666,0.011490000000000002,0.0
mike58,0.9125,2.25,0.8330291111359795,4,0.5,-4.0424775,0.5
mike888,0.0625,0.11249999999999999,0.043301270189221926,2,0.6666666666666666,-0.07333499999999998,0.0
miladh,0.005045454545454546,0.015000000000000001,0.004791683135676573,3,0.18181818181818182,-0.04641750000000001,0.25
milaha,0.007431818181818182,0.057,0.011726593154577632,6,0.45454545454545453,-0.01692000000000001,0.4166666666666667
milehighblazer,1.4956640625,13.668750000000001,2.944600443628719,7,0.5,-4.405530000000002,0.375
miles110,0.018535714285714287,0.060000000000000005,0.01951784897398862,2,0.2857142857142857,-0.0959175,0.25
millenium777,1.8468,5.25,2.4804010159649588,2,0.6,-2.1838274999999996,0.5
miller,0.08325,0.08325,0.0,1,1.0,0.006660000000000001,0.0
millionbyt,0.111,1.1400000000000001,0.22456799436008043,3,0.8695652173913043,-1.2008625000000002,0.3333333333333333
min2838,0.10009239130434781,0.8999999999999999,0.1335076502041867,14,0.5434782608695652,-1.8274575,0.15
miraclekt,0.011013888888888889,0.048,0.008569522809573507,28,0.9722222222222222,0.1060425,0.5
miriam,99.67875000000001,297.0,112.22739189782278,2,1.0,82.32719999999999,0.0
mironn,0.024,0.053250000000000006,0.023412274887003513,6,0.6428571428571429,0.005969999999999993,0.8
mish81,0.001,0.0015,0.00043301270189221935,1,1.0,0.00102,0.0
mitai2016,0.00075,0.00075,0.0,1,1.0,0.0001875,0.0
mixmaxbeat,0.75,0.75,0.0,1,1.0,0.31527,0.0
mladenec1984,0.075,0.075,0.0,1,1.0,0.0037500000000000003,0.0
mlmner,0.015000000000000001,0.015000000000000001,0.0,1,1.0,0.00015000000000000001,0.0
mmfc,87.0,124.5,53.033008588991066,2,0.0,-174.0,0.0
mobguy,0.05375,0.2175,0.0468028028913928,11,0.9629629629629629,0.22628250000000003,0.5
mobshitsavage,0.015000000000000001,0.015000000000000001,0.0,1,1.0,0.0023625,0.0
moeder123,0.138,0.138,0.0,1,1.0,0.0345,0.0
moehre,0.007500000000000001,0.007500000000000001,0.0,2,1.0,0.030435,0.0
mohenjodharo,3.0444375,18.75,6.394900871495195,5,0.625,14.77566,1.0
mohsen19941,0.6125625,1.125,0.34476507917918336,5,0.375,-1.8367425,0.6
mohsens19,0.075,0.075,0.0,1,1.0,0.07769999999999999,0.0
molchawy,0.1275,0.15,0.020539595906443733,3,1.0,0.158745,0.0
money2k,5.625,7.5,2.6516504294495533,2,1.0,6.1270050000000005,0.0
moneymachine222,0.021299999999999996,0.09749999999999999,0.042616898056991426,1,0.8,-0.09522749999999999,0.0
moneypoo,15.375,21.0,5.190736941899483,4,0.8333333333333334,0.7533449999999999,1.0
monobyte,0.375,0.375,0.0,1,1.0,0.44247000000000003,0.0
moolinex,2.8115625,10.5,5.127488982496696,3,0.75,0.43096500000000004,1.0
moonkyu7233,0.375,0.375,0.0,1,0.0,-0.375,0.0
moonsilver,0.2032016129032258,3.0,0.5412137378897963,13,0.16129032258064516,-4.4890875,0.36
mops,20.775000000000002,45.45,17.399676721134792,3,0.6666666666666666,-20.235059999999997,1.0
morcoteg,0.04239285714285714,0.303,0.05971932117354124,12,0.8571428571428571,0.008819999999999998,0.5
morgan9387,0.004125,0.007500000000000001,0.004772970773009196,2,1.0,0.000825,0.0
mosic,0.3,0.3,0.0,1,1.0,0.027,0.0
moskovskiy03,0.049999999999999996,0.075,0.021650635094610966,3,0.6666666666666666,-0.06708,0.0
mrbennyxb,0.6151071428571429,6.159000000000001,1.614568294033703,4,0.14285714285714285,-5.959687500000001,0.5454545454545454
mrdasi,0.075,0.075,0.0,1,1.0,0.00075,0.0
mrmirsh,4.612392857142857,16.5375,6.707798051921149,3,0.42857142857142855,1.75392,0.5
mrpika,0.10928571428571429,0.22499999999999998,0.06106202935189289,2,0.8571428571428571,0.11805750000000001,1.0
mrschook,0.7469100000000001,2.25,0.6478528594518974,17,0.56,2.4582674999999994,0.7
mrstean,0.17750000000000002,0.474,0.15102657642188108,7,0.2,-0.39577499999999993,0.5454545454545454
msclassic,0.007500000000000001,0.007500000000000001,0.0,1,1.0,0.0076725000000000005,0.0
msully4,0.4125,0.525,0.15909902576697324,2,0.5,-0.43500000000000005,0.0
msx125,0.19425,0.8744999999999999,0.33396279732928336,3,0.5,2.0950425,0.0
msxk29913,1.875,1.875,0.0,1,0.0,-1.875,0.0
murad24,0.06609782608695651,1.2,0.217157396738955,27,0.43478260869565216,-2.4826349999999997,0.3076923076923077
murzilka,23.301660000000002,300.0,58.742297993673176,17,0.96,53.566095,1.0
mustaqim13,0.0022500000000000003,0.0022500000000000003,0.0,1,0.0,-0.0045000000000000005,0.0
muzli,0.0033,0.009000000000000001,0.0034856850115866753,4,0.8,0.0131325,0.0
myamoring,0.01125,0.01125,0.0,2,0.07692307692307693,0.41639250000000005,0.0
mygodman,1.5,1.5,0.0,1,1.0,0.075,0.0
mygreen40,1.023,1.875,0.7953848125278732,2,0.3333333333333333,6.3814874999999995,1.0
mylene31,1.5,1.5,0.0,2,0.0,-3.0,0.0
mylezed18,0.15,0.15,0.0,1,1.0,0.039,0.0
mymyback,0.0375,0.0375,0.0,1,0.0,-0.0375,0.0
myth1337,0.0108,0.03075,0.011529039422258908,2,0.0,-0.054,0.75
mywayy,13.499999999999998,13.499999999999998,0.0,1,1.0,8.1,0.0
n33leri,0.375,0.375,0.0,1,0.0,-0.375,0.0
n_y_a_n,1.8162187499999998,58.33275,7.873136627029237,20,0.125,1.93305,0.7083333333333334
nabilahjkt,0.0009000000000000001,0.0015,0.00033541019662496844,1,0.4,0.00015749999999999987,0.0
nagatto,0.003,0.003,0.0,1,0.0,-0.003,0.0
nahue99,0.005270833333333333,0.03975,0.008961499994022048,10,0.1388888888888889,-0.129465,0.3333333333333333
nahue999,0.01455,0.45975000000000005,0.06596172359476243,10,0.28,-0.47078250000000005,0.42857142857142855
nalgene123,1.5,1.5,0.0,1,1.0,1.5183674999999999,0.0
nanash3331,0.15,0.15,0.0,1,0.0,-0.15,0.0
napalm911,0.21937500000000001,0.25125000000000003,0.045078057300642425,1,0.0,-0.43875000000000003,1.0
napoleon3665,0.007500000000000001,0.007500000000000001,0.0,1,1.0,0.0024675,0.0
nasa,0.1605,0.1605,0.0,1,1.0,0.023264999999999997,0.0
nasrkoko,1.3605,5.25,2.1801642139985695,1,0.4,-4.8920325,0.0
nastyalaik,0.0037500000000000003,0.0037500000000000003,0.0,1,0.0,-0.0037500000000000003,0.0
nathandyb,1.71525,7.5,2.5779260923269307,3,1.0,3.8511525,0.0
nathanielbeitzel,0.75,0.75,0.0,1,0.0,-0.75,0.0
natty,1.125,1.5,0.375,2,1.0,1.0515225,0.0
naver1004,0.015000000000000001,0.015000000000000001,0.0,1,0.3333333333333333,-0.026407500000000004,0.0
nazar,1.1339829545454545,3.975,0.9043463870575758,23,0.6363636363636364,-3.645449999999999,0.625
nbkshocks,0.8133750000000001,6.0,2.1013688395900423,4,0.375,5.94435,0.5
ndeso,0.5499999999999999,1.5,0.8227241335952167,1,1.0,1.56726,0.0
nebulashines,187.5,187.5,0.0,1,1.0,5.625,0.0
necdell01,0.016125,0.02175,0.0043084219849035205,3,0.0,-0.0645,0.0
necdell02,0.562125,5.559,1.5834646402889627,7,0.08333333333333333,-6.518587500000001,0.5
necrodeath,0.00075,0.00075,0.0,1,1.0,0.0002775,0.0
necromancer,0.042333333333333334,0.22275,0.0727800625171482,8,0.5555555555555556,-0.10481249999999999,0.3333333333333333
needcomeback,0.013949999999999999,0.0375,0.01667464392423418,4,0.4,-0.041879999999999994,0.6666666666666666
neelkamal,0.73125,3.75,1.1904333507172924,8,0.45454545454545453,0.25430250000000004,0.6
neeraj,3.00125,7.5,3.967209937411934,2,0.6666666666666666,0.0038325,0.0
neevo,1.5,1.5,0.0,1,0.0,-1.5,0.0
negrito,0.012750000000000001,0.0345,0.015260242462031854,4,0.0,-0.051000000000000004,0.3333333333333333
neite99,0.32999999999999996,1.05,0.4024922359499622,1,1.0,0.454545,0.0
nek,0.051,0.11775,0.05524604058210868,2,0.75,-0.098925,0.0
nela,0.31453125,2.25,0.7858249468540779,6,0.25,-2.4997425,0.2
nelsonarthur236,0.236625,0.768,0.3638628690866932,2,0.75,-0.7188375,0.0
nemesio,0.0030000000000000005,0.007500000000000001,0.0038971143170299745,1,0.3333333333333333,-0.0008925,0.0
neonox,0.07370454545454547,0.525,0.1558084488314826,7,0.6363636363636364,0.033,0.5
nerdlab,0.02325,0.02325,0.0,1,1.0,0.0030225000000000004,0.0
ners87,2.8539285714285714,11.25,3.7846159457919715,11,0.47619047619047616,-23.663715,0.2727272727272727
nesdeyparra,0.012,0.0225,0.006708203932499369,4,1.0,0.0226575,0.0
netkrool,0.1275,0.384,0.09696777815336391,6,0.47368421052631576,-0.87543,0.2
neung30000,3.75,3.75,0.0,1,0.0,-3.75,0.0
newbie12345,0.027749999999999997,0.027749999999999997,0.0,1,0.0,-0.027749999999999997,0.0
nexh,1.875,1.875,0.0,1,1.0,0.056249999999999994,0.0
nexonsupport,1.75,6.0,2.143303524935281,3,0.6666666666666666,-4.3463025,0.5
nglb,0.00325,0.01575,0.004787679500551389,4,0.3333333333333333,-0.024165000000000002,0.3333333333333333
nguyenquocduy,0.3939375,3.2895000000000003,0.937223529688768,7,0.16666666666666666,-2.3279325,0.4444444444444444
nguyenquocviet,0.07984285714285713,0.7875,0.1454188307769589,16,0.2571428571428571,-1.4607674999999998,0.46153846153846156
nguyenquocviet2,0.06358333333333333,0.26849999999999996,0.07966855166877328,5,0.4444444444444444,0.0171675000000001,0.25
nguyenthihanh,0.41685,1.9965,0.8831455252391873,5,0.0,-2.08425,0.5
nguyenthuydung,0.09000000000000001,0.68175,0.17305578167581853,8,0.26666666666666666,-0.6795749999999999,0.7
nicdd00,0.75,0.75,0.0,1,1.0,0.030000000000000002,0.0
nickg1234,0.0073124999999999996,0.04575,0.012203355071454734,2,0.16666666666666666,-0.057405,0.3333333333333333
nicklsw,0.075,0.075,0.0,1,1.0,0.007500000000000001,0.0
nickserafin1,0.25125000000000003,0.375,0.21434128743664854,2,0.6666666666666666,0.07527,1.0
nik094,0.017775,0.02475,0.008746785123689734,10,0.9,0.0251025,1.0
nika2007,0.00075,0.00075,0.0,1,0.0,-0.00075,0.0
nikoniko1991win,0.037875,0.075,0.052502678503101155,1,0.0,-0.07575,0.0
nikos49,0.02625,0.02625,0.0,1,1.0,0.00852,0.0
nimeshparmar,0.10124999999999999,0.15,0.04226035376094242,2,0.0,-0.30374999999999996,0.5
ninuca,0.00075,0.00075,0.0,1,1.0,0.000375,0.0
niruojha,0.076125,0.10725,0.04401739712886259,2,0.0,-0.15225,0.0
nixology,1.3392857142857142,3.75,1.27825215486952,2,0.5714285714285714,-3.25446,0.0
nk240360dlb,0.35058333333333336,3.0,0.9947566206741225,4,0.8888888888888888,1.6887900000000002,1.0
nkm12,8.244375,10.803,3.618442176026861,1,0.0,-16.48875,1.0
noah9,22.5,22.5,0.0,1,1.0,5.625,0.0
nogodiggydie,0.075,0.075,0.0,1,0.0,-0.075,0.0
nomad2,0.125,0.15,0.04330127018922193,2,0.0,-0.375,0.5
nonubabu,0.03,0.0375,0.010606601717798213,1,1.0,0.0039825,0.0
noone,43.0,90.0,31.924520356616167,4,0.5,-96.20559,0.3333333333333333
nosewi,0.006859375000000001,0.03225,0.00634510748236513,10,0.9375,0.007702500000000001,0.0
noseynarwhal,0.005,0.007500000000000001,0.002165063509461097,2,1.0,0.006,0.0
notajew,0.029500000000000002,0.075,0.039411292797877105,2,0.6666666666666666,0.0061424999999999995,0.0
novita1234,0.014416666666666668,0.24000000000000002,0.036332234310595325,21,0.8888888888888888,0.07122750000000001,0.0
novorosrubin,0.0014318181818181819,0.00825,0.002170236906345727,14,0.922077922077922,0.0069075000000000004,0.0
nrebeca,0.004071428571428571,0.03075,0.005780986524357689,12,0.5178571428571429,-0.02179500000000001,0.34615384615384615
ntkmotors,3.75,3.75,0.0,1,0.5,-2.2335975,0.0
numba1,0.01875,0.01875,0.0,2,1.0,0.00027,0.0
nyangod420,0.04125,0.10275,0.04331425862230589,1,0.0,-0.165,0.6666666666666666
o125345,0.10650000000000001,0.10650000000000001,0.0,1,0.0,-0.10650000000000001,0.0
o_gorab_o,0.459375,1.6500000000000001,0.4981998845844909,5,0.125,-1.8105,0.6666666666666666
o_p_,1.2270925925925926,45.0,5.546754925523521,16,0.1728395061728395,-55.0142025,0.4090909090909091
oaa,0.014437499999999999,0.02175,0.00858141159716745,2,0.5,0.043395,0.0
obisnis12,0.05732291666666667,0.27899999999999997,0.054549264423268976,23,0.625,-0.3751049999999999,0.25925925925925924
objetiv,0.007615384615384615,0.048749999999999995,0.00886667440361701,7,0.9230769230769231,-0.018240000000000003,0.0
oblisics,1.49425,2.25,1.2128746070802208,3,1.0,0.6777675,0.0
obutler,0.31875,0.6,0.397747564417433,1,1.0,0.19125,0.0
ogagkah,1.5,1.5,0.0,1,0.0,-1.5,0.0
ohyeah123,0.0011250000000000001,0.0015,0.0005303300858899107,1,0.5,-0.00075,0.0
ojhacw,1.05,2.25,0.6708203932499369,4,0.8,-0.34460250000000003,0.0
okanbey1,0.63275,0.77325,0.22352055274627433,2,0.6666666666666666,0.07002750000000002,1.0
oleg3198,0.0037500000000000003,0.0037500000000000003,0.0,1,1.0,0.000375,0.0
oleg777,0.00075,0.00075,0.0,1,0.5,-0.0006525,0.0
olegoniy,0.75,1.125,0.5303300858899106,2,1.0,0.5061075,0.0
olegotorw12,0.004750000000000001,0.007500000000000001,0.001396424004376894,3,0.8333333333333334,-0.002992500000000001,0.0
olga210,0.01865,0.060000000000000005,0.0167893461116609,7,0.7333333333333333,-0.02886000000000001,0.5
olga54,0.0172875,0.21150000000000002,0.041884439234637014,10,0.675,0.0716625,0.25
olgazed,0.0020833333333333333,0.007500000000000001,0.0017758297859230283,22,0.8055555555555556,-0.011017500000000001,0.14285714285714285
olliharkonen,0.7171875,1.5,0.7329907166021954,1,1.0,0.8696624999999999,0.0
olrus,0.01875,0.01875,0.0,2,0.5,-0.0005625000000000005,0.0
omardoge2,0.007500000000000001,0.007500000000000001,0.0,1,1.0,0.000225,0.0
omggitssjuless,0.075,0.075,0.0,1,0.0,-0.075,0.0
oms4all,1.5150000000000001,3.75,1.722879130989751,4,0.0,-7.575,0.5
on247,2.6965,7.5,4.162848994378729,3,0.3333333333333333,-7.8961575,0.0
onegavon,0.0174375,0.054,0.01646953356092047,2,0.625,0.054457500000000006,0.3333333333333333
onise222,0.10003899082568807,9.719999999999999,0.930462334162078,32,0.6513761467889908,2.020065,0.40540540540540543
op1,0.00975,0.01875,0.005557550146994954,2,0.3333333333333333,-0.025979999999999996,0.25
opana111,0.0011250000000000001,0.0015,0.0005303300858899107,1,0.5,0.0007199999999999999,0.0
opapaa,0.011134615384615385,0.096,0.026231861865355213,6,0.46153846153846156,0.07892249999999999,0.42857142857142855
ordgra,0.007810975609756097,0.048749999999999995,0.008366746023657598,8,0.9512195121951219,0.0195975,0.5
oribello,0.751125,1.5,1.0590691815221516,2,1.0,0.1501875,0.0
orioniscool,0.3525,0.3525,0.0,1,1.0,0.17625,0.0
orlovesky,9.778024390243903,97.5,20.475776229624124,12,0.2682926829268293,69.9190725,0.5
oskarwithak,0.4125,0.75,0.4772970773009196,1,1.0,0.27255,0.0
ost123,2.625,3.75,1.590990257669732,1,1.0,1.4025,0.0
osubucks0012,0.002,0.0037500000000000003,0.0015612494995995998,2,1.0,0.05004000000000001,0.0
osvaldotes,0.36,0.36,0.0,1,1.0,0.0108,0.0
otrebronquita08,0.07425,0.07425,0.0,1,1.0,0.0111375,0.0
overa,0.17923684210526317,2.4,0.4298939664247698,22,0.22807017543859648,-5.34522,0.5813953488372093
oxi,0.0022500000000000003,0.0037500000000000003,0.0010606601717798214,2,0.5,0.002774999999999999,1.0
oznlord,11.625,37.5,17.282577932704367,2,0.75,-35.74035,0.0
pablo_1_01,0.0007500000000000001,0.00075,0.0,2,0.0,-0.0022500000000000003,0.0
padma,0.08590909090909091,0.22499999999999998,0.09433340293390728,4,0.45454545454545453,-0.25074749999999996,0.3333333333333333
pagong99,38.255025,175.524,59.19498865090904,8,0.8,162.7731075,1.0
pakdekita,0.029978571428571427,0.35925,0.06514481524865592,11,0.08571428571428572,-0.9048225000000001,0.3870967741935484
paker77,0.0024375000000000004,0.003,0.00037499999999999985,2,0.25,0.001642499999999999,0.3333333333333333
palashmm1987,6.084375,11.71875,7.9682095404959075,2,0.5,11.4669825,0.0
palbot,0.07671428571428571,0.36,0.13092868833289145,2,0.14285714285714285,-0.40185,0.4
paledot,2.3653125,4.5322499999999994,2.226839411727976,2,0.0,-9.46125,0.3333333333333333
palladin55,0.007500000000000001,0.007500000000000001,0.0,1,0.0,-0.007500000000000001,0.0
panep,0.006083333333333334,0.0195,0.00449920627920716,7,1.0,0.0166425,0.0
panglima,0.501,1.5,0.8651597034652041,2,0.3333333333333333,0.072,1.0
pantyliner69,0.023625,0.04425,0.029168154723945086,1,0.5,-0.0302925,0.0
panzer1902,1.482,3.648,1.9083678890612261,2,0.3333333333333333,-3.621,0.5
papa1a,0.053849999999999995,0.11249999999999999,0.048278683184196314,2,0.8,0.03618,1.0
papai,0.012160714285714287,0.0375,0.01221152007439993,6,0.7857142857142857,-0.006405000000000001,0.0
papermoon,0.3,0.375,0.1299038105676658,3,1.0,0.205125,0.0
pashka75,0.0525,0.075,0.03485685011586675,1,1.0,0.008175,0.0
pasxin,0.215,0.75,0.26856563443597914,4,0.6666666666666666,0.11955000000000002,0.0
pat641,8.25,8.25,0.0,1,1.0,1.5395925000000001,0.0
patrick329ooo,0.12000000000000001,0.12000000000000001,0.0,1,1.0,0.025200000000000004,0.0
patris,0.08981249999999999,0.44999999999999996,0.10965485625361057,3,0.3125,-0.17342999999999997,0.45454545454545453
paulri,0.01015909090909091,0.22725,0.03166300527603228,17,0.8571428571428571,0.10703999999999998,0.36363636363636365
pawani,0.0175,0.030000000000000002,0.0136106575888162,2,0.3333333333333333,0.004574999999999989,0.0
pawsniffer900,0.28155,7.444500000000001,1.1639478675875217,8,0.55,-6.0204675000000005,0.6470588235294118
payboy,0.7622960526315788,22.5,3.6249640081415753,8,0.8421052631578947,3.7211849999999997,0.3333333333333333
payje555,2.748964285714286,15.0,5.57126042259995,3,0.2857142857142857,3.2588250000000003,0.4
peacockers,1.125,1.5,0.5303300858899106,2,0.5,-0.7223024999999998,0.0
peakerport,0.007500000000000001,0.007500000000000001,0.0,1,1.0,0.00045,0.0
peanutbutt,0.055349999999999996,0.3,0.1021925178977684,6,0.8666666666666667,-0.20092499999999996,0.0
pekustyle,8.85,8.85,0.0,1,1.0,3.5128725,0.0
pembo,2.493,3.8939999999999997,1.156039142935913,3,1.0,1.3367850000000001,0.0
pengu1n23x,0.001875,0.003,0.001590990257669732,1,1.0,0.000825,0.0
penguinpuncher,0.3,0.3,0.0,1,1.0,0.15,0.0
pepekora,99.879,196.608,136.7954636747871,1,0.0,-199.758,1.0
percent02,0.06225,0.06225,0.0,1,1.0,0.00522,0.0
perfectobusta,0.252375,0.31125,0.08326182348471599,2,0.5,0.2845574999999999,0.0
period,213.43333333333334,375.0,155.65787353600203,1,0.6666666666666666,-634.0676625,0.0
peterholiday,0.72345,3.4072500000000003,1.500804684161134,2,0.4,-2.77917,0.3333333333333333
petricag,0.0045000000000000005,0.0045000000000000005,0.0,1,0.0,-0.0045000000000000005,0.0
petro1979,2.0625,3.75,2.386485386504598,2,1.0,2.0621775,0.0
phamduyan,0.021750000000000002,0.036000000000000004,0.020152543263816606,1,0.0,-0.043500000000000004,0.0
phex,0.21656250000000002,0.375,0.12747554912609715,3,0.25,-0.6448050000000001,0.5
philvil,0.2136509433962264,5.3999999999999995,0.8040776822457089,23,0.32075471698113206,-2.40828,0.42857142857142855
pingtool,0.21075,0.44999999999999996,0.17295158282016382,3,0.75,-0.16390499999999997,0.0
piotr1987,0.0015,0.0015,0.0,1,1.0,0.0007875000000000001,0.0
pippones,4.156676470588235,21.46725,5.660594428097792,4,0.11764705882352941,-65.923035,0.5
piratsylver,0.12454411764705885,0.64275,0.20336766726359254,8,0.35294117647058826,-1.2309,0.7
pis,0.0044531250000000005,0.0225,0.007242938371268943,4,0.75,0.0078225,0.5
pitbully,12.0,12.0,0.0,1,1.0,1.32,0.0
pix_q,1.35,3.75,1.624807680927192,1,0.75,0.39735750000000003,0.0
pjotter32,0.0183,0.051,0.02445046011836996,2,0.4,-0.026242500000000002,0.0
pjparson,0.00075,0.00075,0.0,1,1.0,0.000765,0.0
pksingh7787,6.3425,10.7775,5.112977972766947,3,0.0,-19.0275,0.5
planet,0.00075,0.00075,0.0,1,1.0,0.00021,0.0
planet2,0.04541666666666667,0.92625,0.17681134013405364,6,0.4074074074074074,0.4649775,0.4
platon1,98.2895892857143,375.0,103.96995627461918,9,0.6428571428571429,128.0561024999999,0.5
playingsafe,0.0375,0.0375,0.0,1,0.0,-0.0375,0.0
plentyofbits,82.4555625,232.5,81.4204968692894,6,0.75,-42.28113750000001,0.5
plzdontbust,0.465375,0.525,0.08432248365649579,1,0.5,0.14343,1.0
pmmebeer,8.625,15.0,9.015611460128481,2,1.0,8.477865,0.0
popcard,4.125,7.5,4.772970773009196,2,1.0,3.3771000000000004,0.0
porshe000,0.4125,0.75,0.4772970773009196,1,1.0,0.01575,0.0
post1,0.025127118644067796,1.53,0.11857220876840742,41,0.7175141242937854,-0.060322500000000015,0.26
poxynotus,0.8375,1.5,0.5620831788979279,3,0.3333333333333333,0.255,1.0
pragna,0.1289590909090909,0.696,0.1495294298082751,11,0.8909090909090909,0.1099725,0.6666666666666666
praveen123,0.007500000000000001,0.007500000000000001,0.0,2,0.0,-0.015000000000000001,0.0
press2,0.4875,0.75,0.37123106012293744,1,0.0,-0.975,0.0
pret,0.75,0.75,0.0,1,1.0,0.7734675,0.0
prialoket,0.013,0.02325,0.010127314550264546,2,0.6666666666666666,-0.020835,0.0
primem78,0.0114,0.05175,0.0225773669855455,2,1.0,0.008265,0.0
primemover,0.011925000000000002,0.048,0.01951746013189216,4,0.9,0.01641,0.0
prince731999,0.013164473684210526,0.1155,0.0266358879726936,16,1.0,0.018097500000000002,0.0
prince73999,0.036375,0.273,0.07589739902375726,7,0.8636363636363636,-0.072165,0.6666666666666666
priteshb5773,0.021,0.021,0.0,1,0.0,-0.021,0.0
probablyme,7.0512,9.9825,3.8053408618676987,2,0.8,-0.7094999999999994,0.0
prof,0.35145000000000004,1.3905,0.5887752223896655,2,0.2,-1.6536825000000002,0.6666666666666666
prof1btcprif,0.15537,0.47550000000000003,0.13562661519775535,9,0.72,0.5252774999999998,0.5714285714285714
prog123,14.934617647058825,262.5,51.08721818657327,20,0.27058823529411763,-11.256772499999991,0.4426229508196721
prophetofdestiny,11.25825,11.25825,0.0,1,1.0,4.8410475,0.0
prosmatec,0.5001875,3.75075,1.0666663400360532,7,0.6666666666666666,0.7562474999999999,0.25
proton77,0.0018000000000000002,0.0045000000000000005,0.0016431676725154984,2,1.0,0.0003825,0.0
ps673,3.000375,6.0,4.242110357033395,2,0.5,-5.9992275,0.0
psycworld,0.006211538461538462,0.03075,0.006078309814613693,6,0.5641025641025641,-0.03519750000000001,0.5294117647058824
puddin,0.06928125,0.12675,0.04298700748482034,4,0.75,-0.023347499999999986,0.5
pure009,1.5,1.5,0.0,1,1.0,0.12228750000000001,0.0
purplejuice,0.036000000000000004,0.036000000000000004,0.0,1,0.0,-0.036000000000000004,0.0
pussydestroyer69,0.27499999999999997,0.44999999999999996,0.1690968657308585,2,0.6666666666666666,-0.27821999999999997,0.0
putakabusta,0.18091666666666667,0.375,0.18486312504120445,4,0.1111111111111111,-1.6199999999999999,0.625
q124354,0.09605769230769229,1.14675,0.31631903320734706,4,0.07692307692307693,-1.2343875,0.5454545454545454
qCrc5u4,30.453658536585365,375.0,63.96436265987189,22,0.4146341463414634,-121.19544000000002,0.43478260869565216
qkrwn121,1.10421,3.75,0.7030628145834482,7,0.72,-1.5643425,0.5714285714285714
qqqqqqqq,0.007500000000000001,0.007500000000000001,0.0,1,1.0,0.0017850000000000001,0.0
queenindira,5.00075,11.25,5.72723770132688,3,0.6666666666666666,15.637417499999998,1.0
quichefan,1.9905000000000002,2.0100000000000002,0.027577164466275457,1,1.0,0.44001,0.0
quierosu07,1.20625,3.3749999999999996,1.265793970202102,3,0.8333333333333334,15.993179999999999,1.0
qvazarr,0.01105,0.1275,0.03228917885962062,9,0.8,-0.1265625,0.5
qwerdf2,0.58275,0.58275,0.0,2,0.5,-0.18356250000000002,0.0
qwerty132,0.0375,0.0375,0.0,1,0.0,-0.0375,0.0
qwiksilwer56,37.5,37.5,0.0,1,1.0,0.75,0.0
r526,0.15,0.15,0.0,1,0.0,-0.15,0.0
raburi10,2.1,3.75,0.8137216091163225,8,0.5,13.221675000000001,0.3333333333333333
ragusarj,0.001875,0.003,0.001590990257669732,1,0.5,0.01137,1.0
raigar777,0.44999999999999996,0.44999999999999996,0.0,1,0.0,-0.44999999999999996,0.0
railsgers,0.012169642857142858,0.1755,0.02671748560812394,12,0.9642857142857143,0.1479375,0.3333333333333333
rajapalak,0.029124999999999998,0.12825,0.032111965197158664,8,0.5,0.18438749999999998,0.8888888888888888
rajeshrajan71,0.011250000000000001,0.015000000000000001,0.005303300858899107,1,1.0,0.0051075,0.0
rajkamal,0.15,0.15,0.0,1,1.0,0.0645525,0.0
rakesora,0.007500000000000001,0.007500000000000001,0.0,1,0.0,-0.007500000000000001,0.0
rambabu,3.88125,7.5,4.179582066427216,4,1.0,2.39208,0.0
ramboh,0.09645000000000001,0.3675,0.1485106056818839,4,0.6,-0.26371500000000003,0.0
ran24jr,0.0022500000000000003,0.0022500000000000003,0.0,1,0.0,-0.0022500000000000003,0.0
randombust12,0.123,0.5985,0.16181517234178014,3,0.18181818181818182,-0.051885000000000014,0.25
rape_inch,0.056249999999999994,0.056249999999999994,0.0,1,1.0,0.0067350000000000005,0.0
raphaelprata,0.010125,0.015000000000000001,0.005921359641163506,1,0.75,-0.01233,0.0
rapidfireman,113.79177272727271,750.0,238.14872060617014,10,0.7272727272727273,699.0984825,1.0
rar1988,0.9468,2.25,1.19305725187436,3,0.4,0.5015474999999999,0.0
ratabat,0.375,0.375,0.0,1,0.0,-0.375,0.0
ravleg,0.017089285714285713,0.075,0.03140670052571724,7,0.5,-0.128655,0.2857142857142857
rawatpolo,0.00075,0.00075,0.0,1,1.0,0.0003975,0.0
raymondrox,1.3875,6.0,2.2722648393178115,1,1.0,2.74173,0.0
rbgusdldl,0.0225,0.0225,0.0,1,0.0,-0.0225,0.0
rbon,0.24028846153846153,1.083,0.3005395988564057,5,0.6923076923076923,0.24828750000000005,0.5
real2100,0.013500000000000002,0.045,0.013356880249519346,15,0.56,-0.00042,0.45454545454545453
reallytrue,1.25,2.25,0.8660254037844386,2,0.6666666666666666,0.27315,0.0
reason,1.9815,3.75,1.5794259241889124,4,0.8,2.2421025,0.0
reborn31,0.006900000000000001,0.01425,0.004512482686947397,3,0.0,-0.0345,0.25
rebus,0.045375,0.093,0.04831342980994001,3,1.0,0.021172499999999997,0.0
reckover,1.1458333333333333,4.8,1.5323592920721953,2,0.4444444444444444,2.4074474999999995,0.75
refclyou,0.00987857142857143,0.06974999999999999,0.012720752415514057,8,0.9428571428571428,0.03732,0.5
regdem,0.006750000000000001,0.0105,0.005303300858899107,1,0.0,-0.013500000000000002,0.0
regulushf,0.375,0.375,0.0,1,1.0,0.030000000000000002,0.0
reitsu26,0.0375,0.0375,0.0,1,0.0,-0.0375,0.0
remorder,0.3,0.3,0.0,1,1.0,0.0654,0.0
renaki,0.0165,0.0165,0.0,1,1.0,0.00165,0.0
renanlynella,0.23875000000000002,0.7492500000000001,0.25807738664981866,6,0.2222222222222222,1.323195,0.8571428571428571
renatopuntocom,0.01125,0.01125,0.0,1,1.0,0.00135,0.0
rene2,0.08362499999999999,0.44999999999999996,0.17989106078402003,4,1.0,0.0178275,0.0
research_XII,0.2859375,0.75,0.3652130123021888,11,0.625,0.8427375000000001,0.08333333333333333
resiize,0.5812499999999999,0.5812499999999999,0.0,1,1.0,0.3443775,0.0
resultgaib,0.00165,0.0022500000000000003,0.00033541019662496855,2,0.2,-0.0035775000000000004,0.0
retired,0.06319999999999999,0.15,0.04063515807067288,7,0.6666666666666666,-0.1575825,0.75
retrofour,0.00075,0.00075,0.0,1,1.0,0.0007575,0.0
reusss,0.8999999999999999,0.8999999999999999,0.0,1,1.0,0.09,0.0
rewer,0.2625,0.375,0.15909902576697318,2,0.0,-0.525,1.0
rezar,0.02025,0.053250000000000006,0.028735866091002028,1,1.0,0.01824,0.0
rhez,0.080625,0.15,0.07177438609977797,2,0.5,-0.26478,0.0
rhynes,0.13124999999999998,0.15,0.026516504294495525,2,0.5,-0.03527999999999999,0.0
rhys57,18.0,22.5,4.782781617427248,3,0.75,72.4063575,1.0
riabkin,0.05922321428571429,0.6749999999999999,0.1550268097973779,8,0.8928571428571429,0.79692,0.3333333333333333
rich1111,0.0018750000000000001,0.0022500000000000003,0.0005303300858899108,1,0.5,-0.0009375,0.0
rickette,90.42083333333332,669.0,146.78456633938453,7,0.7777777777777778,38.44616999999998,1.0
riensieSR,0.21675,0.75,0.30603768150343835,5,0.4,-0.203175,0.5
rikrikrik,1.5,1.5,0.0,1,1.0,0.9594824999999999,0.0
rikso88,0.37171875,1.5,0.5078108379093679,3,0.875,3.5537024999999995,1.0
riptome,0.183375,1.59675,0.41098512922283176,5,0.6428571428571429,-1.8645524999999998,0.4
rique98,3.0,3.0,0.0,1,1.0,3.15,0.0
rithwikgopu,0.15,0.15,0.0,1,0.0,-0.15,0.0
riverbed,0.004375,0.01575,0.005816590116918614,4,0.8888888888888888,0.00726,0.5
rizkiga,0.0022500000000000003,0.0022500000000000003,0.0,1,1.0,0.0060375,0.0
rizkige,0.036642857142857144,0.11249999999999999,0.045192149286605705,3,0.14285714285714285,-0.249045,0.6
rizkigi,0.004125,0.00525,0.0015909902576697321,1,0.5,0.0017174999999999994,0.0
rizkigo,0.02325,0.02325,0.0,1,0.0,-0.02325,0.0
rizkigu,0.00475,0.01275,0.006928203230275509,2,0.0,-0.014249999999999999,0.5
rizkisury4,0.10006666666666666,1.3155,0.2339587752633512,15,0.15555555555555556,6.6524175,0.43243243243243246
rizwan,0.4125,0.75,0.4772970773009196,2,1.0,0.40082249999999997,0.0
rlfrk123,0.007500000000000001,0.007500000000000001,0.0,1,1.0,0.0076275,0.0
rmazzara,0.08221875,0.588,0.15393826887749515,5,0.8125,0.0885075,0.6666666666666666
rmic4,1.2,2.25,1.4849242404917498,2,1.0,0.297,0.0
roNgGoLaWe,0.006500000000000001,0.04125,0.0077335584842469695,18,0.5476190476190477,0.013912499999999993,0.2631578947368421
roadbet,1.45335,25.692,5.749532422293138,4,0.6,-28.99401,0.5
robsny,0.012195652173913041,0.15,0.03143517468553152,5,0.2608695652173913,-0.0664875,0.5882352941176471
robyxkz,0.375,0.375,0.0,1,0.0,-0.375,0.0
robzilla,0.621,0.75,0.20614633758570633,2,0.3333333333333333,-1.00176,0.5
rockoo,0.0185,0.075,0.023319909558533497,5,0.5,0.11429999999999998,0.8333333333333334
rockyroad,0.11249999999999999,0.11249999999999999,0.0,1,1.0,0.11388000000000001,0.0
rodrigos,0.01875,0.01875,0.0,1,1.0,0.0005625000000000001,0.0
rogie07,0.75,0.75,0.0,1,0.0,-0.75,0.0
rohith_neria,0.0375,0.0375,0.0,1,0.0,-0.0375,0.0
rokkpowers,1.9456153846153843,37.248,6.2088508126679605,19,0.48717948717948717,-15.945585,0.47368421052631576
rokshuter,3.75,3.75,0.0,1,1.0,7.678859999999999,0.0
roman761,0.09375,0.09375,0.0,1,0.0,-0.09375,0.0
romanovkipish1,0.0038181818181818182,0.007500000000000001,0.002429225465788708,6,0.09090909090909091,-0.019470000000000005,0.3
romkavoitov,0.04414903846153846,0.315,0.07049249472662182,11,0.5192307692307693,-0.4207425,0.5416666666666666
ronnytga,0.925125,2.25,0.8250591456071498,4,0.8333333333333334,0.3638175,1.0
rony9998,0.0375,0.0375,0.0,1,0.0,-0.0375,0.0
rosenkilde,5.07015,22.5,9.75820674419742,3,0.6,-23.3057625,0.5
rottor29,0.018482142857142857,0.12375,0.02885433220702572,30,0.4387755102040816,-0.13692749999999998,0.3090909090909091
rovaz,0.0028478260869565218,0.056249999999999994,0.007184058305304555,20,0.6521739130434783,0.1356975,0.2916666666666667
rrrrrrrr,0.10241666666666666,0.75,0.19133367066308993,8,0.7222222222222222,1.3229625,0.6
rsf,0.019079268292682926,0.34875,0.06863259154331286,13,0.07317073170731707,-0.59625,0.3783783783783784
rsf3,0.00486,0.07275,0.014271562633432964,9,0.16,0.639165,0.38095238095238093
rtpsquad,70.89999999999999,145.2,69.49410046903262,1,0.6666666666666666,95.625825,0.0
rudelyn,0.0696,0.4995,0.15182506380700123,7,0.3,1.3838100000000002,0.16666666666666666
rudi7834,0.005937500000000001,0.0405,0.011514874273975143,3,0.6666666666666666,0.0013725000000000028,0.3333333333333333
rue,75.0,75.0,0.0,1,1.0,47.1383775,0.0
rugg43,0.01125,0.01125,0.0,1,1.0,0.0043275,0.0
ruka57,0.22499999999999998,0.22499999999999998,0.0,1,1.0,0.073275,0.0
runell,7.508625,15.0,10.594404125822745,2,0.5,1.48275,1.0
runitrightnow,0.1805625,4.71525,0.6810376870019907,13,0.22916666666666666,1.5518399999999997,0.4722222222222222
runitrightnow2,0.0375,0.10275,0.05650940187260877,1,0.0,-0.1125,0.5
ruper,0.001275,0.003,0.0009387491677759293,5,0.8,0.0065325,0.5
rwrig,3.0,3.75,1.0606601717798212,2,1.0,1.8900000000000001,0.0
ryanallen,3.75,3.75,0.0,1,1.0,0.6375,0.0
ryanbautista97,4.70025,5.625,0.8074693105623277,1,0.6666666666666666,-0.27219000000000015,0.0
ryand8,0.0007500000000000001,0.00075,0.0,2,0.0,-0.0022500000000000003,0.0
ryantaenamo,0.075,0.075,0.0,1,1.0,0.0092775,0.0
ryona,0.45,0.75,0.42426406871192857,1,0.5,-0.037500000000000006,1.0
ryosmk,0.0015,0.0015,0.0,1,0.0,-0.0015,0.0
s124354,1.3549772727272729,8.403,2.5696515995717824,3,0.0,-14.904750000000002,0.4
s3cr3t1,0.3104338235294118,5.0325,0.8062756181486472,16,0.5588235294117647,-0.5197350000000001,0.3793103448275862
s3zy,0.22499999999999998,0.22499999999999998,0.0,1,0.0,-0.22499999999999998,0.0
saha1974,0.0017250000000000002,0.0037500000000000003,0.0011752659273543162,5,0.7,0.0019275000000000002,0.6666666666666666
salavatbit,0.375,0.375,0.0,1,1.0,0.075,0.0
salemsale,22.5,22.5,0.0,1,0.0,-22.5,0.0
salongdartist,15.0,15.0,0.0,1,0.0,-15.0,0.0
sam20sam,0.6,0.6,0.0,1,1.0,0.6984825,0.0
sam4u4ever,1.534375,4.5,1.6241879526956906,8,0.6666666666666666,3.476025,0.5
samehere,2.25,2.25,0.0,1,1.0,0.6749999999999999,0.0
samgriff,0.75,0.75,0.0,1,1.0,0.3825,0.0
samoyo,1.05,1.05,0.0,1,0.0,-1.05,0.0
sanio1976,0.061258928571428575,0.5700000000000001,0.1111862277089337,11,0.5714285714285714,0.2632200000000002,0.4166666666666667
saniok999,0.18554347826086956,0.75,0.23088017912896835,4,0.7391304347826086,0.2370375,0.6
sanjiku,0.07525,0.375,0.1485686709908923,2,0.6666666666666666,-0.36363,0.0
sanko11989,0.007500000000000001,0.007500000000000001,0.0,1,1.0,0.00084,0.0
sanorita,0.0037500000000000003,0.0037500000000000003,0.0,1,1.0,0.007597500000000001,0.0
sanya1206,0.045000000000000005,0.12000000000000001,0.0649519052838329,3,0.6666666666666666,0.03996,0.0
sanya58,0.004875000000000001,0.007500000000000001,0.0037123106012293752,1,0.5,-0.006555000000000001,0.0
sanya777,0.016732758620689656,0.08775,0.024729783503262347,8,0.3103448275862069,-0.388455,0.15789473684210525
saqib114,0.1153465909090909,0.531,0.12491723092164297,16,0.4772727272727273,-2.1240674999999998,0.2727272727272727
sarah10,3.08445,7.8165000000000004,4.176864457939712,4,0.4,-15.294645,0.3333333333333333
saree,0.00075,0.00075,0.0,8,0.18181818181818182,-0.0048075,0.0
sarmat545,0.03991525423728814,0.456,0.06249180308609674,11,0.9322033898305084,0.18083249999999998,0.75
sashakinglet,0.00075,0.00075,0.0,1,1.0,0.001155,0.0
sashasas_002,0.0264375,0.22499999999999998,0.06308364982307221,4,0.5833333333333334,0.0561375,0.5
sayar,0.075,0.075,0.0,1,1.0,0.0105,0.0
saymox,0.0015,0.0015,0.0,1,0.0,-0.0015,0.0
scam,0.0007500000000000001,0.00075,0.0,3,0.3333333333333333,-0.000675,0.0
scania,0.11249999999999999,0.15,0.05303300858899107,2,1.0,0.0081525,0.0
scbeachbum,0.2625,0.2625,0.0,1,1.0,0.12337499999999998,0.0
sccot45,1.1875,1.875,0.6584783595532961,3,0.0,-3.5625,0.5
sce919,360.0,360.0,0.0,1,1.0,447.64262999999994,0.0
schlopdog7,0.066375,0.09,0.03341079541106436,1,1.0,0.006637500000000001,0.0
scooper,0.00425,0.006,0.003031088913245535,2,0.3333333333333333,-0.0048825,0.0
scorpions78,0.002,0.003,0.0008660254037844387,2,1.0,0.00612,0.0
scorpuce,0.8310234375000001,22.5,3.9704165075448414,11,0.875,3.5448375,0.5
scuczu,0.2265,0.375,0.14092760299428317,4,0.5,-0.7675875000000001,0.6666666666666666
sdhaliwal,0.26249999999999996,0.3,0.05303300858899109,1,1.0,0.025777500000000002,0.0
sdy7777,2.5124797297297294,122.08575,14.444065488469647,19,0.14864864864864866,-150.8205075,0.4032258064516129
searchthel0ve,0.0405,0.147,0.06116754654226373,2,0.8,-0.0232875,0.0
seem,0.0095,0.01275,0.0056291651245988505,1,0.6666666666666666,-0.0014625,1.0
sega55,0.03870394736842105,0.375,0.0719804744372623,14,0.7368421052631579,-0.22595999999999997,0.4
segajar,0.075,0.075,0.0,1,0.0,-0.075,0.0
segajar1982,0.055125,0.375,0.11453779398085158,8,0.6,0.054307499999999995,0.5
selieltga14,1.5375,3.0,2.0682873349706514,2,1.0,0.1515,0.0
seljalex77,3.75,3.75,0.0,1,0.0,-3.75,0.0
ser7Jg,0.09515625,0.27899999999999997,0.10246331551724114,6,0.5,0.32953499999999997,0.6666666666666666
serega111,0.009000000000000001,0.009000000000000001,0.0,1,1.0,0.009195,0.0
serega6996,0.0011250000000000001,0.0015,0.0005303300858899106,1,1.0,0.00018,0.0
seregaf23,0.11249999999999999,0.15,0.05303300858899107,1,0.0,-0.22499999999999998,0.0
seregass,0.0037875000000000005,0.009000000000000001,0.003496497307456797,4,0.25,0.002197499999999989,0.14285714285714285
serejagans,0.003,0.003,0.0,1,1.0,0.003,0.0
serg2303,0.0007500000000000001,0.00075,0.0,1,0.6666666666666666,-0.00030000000000000003,0.0
serg53,0.039,0.75,0.09395228177112039,26,0.46153846153846156,-0.6147975,0.37142857142857144
serg611,0.38261170212765955,3.75,0.7236773443177504,36,0.5106382978723404,21.6888825,0.4
sergei198723,0.0037500000000000007,0.00825,0.0030000000000000005,3,0.4,0.026797499999999995,0.5
sergunguz,0.039459507042253525,0.6749999999999999,0.09513355038562962,37,0.4154929577464789,-0.7562325,0.43373493975903615
serndippity,0.1565,0.375,0.19485619697612905,2,0.6666666666666666,0.3055125,0.0
sesam,0.9702187499999999,7.574999999999999,2.668897011466066,3,1.0,0.14693250000000002,0.0
setco,0.005318181818181818,0.18225,0.01588699526736498,40,0.6363636363636364,0.08466749999999999,0.23333333333333334
sfast,0.01410096153846154,1.02,0.08237627466753847,29,0.6858974358974359,-0.124095,0.2916666666666667
sh5427,0.40209374999999997,2.4,0.8175415229461261,4,0.625,2.620815,1.0
shado,0.20700000000000002,0.41250000000000003,0.29062088706767103,1,0.0,-0.41400000000000003,0.0
shadowbot,0.75,0.75,0.0,1,1.0,0.1036125,0.0
shaheer1,0.425,0.75,0.30310889132455354,1,1.0,0.1622175,0.0
shamarafixer,0.00075,0.00075,0.0,1,0.0,-0.00075,0.0
shaniaga,0.0015000000000000002,0.0022500000000000003,0.0007500000000000001,2,0.0,-0.0045000000000000005,1.0
shantalming,1.125,1.125,0.0,1,0.5,-0.8776425,0.0
shanz,5.018,15.0,8.644679928285374,2,0.3333333333333333,7.295999999999999,1.0
sharethi,0.010193877551020409,0.22349999999999998,0.03138218980145736,8,0.8775510204081632,0.05649,0.3333333333333333
sharprimage,0.14875,0.38999999999999996,0.16149966137735397,5,0.4444444444444444,-1.1925899999999998,0.25
sharprimagefunds,0.019500000000000003,0.021,0.0021213203435596433,1,0.5,-0.0054,1.0
shashel7,0.015000000000000001,0.015000000000000001,0.0,1,0.0,-0.015000000000000001,0.0
shawnw528,12.98825,37.5,21.227805508047695,2,0.3333333333333333,1.53525,0.0
shee-,0.047499999999999994,0.0525,0.008660254037844387,1,1.0,0.06159,0.0
sheerracing,0.33175,1.875,0.5968951698162752,3,0.2222222222222222,0.033374999999999926,0.5
shekhar282,0.15,0.15,0.0,1,1.0,0.015000000000000001,0.0
shekspir,0.008464285714285714,0.0435,0.015616783553966179,3,0.42857142857142855,-0.016919999999999994,0.6666666666666666
shelma,0.6107142857142858,1.5,0.6486937423997332,6,0.8571428571428571,-0.9916725000000001,0.0
sherstein,1.2693333333333332,7.5,2.4049104095839,2,1.0,3.1959375,0.0
shiela30,0.002375,0.003,0.0005645794895318108,2,0.8333333333333334,-0.0013425000000000004,1.0
shinpogi,0.45721153846153845,2.25,0.6502195450236552,9,0.15384615384615385,-3.8440425000000005,0.4
shmitex,0.0036000000000000003,0.012,0.004695742752749558,2,0.4,-0.011940000000000001,0.0
shon67,0.045000000000000005,0.060000000000000005,0.012990381056766583,3,1.0,0.0167775,0.0
shot_,0.08939285714285715,0.38475,0.09721881156149036,6,0.38095238095238093,0.10788750000000003,0.25
shreya,1.875,3.0,0.75,2,0.5,-1.2020625000000003,0.0
shrooms,0.00075,0.00075,0.0,1,0.0,-0.00075,0.0
shsh,1.3475625,10.5,2.6134199217691747,6,0.6875,-4.541085,0.6
shubham,0.007500000000000001,0.007500000000000001,0.0,1,0.0,-0.007500000000000001,0.0
siadman,0.5625,0.75,0.2651650429449553,2,0.0,-1.125,1.0
siamaks,0.5565,2.25,0.7434609690494856,5,0.9090909090909091,0.030329999999999982,1.0
sidd,3.0,3.75,1.0606601717798212,1,0.5,-2.9598975000000003,0.0
sidik48,0.004227272727272727,0.015000000000000001,0.005483446162604482,3,0.2727272727272727,0.012442499999999999,0.42857142857142855
sile57,0.007500000000000001,0.007500000000000001,0.0,1,1.0,0.0015,0.0
silverrabid,0.75,0.75,0.0,1,0.0,-0.75,0.0
simas,0.007951171875,0.17775,0.020289078619156683,36,0.09375,-0.5923350000000001,0.41739130434782606
simku2300,0.6881360294117647,6.12225,1.2047991452051188,12,0.29411764705882354,6.766499999999998,0.4166666666666667
sin,0.0037500000000000003,0.0045000000000000005,0.0010606601717798216,1,0.0,-0.007500000000000001,1.0
sincorp,0.9931046511627908,18.75,2.829381192984775,8,0.8604651162790697,2.06967,0.16666666666666666
sine730,1.05,1.05,0.0,1,1.0,0.105,0.0
sinertex,0.0245625,0.075,0.03385469871376793,2,0.25,-0.00477,0.5
sintegra,0.00834375,0.13125,0.017554173454817468,8,0.9107142857142857,-0.1405875,0.2
sintez13,0.008499999999999999,0.024,0.0055638341096765275,3,0.8095238095238095,-0.0124725,1.0
sinxmhew,0.22949999999999998,0.375,0.1992517252121045,2,0.4,-6.158268339717665e-17,0.3333333333333333
siro60,1.5899999999999999,1.5899999999999999,0.0,1,1.0,1.6228575,0.0
siroj88,0.00825,0.01575,0.007154544010627093,1,0.0,-0.02475,1.0
sirssmokes,0.45363,2.175,0.4552347958746124,10,1.0,0.36651,0.0
sis30533,3.75,3.75,0.0,1,1.0,4.1683425,0.0
sixdev,0.26849999999999996,0.26849999999999996,0.0,1,0.0,-0.26849999999999996,0.0
sizeopt,0.007254807692307693,0.01875,0.0050074675570433436,9,0.9423076923076923,0.0036749999999999994,0.3333333333333333
sk8,1.5,1.5,0.0,1,1.0,1.6715624999999998,0.0
skalim,0.00075,0.00075,0.0,1,0.0,-0.00075,0.0
skam93,0.0007500000000000001,0.00075,0.0,3,1.0,0.00014250000000000002,0.0
skater24,0.8632500000000001,3.75,1.6210696989179707,4,0.6,1.8744750000000001,1.0
skater25,0.0015,0.0015,0.0,1,0.0,-0.0015,0.0
skiffinpro,0.0022500000000000003,0.0022500000000000003,0.0,1,1.0,0.000225,0.0
skillfaker1,0.625,0.75,0.21650635094610965,2,0.0,-1.875,0.0
skitaila03,0.00075,0.00075,0.0,1,0.0,-0.00075,0.0
sksehsdmfEkfRjdi,3.0,3.0,0.0,1,0.0,-3.0,0.0
skyer,1.3575,7.5,1.9344368825659777,11,0.75,-2.67552,0.5
skyline_king88,0.075,0.075,0.0,2,0.8,-0.051937500000000004,0.0
slammin,0.021403846153846155,0.375,0.07283275626128251,10,0.6923076923076923,-0.3329025,0.375
slapped,0.0198,0.078,0.023146814035629182,2,0.0,-0.198,0.3333333333333333
slavitew,0.04668,0.43724999999999997,0.06991435388526904,31,0.7333333333333333,-1.10994,0.5
slayermetal,0.0045000000000000005,0.0045000000000000005,0.0,1,0.0,-0.0045000000000000005,0.0
sleepor,0.009020833333333334,0.13125,0.021277870378803018,9,0.9166666666666666,-0.1341825,0.0
slepachok,0.6351000000000001,9.216000000000001,2.3739247092104674,10,0.3333333333333333,18.6035775,0.4
slip,0.26437499999999997,0.3,0.05038135815954153,1,1.0,0.17448750000000002,0.0
sliper8888,0.00075,0.00075,0.0,1,0.0,-0.00075,0.0
slon21,0.0019500000000000001,0.012,0.003431848803035552,6,0.8,-0.019695,0.3333333333333333
slothz1,1.125,1.5,0.5303300858899106,1,1.0,2.3625225,0.0
smerfetka118,0.0045000000000000005,0.007500000000000001,0.004242640687119285,1,0.5,-0.0008475000000000001,0.0
smh4671,0.011850000000000003,0.036000000000000004,0.015236264305924863,3,0.8,0.0129525,1.0
smileyjiminez,4.240833333333334,33.75,7.217458575791706,8,0.5925925925925926,-34.190452500000006,0.45454545454545453
sminoffp,0.00175,0.0022500000000000003,0.00043301270189221946,1,0.3333333333333333,0.0023250000000000002,0.0
smvm,0.0060892857142857155,0.0345,0.006198401994242546,7,0.8333333333333334,0.00014999999999999904,0.2857142857142857
snajper,0.01425,0.03975,0.01530318594280289,6,1.0,0.009765,0.0
snajper2,0.0019821428571428572,0.00675,0.001874587866793571,9,0.7142857142857143,-0.0075375,0.5
snock,0.75,0.75,0.0,2,0.0,-1.5,0.0
soap,0.3,0.3,0.0,1,0.0,-0.3,0.0
sofaking,1.4871465517241378,16.776,3.5330900481056804,7,0.5172413793103449,-22.7713875,0.35714285714285715
sofuch,0.012678571428571431,0.12975,0.027476391513303465,16,0.14285714285714285,-0.45611250000000003,0.34285714285714286
soleymansd,0.31799999999999995,0.75,0.2932490409191478,3,0.8,-0.22416,1.0
solo121,0.156,0.7492500000000001,0.26453461493725167,4,0.5714285714285714,0.2069925,1.0
sololife,0.00825,0.00825,0.0,1,1.0,0.00033,0.0
solomon666,0.0015,0.0015,0.0,1,1.0,0.00153,0.0
sonick,0.045,0.045,0.0,1,0.0,-0.045,0.0
sonixxxx,0.09066666666666666,0.75,0.24753762340298902,3,0.5555555555555556,0.8231399999999999,0.3333333333333333
sony_,0.056249999999999994,0.075,0.026516504294495535,1,1.0,0.007125,0.0
sonyama,0.003,0.009000000000000001,0.004015594601052253,1,0.0,-0.012,0.6666666666666666
sortegrande,0.27475,0.81075,0.46419931064145276,2,0.0,-0.82425,0.5
sosaveli,0.13656818181818184,2.25,0.4755346376011337,8,0.8636363636363636,-2.215455,0.3333333333333333
soytthe,0.006845238095238095,0.02625,0.006477695691729767,12,0.9523809523809523,-0.022972499999999996,0.3333333333333333
sparrowbear,7.5,7.5,0.0,1,1.0,7.487205000000001,0.0
spartanshield,0.00525,0.00525,0.0,1,0.0,-0.00525,0.0
speculyant777,0.03746641791044776,1.02675,0.12852366024012726,24,0.7313432835820896,0.06948,0.35294117647058826
spennytimm14,0.075,0.075,0.0,1,1.0,0.078,0.0
spiker42,0.02584090909090909,0.6,0.10418153511310306,7,0.7878787878787878,-0.6352724999999999,0.2857142857142857
spikers13,3.9284999999999997,3.9284999999999997,0.0,1,0.0,-3.9284999999999997,0.0
splargy,0.375,0.375,0.0,1,1.0,0.09375,0.0
spogdna,0.551765625,1.8510000000000002,0.5674692316824324,6,0.6875,1.6815449999999998,1.0
spoor,0.09949999999999999,0.15,0.04465072787760575,3,1.0,0.0414825,0.0
spy,4.5,4.5,0.0,1,1.0,6.8021400000000005,0.0
sqrt,0.1236,0.6165,0.15074232389838535,5,0.8,-0.06952499999999999,0.3333333333333333
squashmaster,0.75,0.75,0.0,1,1.0,0.11249999999999999,0.0
squilliam,5.25,9.0,5.303300858899107,2,1.0,6.4641675,0.0
squirtle21,0.58125,1.125,0.7689786245403705,1,1.0,0.10206749999999999,0.0
sr44,0.0016939655172413795,0.00675,0.0018239651616932767,16,0.603448275862069,-0.03354,0.045454545454545456
srd4,0.003,0.0037500000000000003,0.0010606601717798214,2,0.0,-0.006,0.0
srp1710,0.29425,0.75,0.3968799409141258,2,0.3333333333333333,-0.854205,0.0
ss20,0.004,0.01125,0.004158951189903531,4,0.8888888888888888,-0.00363,0.0
ssb2125,2.4764577464788733,136.875,16.277717714277053,21,0.647887323943662,286.602855,0.48
sshdontthankme,0.016888554216867472,0.81075,0.10339485389765957,17,0.10843373493975904,0.1199775,0.2876712328767123
sss1012,0.020864864864864864,0.903,0.08836736198048836,32,0.6486486486486487,-0.5968875000000001,0.3333333333333333
sstt,0.42724999999999996,0.58275,0.26933390057696044,3,0.3333333333333333,-0.00011249999999995985,0.5
stacksmogin,0.29717307692307693,3.741,1.0348540727673043,6,0.23076923076923078,-3.7998975,0.4
staffika,0.013474137931034484,0.29175,0.05372118599885107,6,0.3103448275862069,0.5339625,0.2631578947368421
stainless88,0.03365,0.23475000000000001,0.057425479660911105,2,0.06666666666666667,-0.4446525,0.5384615384615384
standy89,1.5743152173913042,9.0,3.1389254179805337,8,0.4782608695652174,3.3689475,0.45454545454545453
stanga,0.39632142857142855,1.125,0.39821705876676994,6,0.6190476190476191,-0.35601750000000004,0.2857142857142857
stanislav107,0.321,1.125,0.4555408872977266,4,0.6,0.33531000000000005,0.5
starmaggedon,0.4358653846153846,1.2375,0.4964441855102374,10,0.8461538461538461,-0.03225000000000002,0.0
stas01,0.7034423076923078,7.77675,2.1327638200277192,8,0.3076923076923077,8.82594,0.625
stasis,0.045,0.045,0.0,1,1.0,0.0045000000000000005,0.0
stealthisGates,0.00075,0.00075,0.0,2,0.5,-0.0006225,0.0
steambotvanilla,0.22087500000000002,1.4895,0.4093364433612482,3,0.75,1.9366425,0.0
stefakk,0.00075,0.00075,0.0,1,1.0,0.0001875,0.0
stell4r,0.006310975609756097,0.066,0.008747443506124683,23,0.8617886178861789,-0.04594500000000001,0.23529411764705882
stephenchu888,0.42857142857142855,0.6,0.1922609833384967,4,0.14285714285714285,-2.08548,0.2
steveavramidis2,0.02325,0.02325,0.0,1,1.0,0.035047499999999995,0.0
stevemoley,185.19903,750.0,280.49347766217755,11,0.88,209.5928775,0.6666666666666666
stimorol,0.10928571428571428,0.72,0.26932579514144467,2,0.7142857142857143,-0.707415,0.0
stingrey072,0.011250000000000001,0.015000000000000001,0.005303300858899107,2,0.5,0.0527025,1.0
stitchmark,2.921303571428571,15.0,5.276338796729308,8,0.6428571428571429,-12.797595,0.4
stixzay,0.03975,0.03975,0.0,1,1.0,0.008775,0.0
stop3,0.2904782608695652,6.0344999999999995,1.2560506782467458,13,0.2608695652173913,-6.654285,0.4375
stophard,0.16162500000000002,0.32025000000000003,0.22432962633143222,2,0.5,0.06104999999999999,1.0
storepaypal,0.0045000000000000005,0.009000000000000001,0.0034095454242464643,2,0.5,0.014737499999999999,1.0
stormak,0.015000000000000001,0.015000000000000001,0.0,1,1.0,0.014309999999999998,0.0
storrealba,0.03960267857142857,0.624,0.09416851163528017,12,0.9464285714285714,0.4106625,0.6666666666666666
str9,7.5,7.5,0.0,1,1.0,7.5,0.0
stresmatic,15.14275,27.75,11.000014553967645,1,1.0,77.4488025,0.0
stringesco,0.009,0.04725,0.00863690649747662,8,0.95,0.0027825,0.0
stuballs,0.014284090909090911,0.135,0.029071780566808696,10,0.2727272727272727,-0.08457000000000002,0.3333333333333333
studentASD,0.007500000000000001,0.007500000000000001,0.0,1,1.0,7.500000000000001e-05,0.0
stumpen93,0.75,0.75,0.0,1,1.0,0.22499999999999998,0.0
stunning1337,0.375,0.375,0.0,1,0.0,-0.375,0.0
subotaih,0.030964285714285715,0.060750000000000005,0.021796133339916708,3,0.8571428571428571,-0.055470000000000005,0.0
subsube,12.309,12.309,0.0,1,0.0,-12.309,0.0
sugarrolls,0.0022500000000000003,0.0037500000000000003,0.0021213203435596424,1,1.0,0.001005,0.0
sui_gene_ris,0.72675,1.26825,0.319952496474086,3,0.8181818181818182,-0.9138975000000001,0.0
suk2394715,0.013875,0.02325,0.007758060324591451,2,0.0,-0.0555,0.3333333333333333
sukanobita,0.04305,0.08775,0.02748681502102417,5,0.4,0.14332500000000004,0.3333333333333333
sukumarkutagulla,26.23767857142857,41.66625,19.494504720195234,6,0.2857142857142857,-126.7288125,0.2
suli220390,0.004638888888888889,0.024,0.005440382009588704,7,0.07407407407407407,-0.08934750000000001,0.4166666666666667
sumarial,0.0067800000000000004,0.03675,0.006344015338273144,8,0.94,-0.014782500000000002,0.3333333333333333
sumrak,0.01125,0.01125,0.0,1,1.0,0.00249,0.0
sunaisded,0.75,0.75,0.0,1,1.0,0.1875,0.0
supergreen2016,1.5,1.5,0.0,1,1.0,2.1844575,0.0
supernatural,0.22499999999999998,0.22499999999999998,0.0,1,1.0,0.0315,0.0
suqreme,0.0037500000000000003,0.0037500000000000003,0.0,1,1.0,0.000375,0.0
suri,0.7438691860465116,21.9285,2.898474584797286,12,0.19767441860465115,126.6324975,0.5
susan_4000,0.2878125,0.69375,0.314245748777927,3,1.0,0.11879250000000001,0.0
suzuran,0.9163928571428571,2.25,0.7539561196496403,6,0.42857142857142855,2.835225,0.5
sve,0.000975,0.003,0.0007115124735378854,2,1.0,0.0017850000000000001,0.0
svr712,7.5,7.5,0.0,1,1.0,1.5466425000000001,0.0
swagdudeyolo123,0.2106796875,5.25,0.8669825002224464,25,0.375,7.0395900000000005,0.6410256410256411
swagdudeyolo1234,0.01725,0.03075,0.01909188309203678,1,0.0,-0.0345,1.0
swagdudeyolo223,0.43960714285714286,8.33325,1.8159625074795538,8,0.2857142857142857,0.9790800000000001,0.5714285714285714
swelte99,0.068,0.19125,0.10684890032190318,3,1.0,0.0401775,0.0
swetharichie,0.0021000000000000003,0.007500000000000001,0.0030186917696247164,4,1.0,0.001425,0.0
swiebervos12,0.00075,0.00075,0.0,1,1.0,0.000195,0.0
swiggy,0.056249999999999994,0.075,0.02651650429449553,1,0.5,-0.055725,0.0
swoon1982,0.4125,0.75,0.4772970773009196,2,0.0,-0.825,0.0
synergy,0.1945,0.375,0.16020650735847156,4,0.6666666666666666,-0.32604,1.0
szymko307,0.0031875000000000002,0.0105,0.004875000000000001,2,1.0,0.0007650000000000001,0.0
tahaege,2.3869125,15.0,3.7382975731247323,6,0.85,10.0341825,0.6666666666666666
tailco,0.015208333333333332,0.02625,0.005745362580070172,5,0.9444444444444444,-0.0007950000000000001,0.0
tanlam,0.03825,0.09375,0.027681503300940862,4,0.5555555555555556,0.9235424999999999,0.3333333333333333
tannerl22,0.11249999999999999,0.11249999999999999,0.0,1,0.0,-0.11249999999999999,0.0
tarek22,0.525,0.525,0.0,1,1.0,0.6020625,0.0
tarina,0.07565044247787611,1.344,0.20295458659156357,31,0.3185840707964602,-2.7393525000000003,0.38961038961038963
tasa2991,0.00525,0.007500000000000001,0.0031819805153394643,2,0.5,0.004387499999999999,0.0
tatiana31,0.34171666666666667,7.5,1.2422178486572826,11,0.7333333333333333,-1.0860899999999998,0.18181818181818182
tatjana270707,0.9446151315789474,42.0,4.917528947286567,15,0.868421052631579,6.5727899999999995,0.5
tatrod129,0.007500000000000001,0.007500000000000001,0.0,1,1.0,0.001725,0.0
taurus,0.40499999999999997,0.75,0.216072904363319,5,0.6,0.25431,0.5
tavares321,0.009375000000000001,0.024,0.009826622003516772,1,0.0,-0.037500000000000006,0.3333333333333333
taya201,0.0375,0.0375,0.0,1,1.0,0.008625,0.0
tbid,0.22500000000000003,0.81,0.39,1,0.75,0.4227449999999999,0.0
tcc,166.5,166.5,0.0,1,1.0,1.665,0.0
tchoob,14.375,33.0,16.31285919144771,3,1.0,38.83101,0.0
tehvelvet,0.014,0.0375,0.009479418494823403,2,0.7777777777777778,0.0056775,1.0
telek,0.021735576923076923,0.255,0.04076830797267347,14,0.38461538461538464,-0.7671075,0.46875
telesena,0.059000000000000004,0.1665,0.09312491610734477,1,1.0,0.032557499999999996,0.0
tema1978,0.0375,0.0375,0.0,1,1.0,0.0083925,0.0
tema2802,0.007500000000000001,0.024,0.011022703842524302,2,0.5,-0.023835000000000002,0.0
terco,0.8209883720930233,18.144000000000002,2.806769356413111,13,0.8604651162790697,5.1467925,0.6
terrion,0.75,0.75,0.0,1,0.0,-0.75,0.0
terrion1,0.075,0.075,0.0,1,0.0,-0.075,0.0
terriri,0.6757159090909091,10.530000000000001,1.745429299820319,9,0.25,-21.1081725,0.40625
terriri2,0.38036363636363635,5.7,0.994133613243267,6,0.3333333333333333,19.672605,0.4090909090909091
terriri3,0.09,0.09,0.0,1,0.0,-0.09,0.0
terrormafia,0.0016764705882352942,0.007500000000000001,0.001958085612200315,6,0.7058823529411765,0.0042074999999999994,0.25
terter,0.16725,0.16725,0.0,1,0.0,-0.16725,0.0
testaccount__,0.147,0.147,0.0,1,0.0,-0.147,0.0
tgb123,0.007500000000000001,0.007500000000000001,0.0,1,0.0,-0.007500000000000001,0.0
thajuggla,0.6086874999999999,7.5,1.488319608415302,19,0.5,0.8813175000000001,0.45454545454545453
thanksGOD,0.140625,0.6,0.19687627550607223,6,0.875,0.16734,1.0
tharey,0.009000000000000001,0.009000000000000001,0.0,1,0.0,-0.009000000000000001,0.0
thatboredguy999,0.10641346153846154,0.97275,0.22944757508315153,8,0.3076923076923077,-0.973815,0.35294117647058826
thayanh6789,4.999875,7.5,3.5357106826280345,2,1.0,0.9999525,0.0
the-madman,0.0030000000000000005,0.003,0.0,1,1.0,9e-05,0.0
the_right_way,0.00075,0.00075,0.0,1,0.0,-0.00075,0.0
thebiggestloser,0.0014642857142857144,0.0037500000000000003,0.000730092949072729,6,0.09523809523809523,0.09306,0.1111111111111111
thegamebeoi,0.00966,0.066,0.009834581154603714,11,0.9866666666666667,0.06273,1.0
thehappygamer,0.10822499999999999,0.375,0.1384792628879862,4,0.3,-0.40026000000000006,0.5
theia,0.23484523809523808,5.478,0.6865370564625869,17,0.9523809523809523,1.8605474999999996,0.6666666666666666
theia123,0.04575,0.04575,0.0,1,1.0,0.002745,0.0
themarc15,0.00725,0.01425,0.00606217782649107,2,0.3333333333333333,-0.0175125,0.0
theonlyqman,0.75,0.75,0.0,1,1.0,0.16310249999999998,0.0
therabbit,0.075,0.075,0.0,1,1.0,0.14227499999999998,0.0
theratking,0.018000000000000002,0.018000000000000002,0.0,1,1.0,0.00264,0.0
thermalTP,3.75,7.5,2.669269563007828,4,0.5,0.041092499999999976,1.0
thermian,0.0015,0.0015,0.0,1,0.0,-0.0015,0.0
thewall,44.25,44.25,0.0,1,1.0,16.944757499999998,0.0
thin,0.1269375,0.17625,0.08379299269628696,3,1.0,0.16234500000000002,0.0
thomashook,9.6,11.774999999999999,3.3229316875313577,2,0.3333333333333333,-17.008065,0.5
thukho,0.22392857142857145,1.425,0.5297608877732346,4,0.14285714285714285,-0.1095975,0.6
tiagosantos,4.2562500000000005,8.325000000000001,5.754081431905531,1,0.0,-8.512500000000001,1.0
tie,1.5,1.5,0.0,1,1.0,0.87,0.0
tiit212,0.7599999999999999,2.25,1.2903778516388136,1,0.6666666666666666,0.08285999999999999,0.0
tinhyeu,0.027375,0.04725,0.028107494552165265,1,0.0,-0.05475,0.0
tisevgen,0.016676470588235296,0.078,0.023713419971921088,5,0.29411764705882354,-0.226035,0.4166666666666667
tiuhtiaevs,0.06754687499999999,0.105,0.03561299139710113,4,0.9375,-0.034800000000000005,0.0
tjmo1995,0.0012000000000000001,0.003,0.0010062305898749053,2,0.2,0.0030149999999999995,0.0
tl35725,0.9951982758620688,18.791999999999998,3.4834606845749043,14,0.27586206896551724,-22.0127325,0.5
tlaelel,4.796688829787234,375.0,38.7775450038956,18,0.2765957446808511,42.940867499999996,0.4925373134328358
tntndsrpn,0.0225,0.0225,0.0,1,0.0,-0.0225,0.0
to0657,3.375,4.5,1.590990257669732,2,1.0,0.9283725,0.0
tolkach03,0.0055000000000000005,0.024,0.009303225247192503,5,0.3333333333333333,-0.019875,0.3333333333333333
tomboy1990,93.75,172.5,111.36931803688124,1,0.5,28.785615,1.0
tomminer,2.9119687499999998,17.5875,4.524632102620334,25,0.55,-37.2731025,0.2222222222222222
tomxto,0.01525,0.02025,0.004415880433163923,2,1.0,0.0130725,0.0
toni12565,0.00125,0.0015,0.0004330127018922193,1,0.6666666666666666,0.0022949999999999993,1.0
tonifletcher4,0.8182499999999999,0.8182499999999999,0.0,1,0.0,-0.8182499999999999,0.0
tonna1945,0.006362068965517242,0.048,0.011336490191069578,7,0.6551724137931034,0.08510250000000001,0.5
tori9,0.0795,0.40049999999999997,0.15761852682981148,3,0.16666666666666666,-0.4572,0.5
toribio71518,1.875,1.875,0.0,1,1.0,0.0375,0.0
torin,1.662625,3.75,1.8237156696563201,5,0.6666666666666666,0.05288999999999994,1.0
totempole,54.37725,54.37725,0.0,1,0.0,-54.37725,0.0
toughtuna69,0.037875,0.075,0.04286825748732971,2,0.75,0.015345000000000001,0.0
toysstewart,0.017990853658536587,0.3825,0.0572570342479176,14,0.926829268292683,0.23993250000000002,0.6666666666666666
traf353,0.11102142857142856,2.4,0.40041660920142874,10,0.6,2.8629300000000004,0.7142857142857143
trailerparkboy,0.0375,0.0375,0.0,1,1.0,0.009000000000000001,0.0
tramponet,0.015000000000000001,0.015000000000000001,0.0,1,1.0,0.0015,0.0
tranhaop,1.5,1.5,0.0,1,1.0,0.15,0.0
trannam,1.95,3.0,1.307669683062202,1,0.5,-1.0832175,0.5
traplord123,0.375,0.375,0.0,1,1.0,0.38625000000000004,0.0
trial012,0.007,0.0135,0.005034878350069642,3,0.5,0.0005924999999999988,0.3333333333333333
tribaltimmy,0.6660441176470587,7.950749999999999,1.5710650188484239,15,0.5,2.9736375000000006,0.5882352941176471
tribequest952,0.0105,0.015000000000000001,0.006363961030678929,2,0.5,0.03930000000000001,0.0
trillphil3,0.10493181818181818,1.2,0.2246150115399478,8,0.36363636363636365,0.47861249999999994,0.25
trippy,0.375,0.44999999999999996,0.07499999999999997,2,1.0,0.60519,0.0
trondito,0.5625,0.75,0.2651650429449553,2,0.0,-1.125,0.0
trongbinh,100.4971875,375.0,183.4333544005578,2,0.25,-10.138934999999998,1.0
trongtan,0.24300000000000002,0.24300000000000002,0.0,1,0.0,-0.24300000000000002,0.0
trueeasy,0.11508928571428571,0.732,0.17155327713162258,9,0.23809523809523808,-1.3134599999999998,0.5161290322580645
tryu,1.125,1.5,0.5303300858899106,1,1.0,0.43920000000000003,0.0
tsbbld,0.48600000000000004,0.48600000000000004,0.0,1,0.0,-0.48600000000000004,0.0
tsbhd,0.8622421875,12.0,2.131591218531561,6,0.90625,4.772670000000001,0.3333333333333333
tsp0658,0.003032142857142857,0.036000000000000004,0.005676662341694712,17,0.8142857142857143,-0.0100275,0.07692307692307693
tt1413143,0.036000000000000004,0.060000000000000005,0.022748626332154655,1,0.6,0.0311775,0.5
tt33lv,0.04395,0.15,0.06025632746857379,1,0.8,0.013822500000000001,1.0
tttrung,0.018375,0.0615,0.021412467162846973,1,0.16666666666666666,-0.072315,0.5
tuner1,0.10125,0.50925,0.20000462494652466,3,1.0,0.036359999999999996,0.0
tuoi12,37.5,37.5,0.0,1,1.0,6.8432475,0.0
turbodizel,0.00140625,0.0037500000000000003,0.0012315604213470695,4,0.875,-0.00081,0.0
turtleguardian96,0.0015,0.0015,0.0,1,1.0,0.000195,0.0
tuttibien,0.0025,0.009000000000000001,0.0023134979419210055,3,0.08333333333333333,-0.022485,0.4
tvvmf789,2.25,2.25,0.0,1,1.0,0.135,0.0
twenty2,0.816375,1.55775,1.0484625798043534,2,0.5,0.010455000000000006,1.0
twotwok,0.006583333333333333,0.01575,0.003984344362627307,7,0.8888888888888888,-0.013290000000000001,0.2
tyfgo,0.981,0.981,0.0,1,1.0,0.01962,0.0
typhusg,7.340625,15.0,6.090595337280257,2,1.0,1.3137525,0.0
tyrone1,0.846375,2.1105,0.8783379546051736,4,0.5,1.140285,1.0
tytyhkin,0.1951875,0.75,0.36993599530864796,3,0.25,-0.779145,0.0
ubersaki,0.099375,0.75,0.262900103244016,7,0.125,0.029999999999999995,0.7142857142857143
ubicute,1.0168125000000001,9.75,2.1015475708887323,10,0.9285714285714286,2.717445,1.0
ubite,0.047464285714285716,0.375,0.08611559403333573,6,0.5238095238095238,-0.3256575,0.3333333333333333
udacha135,4.5,4.5,0.0,1,0.0,-4.5,0.0
ughfuckthis,0.17174999999999999,0.3105,0.13439447533287965,3,0.8333333333333334,-4.499999999999643e-05,0.0
ugneri,0.01480985915492958,0.1665,0.030704683937376152,18,0.7183098591549296,0.09276,0.47368421052631576
uiucwarrior,0.6,0.6,0.0,1,0.0,-0.6,0.0
ujan14,0.76185,3.75,1.6704519186435747,3,0.6,0.5698425,1.0
ujfhvcidfhi,0.00075,0.00075,0.0,1,0.0,-0.00075,0.0
ukrop174,0.00075,0.00075,0.0,1,1.0,0.0015225,0.0
unbenchablebeast,0.0675,0.18,0.06037383539249432,1,0.5,-0.04175999999999998,0.6666666666666666
uncleputin,2.6270000000000002,5.3565,2.3638507249824383,3,0.3333333333333333,-5.95677,0.5
unique,0.0027500000000000003,0.0037500000000000003,0.0011456439237389603,1,0.0,-0.00825,0.5
unknownunknown,0.316875,7.5,1.5300144820286479,8,0.3333333333333333,2.458155,0.5
unlost,0.74625,2.25,0.6887862966842473,4,0.7142857142857143,-0.03579749999999987,1.0
unmaskedd,1.5,1.5,0.0,1,1.0,0.075,0.0
untunghornet,0.0071875,0.04125,0.011581296147432956,3,0.5,0.1056,0.5
upupandaway,5.0,7.5,2.165063509461097,2,0.6666666666666666,-4.81314,0.0
urafuckingqueer,7.677857142857143,37.5,13.239795257305046,7,0.7142857142857143,-32.92986749999999,0.0
urf9875,0.00075,0.00075,0.0,1,1.0,0.0001875,0.0
urix93,0.07781249999999999,0.22499999999999998,0.09975164472328261,2,1.0,0.048495,0.0
user1111,0.75,0.75,0.0,1,1.0,0.0375,0.0
user1114,0.5549999999999999,1.5,0.5967097284274826,2,1.0,0.11892,0.0
user1115,0.007500000000000001,0.007500000000000001,0.0,1,1.0,0.0008324999999999999,0.0
user4000,1.9354500000000001,7.5,3.1399958817648153,4,0.6,-1.02576,0.5
user6969,0.75,0.75,0.0,1,1.0,0.0924675,0.0
user74,2.6114386363636366,63.75000000000001,8.89288485522999,35,0.7545454545454545,10.54143,0.3333333333333333
user9099,0.22799999999999998,0.75,0.2972498948696198,4,0.6,-0.2877375000000001,0.0
userget,0.00075,0.00075,0.0,1,1.0,0.0053025,0.0
userhaxk,0.22785,1.458,0.40444739119121453,7,0.43333333333333335,1.5337800000000001,0.4117647058823529
username_sucks,0.007446428571428572,0.02175,0.007292104905721252,2,0.6428571428571429,-0.013739999999999999,0.4
uspeh13777,3.36015,7.5,3.7984194229310697,4,0.6,8.45136,0.0
v163va,1.5348136363636367,82.614,11.13544747706144,12,0.9272727272727272,20.271885,0.25
vXbNrnLG,0.00075,0.00075,0.0,1,1.0,3.7500000000000003e-05,0.0
vaaadooo,0.0037500000000000003,0.0037500000000000003,0.0,1,1.0,0.0038325,0.0
vadim777,0.4821,1.12725,0.5088658529023146,2,0.8,0.09505499999999999,1.0
vaiperboy,1.40625,1.875,0.5610397713175065,8,0.4,-4.601249999999999,0.6
vaksamen,1.8939375000000003,6.375000000000001,3.0311647127177044,2,1.0,1.5982574999999999,0.0
valent9631,0.0375,0.0375,0.0,1,1.0,0.0037500000000000003,0.0
validool,6.0,6.0,0.0,1,1.0,14.6448975,0.0
vandana,7.73175,37.5,16.64310507575134,3,1.0,3.64515,0.0
vaner1111,0.075,0.075,0.0,1,1.0,0.00075,0.0
vano27041,0.04125,0.075,0.03697127263159871,5,0.6666666666666666,0.250365,0.0
vapedouche,0.71525,1.7249999999999999,0.8898301453086426,3,1.0,0.48006,0.0
vas9n14,0.002175,0.00825,0.002679785439172323,5,0.3,-0.017040000000000003,0.3333333333333333
vattog,0.09285,0.375,0.15791409848395424,4,0.4,-0.4116,0.3333333333333333
vbond,2.002125,15.0,3.3090230357150516,16,0.6363636363636364,19.58208,0.5
vcjr,0.53025,0.53025,0.0,1,1.0,0.0689325,0.0
vdm_01,0.0036923076923076922,0.0225,0.0058693712807053895,5,0.23076923076923078,-0.026985,0.3333333333333333
vdm_02,0.0015,0.0015,0.0,2,0.0,-0.003,0.0
vdm_03,0.0765,0.0765,0.0,1,1.0,0.2764125,0.0
ved,5.889375,11.66625,8.169734973134073,1,0.5,1.5207749999999998,0.0
vegashf,0.075,0.075,0.0,1,1.0,0.0651525,0.0
veilcrypt,0.015000000000000001,0.015000000000000001,0.0,1,0.0,-0.015000000000000001,0.0
venum1ze,1.76859375,7.5,2.4601159741009746,4,0.0,-14.14875,0.5714285714285714
venum1zed,0.016875,0.018000000000000002,0.0015909902576697332,1,0.5,0.0034725,0.0
verylucky1,3.9165,3.9165,0.0,1,0.0,-3.9165,0.0
verzila1510,0.0045,0.024,0.008616843969807043,4,0.42857142857142855,0.018637499999999998,0.75
veter_peremen,9.855,10.5,0.9121677477306476,2,0.0,-19.71,1.0
veterinar,0.0020833333333333337,0.0045000000000000005,0.001286953767623375,5,0.0,-0.018750000000000003,0.375
viakapt,0.0031805555555555554,0.075,0.010484761703893003,22,0.9259259259259259,0.0119475,0.0
vickram316,0.75,0.75,0.0,1,0.5,-0.3522825,0.0
vicks1990,0.012170886075949367,0.768,0.0862446444296372,14,0.5569620253164557,0.86619,0.3142857142857143
victor95pc,0.018589285714285714,0.0795,0.022314967196682387,5,0.21428571428571427,-0.1162125,0.4
viktorr,0.0063750000000000005,0.00675,0.0005303300858899108,1,0.0,-0.012750000000000001,0.0
vikusik,0.00075,0.00075,0.0,1,0.0,-0.00075,0.0
vikvod,0.74375,3.75,1.4777886773825275,3,0.8333333333333334,0.3594,1.0
villezzaioboi,1.125,1.5,0.5303300858899106,1,0.0,-2.25,1.0
vimalraj,0.15,0.15,0.0,1,1.0,0.0836925,0.0
violet989898,0.014775,0.0375,0.012708510927720839,2,0.9,-0.009884999999999996,0.0
vip8026,1.6875,3.75,1.4197270864500684,1,0.5,7.59396,0.5
vishu1,52.50000000000001,52.50000000000001,0.0,1,1.0,1.575,0.0
vitaha,0.006375,0.048,0.012638368778628648,6,0.5,-0.060615,0.2857142857142857
vitaminabc,0.006014423076923078,0.048749999999999995,0.00981762788598612,18,0.5192307692307693,-0.1261575,0.32
vitank,0.09543750000000001,0.29925,0.13605886823357013,2,0.75,-0.21243,0.0
vitlyak,0.00975,0.029249999999999998,0.010062305898749053,2,0.42857142857142855,-0.027479999999999997,0.25
vitya1982,0.075,0.075,0.0,1,1.0,0.009097500000000001,0.0
vitya21,0.0011250000000000001,0.0015,0.0005303300858899106,1,1.0,3.7500000000000003e-05,0.0
vividsoft,15.264926470588236,111.75,30.82242385965288,5,0.11764705882352941,-129.780975,0.6428571428571429
vlad19561960,0.1875,0.3,0.13520817282989958,3,1.0,0.18136500000000003,0.0
vladchapko,0.0022500000000000003,0.0022500000000000003,0.0,1,0.6666666666666666,0.00047999999999999996,0.0
vlasenko55,2.25,2.25,0.0,1,0.0,-2.25,0.0
voevoda,0.007500000000000001,0.007500000000000001,0.0,3,0.0,-0.12000000000000001,0.0
vogesen,0.03261,0.075,0.013766671711056378,6,0.96,-0.019462499999999997,0.0
vohag,8.624608695652173,75.0,16.389456807243853,10,0.9130434782608695,85.106775,0.0
vorodmit,0.02305327868852459,0.75,0.10549951732466696,12,0.11475409836065574,0.20841,0.42592592592592593
vortonic,0.3781875,1.6409999999999998,0.42814791488366577,12,0.775,-2.3098275,0.4444444444444444
vovaldo5566,0.052599999999999994,0.75,0.19293915121464741,4,0.8,0.11690249999999999,0.6666666666666666
vovan1983,0.0309375,0.192,0.06527985770073776,3,0.875,0.2179875,0.0
vovik2925,0.010125,0.01125,0.0015909902576697308,2,0.5,-0.00855,1.0
vsvlv,0.06108333333333334,0.648,0.08822690916041433,25,0.8888888888888888,-0.02187000000000008,0.7777777777777778
vtx2s,0.0063750000000000005,0.012,0.007954951288348661,1,0.5,-0.01122,0.0
vvlong1,0.06778125,0.22725,0.08010009781294189,3,0.125,-0.30537000000000003,0.8333333333333334
vyankatesh,0.11249999999999999,0.15,0.05303300858899107,1,1.0,0.07623750000000001,0.0
w0lfphp,0.6,0.6,0.0,1,1.0,0.291645,0.0
wBkDp7uPoh6,1.875,3.0,1.590990257669732,1,1.0,1.125,0.0
wacko60,1.6338,9.166500000000001,2.5353758504657646,5,0.72,6.316755000000001,0.3333333333333333
wade,97.5,112.5,21.213203435596427,2,0.0,-195.0,0.0
waffleater,12.5,22.5,8.660254037844387,2,0.6666666666666666,2.564992499999999,1.0
waka,0.7739999999999999,0.7739999999999999,0.0,1,1.0,0.52632,0.0
walkingdeath,28.75,75.0,40.0975373308636,3,1.0,6.4493925,0.0
wanks,0.153,0.3075,0.10614553688215063,3,0.6,-0.2951025,0.0
wanks99,0.007500000000000001,0.007500000000000001,0.0,1,1.0,0.0039000000000000003,0.0
wapak,0.005625000000000001,0.007500000000000001,0.0026516504294495534,2,0.5,-0.0026325000000000003,1.0
waqarahmed5240,0.0010714285714285715,0.003,0.0008504200642707613,3,0.2857142857142857,-0.0030074999999999998,0.2
war3d,20.9055,69.6,25.728927095477083,7,0.6666666666666666,34.878105,0.6666666666666666
warfolomey,1.5,1.5,0.0,1,1.0,0.19499999999999998,0.0
warned,0.75,0.75,0.0,1,0.0,-0.75,0.0
waseem123,0.076625,0.375,0.14903269356084256,5,0.3333333333333333,0.38634,0.6666666666666666
wasp1,0.00075,0.00075,0.0,2,1.0,0.00030000000000000003,0.0
wassi,0.909,0.909,0.0,1,0.0,-0.909,0.0
watchmegamble,3.75,3.75,0.0,2,1.0,5.167034999999999,0.0
water6041,0.006,0.03075,0.007919517030728579,4,0.5384615384615384,-0.042915,0.16666666666666666
wavy2,0.002823529411764706,0.01875,0.004312739763155885,3,0.4117647058823529,0.005445000000000002,0.2222222222222222
wazzap,9.75,9.75,0.0,1,0.0,-9.75,0.0
weexay,0.01425,0.07200000000000001,0.02200284072568813,5,0.0625,-0.01736250000000003,0.35714285714285715
wesam100,14.0,67.5,19.429944088255304,5,0.5,21.077115000000006,0.6666666666666666
wetback,0.8647499999999999,0.8647499999999999,0.0,1,1.0,0.24055500000000002,0.0
what_the_doctor,1.9760624999999998,4.8,1.9844878471850111,2,0.5,-5.128379999999999,0.0
whatsanoption,0.0037500000000000003,0.0037500000000000003,0.0,1,1.0,0.015105,0.0
whddhks817,12.77525,78.1785,20.418518033084837,26,0.47368421052631576,9.164452500000017,0.4666666666666667
whitemonarch,1.5,1.5,0.0,1,1.0,0.15,0.0
willypablo76,0.041624999999999995,0.075,0.04719937764420205,1,0.0,-0.08324999999999999,1.0
win-won,3.2000625,43.52175,9.271682447163602,11,0.5357142857142857,71.6044725,0.4166666666666667
windex,0.00075,0.00075,0.0,2,0.06666666666666667,-0.00885,0.0
wine,17.5,22.5,4.330127018922194,1,1.0,2.53182,0.0
wine4me,0.0015,0.0015,0.0,1,1.0,0.0015374999999999998,0.0
winersd,0.71925,0.71925,0.0,1,1.0,0.08631,0.0
winnerbtk,0.0007500000000000001,0.00075,0.0,3,1.0,0.0006749999999999999,0.0
winningsBETLUCK,2.0,3.75,1.5612494995995996,2,0.6666666666666666,4.76283,0.0
winta94,0.22524999999999998,0.6,0.32665951310194535,2,1.0,0.08093249999999999,0.0
winwinwin,4.16625,4.16625,0.0,1,0.0,-4.16625,0.0
wjsdudrb,2.25,2.25,0.0,1,1.0,0.44999999999999996,0.0
wnsduq3004,31.5,75.0,37.6408631891592,3,0.5,58.3725,1.0
wolf17,0.007500000000000001,0.007500000000000001,0.0,1,1.0,0.003922500000000001,0.0
wolfpack8,0.091875,0.15,0.08220116331293614,1,1.0,0.07905,0.0
wolfy9,0.28523414634146343,1.1715,0.2625642989502071,40,0.7609756097560976,2.931015,0.5510204081632653
wolskip,0.15,0.15,0.0,1,0.6666666666666666,-0.132075,0.0
wonkeymonkey,3.1437142857142857,15.0,4.6813803401652505,11,0.7142857142857143,-2.9579625,0.5
wormik358,0.007875,0.0225,0.010256095748383006,1,1.0,0.000315,0.0
wqeqwfsd2,0.30217499999999997,0.768,0.25195744928459646,3,0.6,0.7652475,0.3333333333333333
wqeqwfsd3,0.5282368421052631,3.75,0.9156118762501383,10,0.5,-4.524030000000001,0.5263157894736842
wzards101,1.5,1.5,0.0,1,1.0,3.3640125000000007,0.0
x3422,0.03225,0.045,0.01803122292025696,2,1.0,0.002895,0.0
x9229k,0.02936881188118812,1.233,0.125041611044381,18,0.7920792079207921,0.26397,0.45
xDirectVelocity,0.02175,0.02175,0.0,1,1.0,0.0053475,0.0
xGRAFx,0.0035,0.009000000000000001,0.004763139720814413,1,1.0,0.0037575,0.0
xGRANDx,0.020569148936170213,0.075,0.019526160136973347,18,0.7659574468085106,-0.017520000000000004,0.09090909090909091
xJIMx,0.006142857142857143,0.01725,0.003937457482763647,9,0.7619047619047619,0.004477499999999998,0.5
xKasperke,0.22499999999999998,0.22499999999999998,0.0,1,1.0,0.086475,0.0
xNULL,0.00075,0.00075,0.0,2,0.0,-0.0015,0.0
xaier,0.00825,0.030000000000000002,0.011423659658795863,5,0.6666666666666666,-0.010875000000000003,0.0
xandrekovic,0.03439285714285715,0.075,0.026893639715420768,2,0.0,-0.24075000000000002,0.3333333333333333
xanman123,0.525,0.525,0.0,1,0.0,-0.525,0.0
xara99999,0.375,0.375,0.0,1,1.0,0.14145,0.0
xblindeyex,0.075,0.075,0.0,2,0.6,-0.08109749999999999,0.0
xc23,0.0030821917808219177,0.060750000000000005,0.009829453224108222,16,0.7123287671232876,-0.017332500000000004,0.38095238095238093
xhendrole,0.15,0.15,0.0,1,0.0,-0.3,0.0
xhorntail,0.0276875,0.099,0.033385851147127915,3,0.4166666666666667,0.209805,0.7142857142857143
xing,0.022500000000000003,0.030000000000000002,0.010606601717798213,2,1.0,0.0459225,0.0
xopek33,0.07793877551020408,0.7380000000000001,0.13859252699922675,38,0.5357142857142857,2.0439,0.43956043956043955
xork,0.014558219178082192,0.47925,0.056296485738515235,14,0.0273972602739726,-0.8447475,0.4
xperion77,5.2761,66.741,13.499775365085101,13,0.36666666666666664,52.417215,0.5
xpos,0.022067796610169492,0.2625,0.03706956503599577,13,0.8813559322033898,0.07190250000000001,0.42857142857142855
xpos2,0.017499999999999998,0.01875,0.0021650635094610953,1,1.0,0.0093375,0.0
xpose3,0.0037500000000000003,0.0037500000000000003,0.0,1,1.0,0.000375,0.0
xrnath,0.11379343220338983,5.166,0.38693484451970606,41,0.9279661016949152,1.2028050000000001,0.47058823529411764
xtrevader2,1.687875,4.1625000000000005,1.002902740174739,8,0.6,-2.3754375000000003,0.3333333333333333
xtrevaderlord,2.055,4.1625000000000005,1.2393168481062462,4,0.6,-3.5019600000000004,0.5
xunin,0.006952702702702704,0.0615,0.010064865635976979,7,0.9459459459459459,0.0252225,0.0
xupapls69,11.25,11.25,0.0,1,0.0,-11.25,0.0
xuzie,0.031083333333333334,0.06825,0.03090534945604078,3,1.0,0.0532575,0.0
xwg227,1.875,1.875,0.0,1,1.0,0.76875,0.0
xxx12,0.006,0.00975,0.005303300858899107,2,0.5,-0.009525,0.0
xxx8,0.0074062500000000005,0.048,0.01642892565611902,3,0.375,-0.0471,0.25
xxxx74,0.16897500000000001,0.75,0.2691874463083299,5,0.4,-0.5985075000000001,0.2
xylitol,0.4215,2.4299999999999997,0.743888474504075,5,1.0,0.6339075,0.0
xylitol_bot,0.4339625,4.05,0.7348800718268392,13,0.6333333333333333,-3.6711750000000003,0.6818181818181818
yago,0.253875,1.5,0.6104877916469746,4,0.16666666666666666,6.101827500000001,0.4
yaha4erevato,0.0373125,0.03975,0.0034301056835030603,3,0.75,-0.0317775,1.0
yaros13,0.02,0.030000000000000002,0.005123475382979799,3,0.5,0.009937499999999995,0.0
yarrum3,0.066,0.066,0.0,1,1.0,0.0132,0.0
yawron,162.75,162.75,0.0,1,1.0,1.6275,0.0
yaymes,0.010875000000000001,0.0135,0.0019413268658317175,1,1.0,0.0039375,0.0
yeahman,0.15,0.15,0.0,1,0.0,-0.15,0.0
yfnfifyfif,0.00938125,0.384,0.04011311425705015,27,0.55,0.73368,0.3148148148148148
yhazy,0.75,0.75,0.0,1,1.0,0.135,0.0
yhh1109,0.00075,0.00075,0.0,1,0.0,-0.00075,0.0
yipp,0.007500000000000001,0.007500000000000001,0.0,1,0.0,-0.007500000000000001,0.0
ylgv,0.0015,0.0015,0.0,1,0.0,-0.0015,0.0
yohanh11,0.028096153846153847,0.30525,0.08357684453428291,5,0.5384615384615384,0.7251225000000001,0.6666666666666666
yoloallin,1.0718333333333332,16.161,3.7830487870235037,5,0.1111111111111111,-18.0304875,0.5333333333333333
yomamadoe666,3.6037500000000002,7.3815,2.82057507434211,3,0.7142857142857143,0.35147250000000074,0.5
yomamadoe6969,14.769749999999998,14.769749999999998,0.0,1,0.0,-14.769749999999998,0.0
yong,0.7548629032258064,22.5,3.1352111675153145,13,0.1774193548387097,-5.698829999999999,0.48
youronly999,0.0015,0.007500000000000001,0.0022500000000000003,3,0.6666666666666666,-0.0063525,0.0
yourtimeup,0.05527941176470588,0.975,0.16630173795883293,17,0.6470588235294118,-0.38853,0.36363636363636365
yoyong32,0.4125,0.44999999999999996,0.053033008588991036,1,0.5,1.4774100000000001,0.0
ypiter37,0.0022500000000000003,0.0022500000000000003,0.0,1,1.0,0.0018525,0.0
yudzhin,307.5,307.5,0.0,1,0.0,-307.5,0.0
yuna,0.0354375,0.054,0.016718720794367013,2,0.0,-0.14175,0.3333333333333333
yungSkizzert,0.10825,0.264,0.09658144231683434,2,0.3333333333333333,-0.5037825,0.3333333333333333
yungbbank,0.00075,0.00075,0.0,1,1.0,0.00017250000000000002,0.0
yura88,0.045338709677419355,0.3,0.06340342223896833,13,0.9032258064516129,0.049439999999999984,0.0
yuri159,1.2921964285714285,6.0,1.7050874897995354,9,0.8571428571428571,0.7165275,0.5
yurkaz,0.0195,0.060000000000000005,0.02003122562401013,4,0.42857142857142855,0.0610875,0.25
yusk68,0.6855548780487805,15.0,2.5761152005686023,20,0.6097560975609756,3.6851024999999997,0.6
yusuf,0.21096428571428572,2.03625,0.5319985256734094,4,0.07142857142857142,-2.88141,0.5
yuval123,0.5625,0.75,0.2651650429449553,1,0.5,0.37988999999999995,1.0
yuze777999,0.6941440677966102,10.926,1.9501029350613504,16,0.5084745762711864,1.6631325000000001,0.41379310344827586
z1yu,0.3,0.75,0.3897114317029974,3,0.6666666666666666,-0.73245,0.0
z3MzPunHDvq,4.3575,18.75,8.06225581025559,2,1.0,6.53535,0.0
zKevo,0.5625,0.75,0.2651650429449553,1,0.0,-1.125,0.0
zMMz,1.5,1.5,0.0,1,1.0,0.6,0.0
zabby,137.595525,741.4282499999999,168.6116408924017,19,0.7666666666666667,131.55483,0.5
zach719,0.0225,0.0225,0.0,1,0.0,-0.0225,0.0
zachs1,0.12175,0.3,0.11417256675751841,3,0.7777777777777778,0.3545025,0.5
zafizzle,0.376125,0.75,0.528739095632241,2,0.0,-0.75225,0.0
zaheerrana,3.884,15.0,6.716509899290906,6,0.75,3.6640574999999997,0.0
zaim,0.3048529411764706,1.5,0.3771402161624491,12,0.7058823529411765,-1.4723775,0.4
zakbrin,0.09375,0.15,0.0375,1,0.75,0.22965000000000002,0.0
zanesuper20,0.24375,0.2625,0.026516504294495556,2,1.0,0.1107825,0.0
zayn,0.0035000000000000005,0.02475,0.006011150353420598,3,0.2,0.03399,0.5454545454545454
zayzay293,1.875,1.875,0.0,1,1.0,0.0896175,0.0
zebra,0.75,0.75,0.0,1,1.0,0.075,0.0
zelord,0.00425,0.00975,0.004821825380496477,1,1.0,0.0021075,0.0
zenonkrivic,0.00178125,0.00825,0.002626912568559742,3,0.875,0.001515,1.0
zeropawnjobs,0.002,0.0037500000000000003,0.0015612494995995998,1,0.6666666666666666,-0.0029250000000000005,0.0
zheoleg,0.007500000000000001,0.007500000000000001,0.0,1,0.5,-0.006750000000000001,0.0
zhorapupikov,0.01877027027027027,0.174,0.0304598252350635,16,0.4864864864864865,-0.010867499999999992,0.43243243243243246
zhuzhik,0.0015,0.0015,0.0,2,1.0,0.0006525,0.0
zigfrid,0.008388888888888888,0.04275,0.011050220441008033,11,0.25925925925925924,-0.060652499999999984,0.2631578947368421
zigzag32,1.5,1.5,0.0,1,1.0,1.5,0.0
zileanbro,0.020625,0.03075,0.013311179511974134,2,0.75,0.069315,0.0
ziriuz84,0.00075,0.00075,0.0,2,1.0,0.00017250000000000002,0.0
zivone,0.007500000000000001,0.007500000000000001,0.0,1,0.0,-0.007500000000000001,0.0
zlatek,0.15,0.15,0.0,1,1.0,0.016815,0.0
zmarat,0.03023076923076923,1.131,0.1361640837089858,38,0.782051282051282,0.25576499999999996,0.3235294117647059
znay22,0.01696,0.1875,0.028874890394632036,39,0.6,-0.19832999999999998,0.3220338983050847
zoidberg128,2.9030454545454543,14.777999999999999,4.1829007784941865,6,0.9090909090909091,5.0134799999999995,0.0
zonova31,0.0375,0.0375,0.0,1,1.0,0.000375,0.0
zontamp,4.905,18.75,8.248458946979127,4,0.8571428571428571,3.6108225,1.0
zoro1958,0.007500000000000001,0.007500000000000001,0.0,1,1.0,0.0037500000000000003,0.0
zuit,0.375,0.375,0.0,1,1.0,0.1820325,0.0
zuko,0.375,0.375,0.0,1,0.0,-0.375,0.0
zum,0.076125,0.15,0.1044750269203124,2,1.0,0.08148,0.0
zviadits,0.019132075471698113,0.183,0.0339180504110496,20,0.8867924528301887,-0.19542,0.16666666666666666
zzanggu,2.9266209677419357,22.5,4.762556189025913,10,0.06451612903225806,-63.002280000000006,0.5
zzanggubank,1.5798333333333334,5.6955,2.0627181399793817,2,0.1111111111111111,106.9060725,0.42857142857142855
